"CN","INVYR","STATECD","COUNTYCD","O3PLOT","FIELD_ID","SPLIT_PLOTID","MEASYEAR","SPECIES_EVAL_CNT","BIOSITE_INDEX","ELEV","PLTSIZE","ASPECT","TERRPOS","SOILDPTH","SOILDRN","PLOTWET","PLTDSTRB","BIOSITE_INDEX_MULTIPLIER","LAT","LON","CREATED_BY","CREATED_DATE","CREATED_IN_INSTANCE","MODIFIED_BY","MODIFIED_DATE","MODIFIED_IN_INSTANCE"
"234062595010661",2009,39,7,7431,743,1,2009,3,0.01451429,1064,1,0,4,1,1,,0,1.45142857142857142857142857142857142857E01,41.543792,-80.776385,"",2010-09-20,"10661","",2010-10-06,"10661"
"234062603010661",2009,39,7,7432,743,2,2009,3,0,1062,1,0,4,1,1,,0,0,41.548749,-80.693135,"",2010-09-20,"10661","",2010-10-06,"10661"
"234062609010661",2009,39,103,5321,532,1,2009,4,0,1188,1,0,4,1,1,,0,0,41.191984,-81.811566,"",2010-09-20,"10661","",2010-10-06,"10661"
"234062619010661",2009,39,103,6151,615,1,2009,2,0,984,2,0,4,1,1,,0,0,41.016574,-81.955158,"",2010-09-20,"10661","",2010-10-06,"10661"
"234062624010661",2009,39,77,13861,1386,1,2009,3,0.00119583,936,1,0,4,1,1,,0,1.19583333333333333333333333333333333333E00,41.046154,-82.746779,"",2010-09-20,"10661","",2010-10-06,"10661"
"234062628010661",2009,39,43,9581,958,1,2009,3,0,623,1,0,4,1,1,,0,0,41.358468,-82.723817,"",2010-09-20,"10661","",2010-10-06,"10661"
"234062636010661",2009,39,173,9181,918,1,2009,3,0.00067556,642,1,0,4,1,1,,0,6.75555555555555555555555555555555555555E-01,41.325164,-83.838499,"",2010-09-20,"10661","",2010-10-06,"10661"
"234062278010661",2009,39,31,3181,318,1,2009,2,0,1114,1,0,4,1,1,,0,0,40.268949,-81.944019,"",2010-09-20,"10661","",2010-10-06,"10661"
"234062614010661",2009,39,55,2351,235,1,2009,3,0,1239,1,340,1,1,1,,0,0,41.509463,-81.219185,"",2010-09-20,"10661","",2010-10-06,"10661"
"234061921010661",2009,39,119,4841,484,1,2009,3,0,1071,1,0,1,1,1,,0,0,39.897398,-81.773387,"",2010-09-20,"10661","",2010-10-06,"10661"
"234058389010661",2008,39,1,3921,392,1,2008,3,0.00067556,925,1,0,4,1,1,,0,6.75555555555555555555555555555555555555E-01,38.8244,-83.642943,"",2010-09-20,"10661","",2010-09-24,"10661"
"234059185010661",2008,39,41,8921,892,1,2008,4,0,942,1,0,4,1,1,,0,0,40.281567,-82.980306,"",2010-09-20,"10661","",2010-09-24,"10661"
"234058811010661",2008,39,71,8741,874,1,2008,3,0,1117,1,0,4,1,1,,0,0,39.323019,-83.602994,"",2010-09-20,"10661","",2010-09-24,"10661"
"234059167010661",2008,39,89,1221,122,1,2008,3,0,1168,1,0,4,1,1,,0,0,40.135732,-82.284851,"",2010-09-20,"10661","",2010-09-24,"10661"
"234058807010661",2008,39,119,11801,1180,1,2008,3,0,808,1,0,4,1,1,,0,0,39.932034,-82.047912,"",2010-09-20,"10661","",2010-09-24,"10661"
"226163718010661",2007,39,71,8741,874,1,2007,3,0,1021,2,0,4,1,1,,0,0,39.323019,-83.602994,"",2010-06-07,"10661","",2010-09-24,"10661"
"226164009010661",2007,39,89,1221,122,1,2007,4,0,1130,1,0,4,1,1,,0,0,40.135732,-82.284851,"",2010-06-07,"10661","",2010-09-24,"10661"
"226163714010661",2007,39,119,11801,1180,1,2007,3,0,790,2,0,4,1,1,,0,0,39.932034,-82.047912,"",2010-06-07,"10661","",2010-09-24,"10661"
"248864075010661",2010,39,79,3701,370,1,2010,4,0,719,1,132,3,1,1,,0,0,38.958645,-82.515822,"",2011-05-24,"10661","",,""
"248864082010661",2010,39,1,3921,392,1,2010,3,0.00028444,666,1,0,4,1,1,,0,2.84444444444444444444444444444444444444E-01,38.8244,-83.642943,"",2011-05-24,"10661","",,""
"248864058010661",2010,39,105,7461,746,1,2010,6,0,888,1,110,1,1,1,,0,0,39.154109,-81.777631,"",2011-05-24,"10661","",,""
"248864088010661",2010,39,145,4511,451,1,2010,4,0,915,1,0,5,1,2,,0,0,38.715805,-83.182044,"",2011-05-24,"10661","",,""
"248864443010661",2010,39,13,15641,1564,1,2010,4,0,1258,2,0,1,1,1,,0,0,40.018719,-81.045819,"",2011-05-24,"10661","",,""
"248864455010661",2010,39,167,10411,1041,1,2010,4,0,628,2,0,4,1,1,,0,0,39.331503,-81.671281,"",2011-05-24,"10661","",,""
"248864469010661",2010,39,119,4841,484,1,2010,3,0,1069,1,0,1,1,1,,0,0,39.897398,-81.773387,"",2011-05-24,"10661","",,""
"248864475010661",2010,39,163,5741,574,1,2010,4,0,937,1,0,1,1,1,,0,0,39.357768,-82.446452,"",2011-05-24,"10661","",,""
"248864481010661",2010,39,131,8671,867,1,2010,4,0,721,1,0,4,1,1,,0,0,39.11922,-83.063307,"",2011-05-24,"10661","",,""
"248864487010661",2010,39,73,1881,188,1,2010,4,0,739,1,0,4,1,1,,0,0,39.41132,-82.716888,"",2011-05-24,"10661","",,""
"248864492010661",2010,39,119,11801,1180,1,2010,3,0,820,1,0,4,1,1,,0,0,39.932034,-82.047912,"",2011-05-24,"10661","",,""
"248864499010661",2010,39,71,8741,874,1,2010,4,0,1148,1,280,4,1,1,,0,0,39.323019,-83.602994,"",2011-05-24,"10661","",,""
"248864506010661",2010,39,71,8742,874,2,2010,5,0,1141,1,0,4,1,1,,0,0,39.3084,-83.5622,"",2011-05-24,"10661","",,""
"248864511010661",2010,39,47,12132,1213,2,2010,1,0,829,1,0,4,1,1,,0,0,39.586292,-83.305128,"",2011-05-24,"10661","",,""
"248864521010661",2010,39,15,6481,648,1,2010,3,0,666,1,0,4,1,1,,0,0,39.100364,-83.906418,"",2011-05-24,"10661","",,""
"248864527010661",2010,39,135,2871,287,1,2010,3,0.00228,973,2,0,4,1,1,,0,2.28,39.576402,-84.698738,"",2011-05-24,"10661","",,""
"248864534010661",2010,39,57,14351,1435,1,2010,5,0,800,1,0,4,1,1,,0,0,39.609909,-84.010468,"",2011-05-24,"10661","",,""
"248864848010661",2010,39,157,8191,819,1,2010,4,0,878,1,0,4,1,1,,0,0,40.463445,-81.431996,"",2011-05-24,"10661","",,""
"248864853010661",2010,39,31,3181,318,1,2010,2,0,1117,1,0,4,1,1,,0,0,40.268949,-81.944019,"",2011-05-24,"10661","",,""
"248864858010661",2010,39,31,3182,318,2,2010,1,0,1117,1,0,4,1,1,,0,0,40.2572,-81.9215,"",2011-05-24,"10661","",,""
"248864864010661",2010,39,151,10621,1062,1,2010,4,0,1127,1,0,4,1,1,,0,0,40.75803,-81.340198,"",2011-05-24,"10661","",,""
"248864870010661",2010,39,151,4531,453,1,2010,5,0,1207,1,0,4,1,1,,0,0,40.885044,-81.228732,"",2011-05-24,"10661","",,""
"248864877010661",2010,39,89,1221,122,1,2010,6,0,1199,1,0,4,1,1,,0,0,40.135732,-82.284851,"",2011-05-24,"10661","",,""
"248864882010661",2010,39,41,8681,868,1,2010,4,0,937,1,0,4,1,2,,0,0,40.348801,-83.135991,"",2011-05-24,"10661","",,""
"248864887010661",2010,39,41,8682,868,2,2010,2,0,974,2,0,4,1,1,,0,0,40.39867,-83.079618,"",2011-05-24,"10661","",,""
"248864892010661",2010,39,169,4701,470,1,2010,4,0,962,2,0,4,1,1,,0,0,40.679701,-82.038926,"",2011-05-24,"10661","",,""
"248864897010661",2010,39,37,4851,485,1,2010,4,0.00313521,1041,1,0,4,1,1,,0,3.13520833333333333333333333333333333333E00,40.199578,-84.501766,"",2011-05-24,"10661","",,""
"248864904010661",2010,39,41,8921,892,1,2010,5,0.000608,949,1,100,4,1,1,,0,0.608,40.281567,-82.980306,"",2011-05-24,"10661","",,""
"248864909010661",2010,39,175,6571,657,1,2010,4,0,828,1,0,4,1,1,,0,0,40.880481,-83.404792,"",2011-05-24,"10661","",,""
"248865174010661",2010,39,155,1461,146,1,2010,5,0.00040533,956,1,0,4,1,1,,0,4.05333333333333333333333333333333333333E-01,41.332312,-80.87382,"",2011-05-24,"10661","",,""
"248865181010661",2010,39,7,7431,743,1,2010,3,0.00200778,1061,1,0,4,1,1,,0,2.00777777777777777777777777777777777778E00,41.543792,-80.776385,"",2011-05-24,"10661","",,""
"248865188010661",2010,39,7,7432,743,2,2010,5,0,1066,1,0,4,1,1,,0,0,41.548749,-80.693135,"",2011-05-24,"10661","",,""
"248865200010661",2010,39,55,2351,235,1,2010,3,0,1212,1,340,1,1,1,,0,0,41.509463,-81.219185,"",2011-05-24,"10661","",,""
"248865206010661",2010,39,103,6151,615,1,2010,3,0,972,2,0,4,1,1,,0,0,41.016574,-81.955158,"",2011-05-24,"10661","",,""
"248865213010661",2010,39,77,13861,1386,1,2010,4,0.00050667,939,1,0,4,1,1,,0,5.06666666666666666666666666666666666666E-01,41.046154,-82.746779,"",2011-05-24,"10661","",,""
"248865219010661",2010,39,43,9581,958,1,2010,5,0.00084267,647,1,0,4,1,1,,0,8.42666666666666666666666666666666666667E-01,41.358468,-82.723817,"",2011-05-24,"10661","",,""
"248865229010661",2010,39,173,9181,918,1,2010,4,0,688,1,0,4,1,1,,1,0,41.325164,-83.838499,"",2011-05-24,"10661","",,""
"248865235010661",2010,39,173,9182,918,2,2010,3,0,616,2,0,4,1,1,,1,0,41.3371,-83.8288,"",2011-05-24,"10661","",,""
"248864516010661",2010,39,129,12131,1213,1,2010,2,0.00018667,881,1,0,4,1,1,,0,1.86666666666666666666666666666666666666E-01,39.5984,-83.2513,"",2011-05-24,"10661","",,""
"248865195010661",2010,39,35,5321,532,1,2010,4,0,636,1,0,4,1,1,,0,0,41.3342,-81.623,"",2011-05-24,"10661","",,""
"234061544010661",2009,39,145,4511,451,1,2009,5,0,930,1,0,5,1,2,,0,0,38.715805,-83.182044,"",2010-09-20,"10661","",2010-10-06,"10661"
"234061949010661",2009,39,71,8741,874,1,2009,3,0,1128,2,0,4,1,1,,0,0,39.323019,-83.602994,"",2010-09-20,"10661","",2010-10-06,"10661"
"234062283010661",2009,39,151,10621,1062,1,2009,3,0,1119,2,0,4,1,1,,0,0,40.75803,-81.340198,"",2010-09-20,"10661","",2010-10-06,"10661"
"234062309010661",2009,39,37,4851,485,1,2009,3,0.02048778,1027,1,0,4,1,1,,0,2.04877777777777777777777777777777777778E01,40.199578,-84.501766,"",2010-09-20,"10661","",2010-10-06,"10661"
"226149612010661",2002,39,1,3921,392,1,2002,3,0,964,1,220,4,1,1,,0,0,38.8244,-83.642943,"",2010-06-07,"10661","",2010-09-24,"10661"
"226150444010661",2002,39,7,7431,743,1,2002,6,0,1059,1,0,4,1,2,,0,0,41.543792,-80.776385,"",2010-06-07,"10661","",2010-09-24,"10661"
"226149881010661",2002,39,13,15641,1564,1,2002,5,0,1201,1,285,3,1,1,,0,0,40.018719,-81.045819,"",2010-06-07,"10661","",2010-09-24,"10661"
"226149930010661",2002,39,15,6481,648,1,2002,4,0.00786,900,1,188,3,1,3,,0,7.86,39.100364,-83.906418,"",2010-06-07,"10661","",2010-09-24,"10661"
"226150200010661",2002,39,37,4851,485,1,2002,3,0.00007339,1000,1,80,1,1,1,,0,7.33870967741935483870967741935483870967E-02,40.199578,-84.501766,"",2010-06-07,"10661","",2010-09-24,"10661"
"226150192010661",2002,39,41,8681,868,1,2002,3,0,871,1,0,4,1,1,,0,0,40.348801,-83.135991,"",2010-06-07,"10661","",2010-09-24,"10661"
"226150204010661",2002,39,41,8921,892,1,2002,3,0,960,1,330,4,1,1,,0,0,40.286902,-82.928937,"",2010-06-07,"10661","",2010-09-24,"10661"
"226150465010661",2002,39,43,9581,958,1,2002,3,0.00333556,620,1,0,4,1,1,,0,3.33555555555555555555555555555555555557E00,41.358468,-82.723817,"",2010-06-07,"10661","",2010-09-24,"10661"
"226149925010661",2002,39,47,12131,1213,1,2002,3,0,837,1,90,3,1,1,,0,0,39.586292,-83.305128,"",2010-06-07,"10661","",2010-09-24,"10661"
"226149939010661",2002,39,57,14351,1435,1,2002,4,0,863,1,98,4,1,3,,0,0,39.609909,-84.010468,"",2010-06-07,"10661","",2010-09-24,"10661"
"226150177010661",2002,39,59,3181,318,1,2002,4,0,804,1,15,3,1,1,,0,0,40.111286,-81.622874,"",2010-06-07,"10661","",2010-09-24,"10661"
"226149921010661",2002,39,71,8741,874,1,2002,3,0,1122,1,357,4,1,1,,0,0,39.323019,-83.602994,"",2010-06-07,"10661","",2010-09-24,"10661"
"226149914010661",2002,39,73,1881,188,1,2002,5,0.00067118,1066,2,277,1,1,1,,0,6.71176470588235294117647058823529411765E-01,39.468412,-82.604922,"",2010-06-07,"10661","",2010-09-24,"10661"
"226150461010661",2002,39,77,13861,1386,1,2002,3,0,930,1,0,4,1,1,,0,0,41.046154,-82.746779,"",2010-06-07,"10661","",2010-09-24,"10661"
"226149608010661",2002,39,79,3701,370,1,2002,3,0.01260972,665,1,0,5,1,1,,0,1.26097222222222222222222222222222222222E01,38.958645,-82.515822,"",2010-06-07,"10661","",2010-09-24,"10661"
"226150454010661",2002,39,85,2351,235,1,2002,5,0.00017306,975,1,0,4,1,1,,0,1.73064516129032258064516129032258064516E-01,41.687595,-81.261132,"",2010-06-07,"10661","",2010-09-24,"10661"
"226150188010661",2002,39,89,1221,122,1,2002,2,0,1114,1,0,4,1,1,,0,0,40.151518,-82.383651,"",2010-06-07,"10661","",2010-09-24,"10661"
"226150437010661",2002,39,99,1461,146,1,2002,3,0,1055,1,0,4,1,1,,0,0,41.123607,-80.862233,"",2010-06-07,"10661","",2010-09-24,"10661"
"226150448010661",2002,39,103,5321,532,1,2002,3,0.01030222,1165,1,0,4,1,1,,0,1.03022222222222222222222222222222222222E01,41.191984,-81.811566,"",2010-06-07,"10661","",2010-09-24,"10661"
"226150457010661",2002,39,103,6151,615,1,2002,2,0,955,1,0,4,1,1,,0,0,41.016574,-81.955158,"",2010-06-07,"10661","",2010-09-24,"10661"
"226149596010661",2002,39,105,7461,746,1,2002,3,0,656,1,70,1,1,1,,0,0,39.118137,-81.838284,"",2010-06-07,"10661","",2010-09-24,"10661"
"226149898010661",2002,39,111,4841,484,1,2002,4,0.0074875,1013,1,130,3,1,1,,0,7.4875,39.708849,-81.149776,"",2010-06-07,"10661","",2010-09-24,"10661"
"226149917010661",2002,39,119,11801,1180,1,2002,2,0,780,2,0,1,1,1,,0,0,39.932034,-82.047912,"",2010-06-07,"10661","",2010-09-24,"10661"
"226149934010661",2002,39,135,2871,287,1,2002,3,0,955,1,60,4,1,1,,0,0,39.576402,-84.698738,"",2010-06-07,"10661","",2010-09-24,"10661"
"226149619010661",2002,39,145,4511,451,1,2002,6,0,568,1,277,3,1,1,,0,0,38.809355,-82.932933,"",2010-06-07,"10661","",2010-09-24,"10661"
"226150180010661",2002,39,151,10621,1062,1,2002,2,0,1139,1,125,3,1,1,,0,0,40.75803,-81.340198,"",2010-06-07,"10661","",2010-09-24,"10661"
"226150185010661",2002,39,151,4531,453,1,2002,4,0,1215,1,0,4,1,1,,0,0,40.885044,-81.228732,"",2010-06-07,"10661","",2010-09-24,"10661"
"226149902010661",2002,39,163,5741,574,1,2002,3,0,708,1,52,3,1,1,,0,0,39.324782,-82.54242,"",2010-06-07,"10661","",2010-09-24,"10661"
"226149889010661",2002,39,167,10411,1041,1,2002,3,0,778,1,171,1,1,1,,0,0,39.465234,-81.483839,"",2010-06-07,"10661","",2010-09-24,"10661"
"226150196010661",2002,39,169,4701,470,1,2002,3,0,1088,1,0,2,1,1,,0,0,40.679701,-82.038926,"",2010-06-07,"10661","",2010-09-24,"10661"
"226150477010661",2002,39,173,9181,918,1,2002,3,0,629,2,0,4,1,1,,0,0,41.325164,-83.838499,"",2010-06-07,"10661","",2010-09-24,"10661"
"234058367010661",2008,39,105,7461,746,1,2008,4,0,642,1,65,1,1,1,,0,0,39.118137,-81.838284,"",2010-09-20,"10661","",2010-09-24,"10661"
"234058790010661",2008,39,111,4841,484,1,2008,4,0,954,1,0,4,1,1,,0,0,39.708849,-81.149776,"",2010-09-20,"10661","",2010-09-24,"10661"
"234058799010661",2008,39,131,8671,867,1,2008,3,0.00871379,719,1,0,4,1,1,,0,8.71379310344827586206896551724137931033E00,39.11922,-83.063307,"",2010-09-20,"10661","",2010-09-24,"10661"
"234058824010661",2008,39,135,2871,287,1,2008,3,0,965,1,0,4,1,1,,0,0,39.576402,-84.698738,"",2010-09-20,"10661","",2010-09-24,"10661"
"234058394010661",2008,39,145,4511,451,1,2008,3,0,581,1,0,4,1,1,,0,0,38.809355,-82.932933,"",2010-09-20,"10661","",2010-09-24,"10661"
"234059158010661",2008,39,151,10621,1062,1,2008,3,0,1111,2,0,4,1,1,,0,0,40.75803,-81.340198,"",2010-09-20,"10661","",2010-09-24,"10661"
"234058795010661",2008,39,163,5741,574,1,2008,3,0,949,1,100,1,1,1,,0,0,39.357768,-82.446452,"",2010-09-20,"10661","",2010-09-24,"10661"
"234058773010661",2008,39,167,10411,1041,1,2008,3,0,650,1,0,4,1,1,,0,0,39.331503,-81.671281,"",2010-09-20,"10661","",2010-09-24,"10661"
"234059176010661",2008,39,169,4701,470,1,2008,3,0,960,2,0,4,1,1,,0,0,40.679701,-82.038926,"",2010-09-20,"10661","",2010-09-24,"10661"
"234059488010661",2008,39,173,9181,918,1,2008,3,0,642,1,0,4,1,1,,0,0,41.325164,-83.838499,"",2010-09-20,"10661","",2010-09-24,"10661"
"234059189010661",2008,39,175,6571,657,1,2008,3,0,802,1,0,4,1,1,,0,0,40.880481,-83.404792,"",2010-09-20,"10661","",2010-09-24,"10661"
"226161543010661",2006,39,7,7431,743,1,2006,3,0,960,1,0,4,1,2,,0,0,41.543792,-80.776385,"",2010-06-07,"10661","",2010-09-24,"10661"
"226161010010661",2006,39,13,15641,1564,1,2006,3,0,1150,1,0,4,1,1,,0,0,40.018719,-81.045819,"",2010-06-07,"10661","",2010-09-24,"10661"
"226161056010661",2006,39,15,6481,648,1,2006,3,0.00067556,815,1,0,4,1,1,,0,6.75555555555555555555555555555555555555E-01,39.100364,-83.906418,"",2010-06-07,"10661","",2010-09-24,"10661"
"226161341010661",2006,39,37,4851,485,1,2006,3,0.00302659,929,1,0,4,1,1,,0,3.02659498207885304659498207885304659498E00,40.199578,-84.501766,"",2010-06-07,"10661","",2010-09-24,"10661"
"226161332010661",2006,39,41,8681,868,1,2006,3,0,822,1,0,4,1,1,,0,0,40.348801,-83.135991,"",2010-06-07,"10661","",2010-09-24,"10661"
"226161345010661",2006,39,41,8921,892,1,2006,3,0.00018667,830,1,0,4,1,1,,0,1.86666666666666666666666666666666666667E-01,40.281567,-82.980306,"",2010-06-07,"10661","",2010-09-24,"10661"
"226161563010661",2006,39,43,9581,958,1,2006,3,0,514,1,0,4,1,1,,0,0,41.358468,-82.723817,"",2010-06-07,"10661","",2010-09-24,"10661"
"226161052010661",2006,39,47,12131,1213,1,2006,3,0,750,1,0,4,1,1,,0,0,39.586292,-83.305128,"",2010-06-07,"10661","",2010-09-24,"10661"
"226161064010661",2006,39,57,14351,1435,1,2006,3,0,802,1,0,4,1,1,,0,0,39.609909,-84.010468,"",2010-06-07,"10661","",2010-09-24,"10661"
"226161316010661",2006,39,59,3181,318,1,2006,3,0,703,1,10,3,1,1,,0,0,40.111286,-81.622874,"",2010-06-07,"10661","",2010-09-24,"10661"
"226161048010661",2006,39,71,8741,874,1,2006,3,0,1024,1,0,4,1,1,,0,0,39.323019,-83.602994,"",2010-06-07,"10661","",2010-09-24,"10661"
"226161040010661",2006,39,73,1881,188,1,2006,3,0,1142,1,0,1,1,1,,0,0,39.468412,-82.604922,"",2010-06-07,"10661","",2010-09-24,"10661"
"226161559010661",2006,39,77,13861,1386,1,2006,3,0,785,1,0,4,1,1,,0,0,41.046154,-82.746779,"",2010-06-07,"10661","",2010-09-24,"10661"
"226160721010661",2006,39,79,3701,370,1,2006,3,0,628,1,0,4,1,1,,0,0,38.958645,-82.515822,"",2010-06-07,"10661","",2010-09-24,"10661"
"226161551010661",2006,39,85,2351,235,1,2006,3,0,920,1,0,4,1,1,,0,0,41.687595,-81.261132,"",2010-06-07,"10661","",2010-09-24,"10661"
"226161328010661",2006,39,89,1221,122,1,2006,3,0.00007583,1069,1,0,3,1,1,,0,7.58333333333333333333333333333333333333E-02,40.142783,-82.221979,"",2010-06-07,"10661","",2010-09-24,"10661"
"226161547010661",2006,39,103,5321,532,1,2006,3,0.00127167,1066,1,0,4,1,1,,0,1.27166666666666666666666666666666666667E00,41.191984,-81.811566,"",2010-06-07,"10661","",2010-09-24,"10661"
"226161555010661",2006,39,103,6151,615,1,2006,3,0,841,1,0,4,1,1,,0,0,41.016574,-81.955158,"",2010-06-07,"10661","",2010-09-24,"10661"
"226160708010661",2006,39,105,7461,746,1,2006,4,0,485,1,65,1,1,1,,0,0,39.118137,-81.838284,"",2010-06-07,"10661","",2010-09-24,"10661"
"226161028010661",2006,39,111,4841,484,1,2006,3,0,984,1,130,3,1,1,,0,0,39.708849,-81.149776,"",2010-06-07,"10661","",2010-09-24,"10661"
"226161044010661",2006,39,119,11801,1180,1,2006,3,0.00089111,687,1,310,1,1,1,,0,8.91111111111111111111111111111111111111E-01,39.932034,-82.047912,"",2010-06-07,"10661","",2010-09-24,"10661"
"226161036010661",2006,39,131,8671,867,1,2006,3,0.00380444,609,1,0,4,1,1,,0,3.80444444444444444444444444444444444443E00,39.11922,-83.063307,"",2010-06-07,"10661","",2010-09-24,"10661"
"226160725010661",2006,39,1,3921,392,1,2006,3,0,887,1,0,4,1,1,,0,0,38.8244,-83.642943,"",2010-06-07,"10661","",2010-09-24,"10661"
"226161060010661",2006,39,135,2871,287,1,2006,3,0,863,1,0,4,1,1,,0,0,39.576402,-84.698738,"",2010-06-07,"10661","",2010-09-24,"10661"
"226160729010661",2006,39,145,4511,451,1,2006,3,0,440,1,0,4,1,1,,0,0,38.809355,-82.932933,"",2010-06-07,"10661","",2010-09-24,"10661"
"226161320010661",2006,39,151,10621,1062,1,2006,3,0,1034,1,0,4,1,1,,0,0,40.75803,-81.340198,"",2010-06-07,"10661","",2010-09-24,"10661"
"226161324010661",2006,39,151,4531,453,1,2006,3,0,1114,1,0,4,1,1,,0,0,40.885044,-81.228732,"",2010-06-07,"10661","",2010-09-24,"10661"
"226161539010661",2006,39,155,1461,146,1,2006,4,0,813,1,0,4,1,1,,0,0,41.332312,-80.87382,"",2010-06-07,"10661","",2010-09-24,"10661"
"226161312010661",2006,39,157,8191,819,1,2006,3,0,787,1,0,4,1,1,,0,0,40.463445,-81.431996,"",2010-06-07,"10661","",2010-09-24,"10661"
"226161032010661",2006,39,163,5741,574,1,2006,3,0,807,1,192,1,1,1,,0,0,39.357768,-82.446452,"",2010-06-07,"10661","",2010-09-24,"10661"
"226161020010661",2006,39,167,10411,1041,1,2006,3,0,557,1,0,4,1,1,,0,0,39.331503,-81.671281,"",2010-06-07,"10661","",2010-09-24,"10661"
"226161337010661",2006,39,169,4701,470,1,2006,4,0,947,1,0,3,1,1,,0,0,40.679701,-82.038926,"",2010-06-07,"10661","",2010-09-24,"10661"
"226161571010661",2006,39,173,9181,918,1,2006,3,0,541,1,0,4,1,1,,0,0,41.325164,-83.838499,"",2010-06-07,"10661","",2010-09-24,"10661"
"226161349010661",2006,39,175,6571,657,1,2006,3,0,745,1,0,4,1,1,,0,0,40.880481,-83.404792,"",2010-06-07,"10661","",2010-09-24,"10661"
"226163404010661",2007,39,145,4511,451,1,2007,4,0,475,1,0,4,1,1,,0,0,38.809355,-82.932933,"",2010-06-07,"10661","",2010-09-24,"10661"
"226164000010661",2007,39,151,10621,1062,1,2007,4,0,1030,2,0,4,1,1,,0,0,40.75803,-81.340198,"",2010-06-07,"10661","",2010-09-24,"10661"
"226164004010661",2007,39,151,4531,453,1,2007,3,0,1115,1,0,4,1,1,,0,0,40.885044,-81.228732,"",2010-06-07,"10661","",2010-09-24,"10661"
"226164247010661",2007,39,155,1461,146,1,2007,4,0,832,1,0,4,1,1,,0,0,41.332312,-80.87382,"",2010-06-07,"10661","",2010-09-24,"10661"
"226163991010661",2007,39,157,8191,819,1,2007,3,0,794,2,0,4,1,1,,0,0,40.463445,-81.431996,"",2010-06-07,"10661","",2010-09-24,"10661"
"226163700010661",2007,39,163,5741,574,1,2007,3,0,772,2,0,4,1,1,,0,0,39.357768,-82.446452,"",2010-06-07,"10661","",2010-09-24,"10661"
"226163686010661",2007,39,167,10411,1041,1,2007,3,0.00722889,547,2,0,4,1,1,,1,7.2288888888888888888888888888888888889E00,39.331503,-81.671281,"",2010-06-07,"10661","",2010-09-24,"10661"
"226164021010661",2007,39,169,4701,470,1,2007,4,0,846,2,0,4,1,1,,0,0,40.679701,-82.038926,"",2010-06-07,"10661","",2010-09-24,"10661"
"226164281010661",2007,39,173,9181,918,1,2007,3,0,569,1,0,4,1,1,,0,0,41.325164,-83.838499,"",2010-06-07,"10661","",2010-09-24,"10661"
"226164033010661",2007,39,175,6571,657,1,2007,3,0,718,1,0,4,1,1,,0,0,40.880481,-83.404792,"",2010-06-07,"10661","",2010-09-24,"10661"
"226163399010661",2007,39,1,3921,392,1,2007,4,0,851,1,0,4,1,1,,0,0,38.8244,-83.642943,"",2010-06-07,"10661","",2010-09-24,"10661"
"226164251010661",2007,39,7,7431,743,1,2007,3,0,960,2,0,4,1,1,,0,0,41.543792,-80.776385,"",2010-06-07,"10661","",2010-09-24,"10661"
"226163678010661",2007,39,13,15641,1564,1,2007,3,0,1206,1,0,4,1,1,,0,0,40.018719,-81.045819,"",2010-06-07,"10661","",2010-09-24,"10661"
"226163727010661",2007,39,15,6481,648,1,2007,3,0,831,2,0,4,1,1,,0,0,39.100364,-83.906418,"",2010-06-07,"10661","",2010-09-24,"10661"
"226164025010661",2007,39,37,4851,485,1,2007,3,0.00155361,923,2,10,3,1,1,,0,1.55361111111111111111111111111111111111E00,40.199578,-84.501766,"",2010-06-07,"10661","",2010-09-24,"10661"
"226164013010661",2007,39,41,8681,868,1,2007,3,0.00167667,846,1,0,4,1,1,,0,1.67666666666666666666666666666666666667E00,40.348801,-83.135991,"",2010-06-07,"10661","",2010-09-24,"10661"
"226164016010661",2007,39,41,8682,868,2,2007,2,0,852,1,0,4,1,1,,0,0,40.39867,-83.079618,"",2010-06-07,"10661","",2010-09-24,"10661"
"226164029010661",2007,39,41,8921,892,1,2007,3,0.00389444,810,1,0,4,1,1,,0,3.89444444444444444444444444444444444443E00,40.281567,-82.980306,"",2010-06-07,"10661","",2010-09-24,"10661"
"226164271010661",2007,39,43,9581,958,1,2007,3,0,498,1,0,4,1,1,,0,0,41.358468,-82.723817,"",2010-06-07,"10661","",2010-09-24,"10661"
"226163723010661",2007,39,47,12131,1213,1,2007,4,0,775,1,0,4,1,1,,0,0,39.586292,-83.305128,"",2010-06-07,"10661","",2010-09-24,"10661"
"226163735010661",2007,39,57,14351,1435,1,2007,3,0,766,1,0,4,1,1,,0,0,39.609909,-84.010468,"",2010-06-07,"10661","",2010-09-24,"10661"
"226163995010661",2007,39,59,3181,318,1,2007,3,0,738,1,10,3,1,1,,0,0,40.111286,-81.622874,"",2010-06-07,"10661","",2010-09-24,"10661"
"226163710010661",2007,39,73,1881,188,1,2007,5,0,1142,1,0,4,1,1,,0,0,39.468412,-82.604922,"",2010-06-07,"10661","",2010-09-24,"10661"
"226164267010661",2007,39,77,13861,1386,1,2007,3,0,825,1,0,4,1,1,,0,0,41.046154,-82.746779,"",2010-06-07,"10661","",2010-09-24,"10661"
"226163394010661",2007,39,79,3701,370,1,2007,4,0,630,2,0,4,1,1,,0,0,38.958645,-82.515822,"",2010-06-07,"10661","",2010-09-24,"10661"
"226164259010661",2007,39,85,2351,235,1,2007,3,0,884,1,0,4,1,1,,0,0,41.687595,-81.261132,"",2010-06-07,"10661","",2010-09-24,"10661"
"226164255010661",2007,39,103,5321,532,1,2007,3,0,1066,1,0,4,1,1,,0,0,41.191984,-81.811566,"",2010-06-07,"10661","",2010-09-24,"10661"
"226164263010661",2007,39,103,6151,615,1,2007,3,0,836,1,0,4,1,1,,0,0,41.016574,-81.955158,"",2010-06-07,"10661","",2010-09-24,"10661"
"226163381010661",2007,39,105,7461,746,1,2007,5,0,537,1,65,1,1,1,,0,0,39.118137,-81.838284,"",2010-06-07,"10661","",2010-09-24,"10661"
"226163696010661",2007,39,111,4841,484,1,2007,4,0,984,2,0,4,1,1,,0,0,39.708849,-81.149776,"",2010-06-07,"10661","",2010-09-24,"10661"
"226163704010661",2007,39,131,8671,867,1,2007,3,0,595,1,0,4,1,1,,0,0,39.11922,-83.063307,"",2010-06-07,"10661","",2010-09-24,"10661"
"234059163010661",2008,39,151,4531,453,1,2008,4,0,1211,1,0,4,1,1,,0,0,40.885044,-81.228732,"",2010-09-20,"10661","",2010-09-24,"10661"
"234059447010661",2008,39,155,1461,146,1,2008,4,0,929,1,0,4,1,1,,0,0,41.332312,-80.87382,"",2010-09-20,"10661","",2010-09-24,"10661"
"234059150010661",2008,39,157,8191,819,1,2008,4,0,907,2,0,4,1,1,,0,0,40.463445,-81.431996,"",2010-09-20,"10661","",2010-09-24,"10661"
"226163731010661",2007,39,135,2871,287,1,2007,3,0,858,1,0,4,1,1,,0,0,39.576402,-84.698738,"",2010-06-07,"10661","",2010-09-24,"10661"
"234059453010661",2008,39,7,7431,743,1,2008,5,0,1045,1,0,4,1,1,,0,0,41.543792,-80.776385,"",2010-09-20,"10661","",2010-09-24,"10661"
"234058760010661",2008,39,13,15641,1564,1,2008,3,0,1224,2,0,4,1,1,,0,0,40.018719,-81.045819,"",2010-09-20,"10661","",2010-09-24,"10661"
"234058820010661",2008,39,15,6481,648,1,2008,3,0,928,1,0,4,1,1,,0,0,39.100364,-83.906418,"",2010-09-20,"10661","",2010-09-24,"10661"
"234059180010661",2008,39,37,4851,485,1,2008,3,0.0049,1040,1,0,4,1,1,,0,4.9,40.199578,-84.501766,"",2010-09-20,"10661","",2010-09-24,"10661"
"234059171010661",2008,39,41,8681,868,1,2008,3,0,971,1,0,4,1,1,,0,0,40.348801,-83.135991,"",2010-09-20,"10661","",2010-09-24,"10661"
"234059478010661",2008,39,43,9581,958,1,2008,3,0.0034,599,1,0,4,1,1,,0,3.4,41.358468,-82.723817,"",2010-09-20,"10661","",2010-09-24,"10661"
"234058815010661",2008,39,47,12131,1213,1,2008,3,0,884,1,0,4,1,1,,0,0,39.586292,-83.305128,"",2010-09-20,"10661","",2010-09-24,"10661"
"234058832010661",2008,39,57,14351,1435,1,2008,5,0,960,1,0,4,1,1,,0,0,39.609909,-84.010468,"",2010-09-20,"10661","",2010-09-24,"10661"
"234059154010661",2008,39,59,3181,318,1,2008,3,0,815,1,0,4,1,1,,0,0,40.111286,-81.622874,"",2010-09-20,"10661","",2010-09-24,"10661"
"234058803010661",2008,39,73,1881,188,1,2008,3,0,1241,1,0,4,1,1,,0,0,39.468412,-82.604922,"",2010-09-20,"10661","",2010-09-24,"10661"
"234059474010661",2008,39,77,13861,1386,1,2008,3,0,926,1,0,4,1,1,,0,0,41.046154,-82.746779,"",2010-09-20,"10661","",2010-09-24,"10661"
"234058385010661",2008,39,79,3701,370,1,2008,5,0,721,1,100,3,1,1,,0,0,38.958645,-82.515822,"",2010-09-20,"10661","",2010-09-24,"10661"
"234059465010661",2008,39,85,2351,235,1,2008,5,0,1011,1,0,4,1,1,,0,0,41.687595,-81.261132,"",2010-09-20,"10661","",2010-09-24,"10661"
"234059459010661",2008,39,103,5321,532,1,2008,4,0,1207,1,0,4,1,1,,0,0,41.191984,-81.811566,"",2010-09-20,"10661","",2010-09-24,"10661"
"234059470010661",2008,39,103,6151,615,1,2008,3,0,955,1,0,4,1,1,,0,0,41.016574,-81.955158,"",2010-09-20,"10661","",2010-09-24,"10661"
"234061509010661",2009,39,105,7461,746,1,2009,7,0,886,1,110,1,1,1,,0,0,39.154109,-81.777631,"",2010-09-20,"10661","",2010-10-06,"10661"
"234061533010661",2009,39,79,3701,370,1,2009,5,0,718,1,132,3,1,1,,0,0,38.958645,-82.515822,"",2010-09-20,"10661","",2010-10-06,"10661"
"234061537010661",2009,39,1,3921,392,1,2009,3,0,956,1,0,4,1,1,,0,0,38.8244,-83.642943,"",2010-09-20,"10661","",2010-10-06,"10661"
"234061891010661",2009,39,13,15641,1564,1,2009,4,0,1193,2,0,1,1,1,,0,0,40.018719,-81.045819,"",2010-09-20,"10661","",2010-10-06,"10661"
"234061904010661",2009,39,167,10411,1041,1,2009,3,0,639,2,0,4,1,1,,0,0,39.331503,-81.671281,"",2010-09-20,"10661","",2010-10-06,"10661"
"234061927010661",2009,39,163,5741,574,1,2009,5,0,953,1,0,1,1,1,,0,0,39.357768,-82.446452,"",2010-09-20,"10661","",2010-10-06,"10661"
"234061932010661",2009,39,131,8671,867,1,2009,4,0,701,1,0,4,1,1,,0,0,39.11922,-83.063307,"",2010-09-20,"10661","",2010-10-06,"10661"
"234061940010661",2009,39,73,1881,188,1,2009,3,0,711,1,0,4,1,1,,0,0,39.41132,-82.716888,"",2010-09-20,"10661","",2010-10-06,"10661"
"234061944010661",2009,39,119,11801,1180,1,2009,3,0.00006222,808,1,0,4,1,1,,0,6.2222222222222222222222222222222222222E-02,39.932034,-82.047912,"",2010-09-20,"10661","",2010-10-06,"10661"
"234061953010661",2009,39,47,12131,1213,1,2009,3,0,877,1,0,4,1,1,,0,0,39.586292,-83.305128,"",2010-09-20,"10661","",2010-10-06,"10661"
"234061957010661",2009,39,15,6481,648,1,2009,3,0,921,1,0,4,1,1,,0,0,39.100364,-83.906418,"",2010-09-20,"10661","",2010-10-06,"10661"
"234061961010661",2009,39,135,2871,287,1,2009,3,0,974,1,0,4,1,1,,0,0,39.576402,-84.698738,"",2010-09-20,"10661","",2010-10-06,"10661"
"234061967010661",2009,39,57,14351,1435,1,2009,5,0,882,1,0,4,1,1,,0,0,39.609909,-84.010468,"",2010-09-20,"10661","",2010-10-06,"10661"
"234062273010661",2009,39,157,8191,819,1,2009,4,0,995,2,0,4,1,1,,0,0,40.463445,-81.431996,"",2010-09-20,"10661","",2010-10-06,"10661"
"234062288010661",2009,39,151,4531,453,1,2009,3,0,1220,1,0,4,1,1,,0,0,40.885044,-81.228732,"",2010-09-20,"10661","",2010-10-06,"10661"
"234062292010661",2009,39,89,1221,122,1,2009,3,0,1163,1,0,4,1,1,,0,0,40.135732,-82.284851,"",2010-09-20,"10661","",2010-10-06,"10661"
"234062296010661",2009,39,41,8681,868,1,2009,2,0,952,2,0,4,1,2,,0,0,40.348801,-83.135991,"",2010-09-20,"10661","",2010-10-06,"10661"
"234062300010661",2009,39,41,8682,868,2,2009,1,0,966,2,0,4,1,1,,0,0,40.39867,-83.079618,"",2010-09-20,"10661","",2010-10-06,"10661"
"234062305010661",2009,39,169,4701,470,1,2009,3,0,1132,2,0,4,1,1,,0,0,40.679701,-82.038926,"",2010-09-20,"10661","",2010-10-06,"10661"
"234062314010661",2009,39,41,8921,892,1,2009,4,0,921,1,0,4,1,1,,0,0,40.281567,-82.980306,"",2010-09-20,"10661","",2010-10-06,"10661"
"234062318010661",2009,39,175,6571,657,1,2009,3,0,822,2,0,4,1,1,,0,0,40.880481,-83.404792,"",2010-09-20,"10661","",2010-10-06,"10661"
"234062587010661",2009,39,155,1461,146,1,2009,3,0,954,1,0,4,1,1,,0,0,41.332312,-80.87382,"",2010-09-20,"10661","",2010-10-06,"10661"
"226137863010661",2000,39,1,11491,1149,1,2000,3,0,775,3,0,5,1,1,,0,0,38.86438,-83.383589,"",2010-06-07,"10661","",2010-09-24,"10661"
"226152351010661",2003,39,1,3921,392,1,2003,3,0,940,1,0,3,1,1,,0,0,38.8244,-83.642943,"",2010-06-07,"10661","",2010-09-24,"10661"
"226153193010661",2003,39,7,7431,743,1,2003,4,0,1069,2,0,4,1,1,,0,0,41.543792,-80.776385,"",2010-06-07,"10661","",2010-09-24,"10661"
"226152606010661",2003,39,13,15641,1564,1,2003,5,0,1224,1,230,3,1,1,,0,0,40.018719,-81.045819,"",2010-06-07,"10661","",2010-09-24,"10661"
"226152656010661",2003,39,15,6481,648,1,2003,4,0,910,2,0,3,1,1,,0,0,39.100364,-83.906418,"",2010-06-07,"10661","",2010-09-24,"10661"
"226152956010661",2003,39,37,4851,485,1,2003,3,0,1017,1,0,4,1,1,,0,0,40.199578,-84.501766,"",2010-06-07,"10661","",2010-09-24,"10661"
"226152947010661",2003,39,41,8681,868,1,2003,4,0.00020645,939,1,0,4,1,1,,0,2.06451612903225806451612903225806451613E-01,40.348801,-83.135991,"",2010-06-07,"10661","",2010-09-24,"10661"
"226152962010661",2003,39,41,8921,892,1,2003,5,0,950,1,0,4,1,1,,0,0,40.286902,-82.928937,"",2010-06-07,"10661","",2010-09-24,"10661"
"226137784010661",2000,39,5,9191,919,1,2000,4,0,1350,1,0,1,1,1,,0,0,40.655874,-82.277678,"",2010-06-07,"10661","",2010-09-24,"10661"
"226137791010661",2000,39,67,10341,1034,1,2000,3,0.01568056,1260,1,122,1,2,1,,0,1.56805555555555555555555555555555555556E01,40.300738,-81.114495,"",2010-06-07,"10661","",2010-09-24,"10661"
"226137770010661",2000,39,69,3461,346,1,2000,3,0,465,2,0,5,1,1,,0,0,41.475066,-83.898786,"",2010-06-07,"10661","",2010-09-24,"10661"
"226137817010661",2000,39,73,2051,205,1,2000,4,0,1120,2,120,1,1,1,,0,0,39.471242,-82.572194,"",2010-06-07,"10661","",2010-09-24,"10661"
"226137841010661",2000,39,79,1841,184,1,2000,3,0,710,2,0,5,1,1,,0,0,39.17169,-82.631752,"",2010-06-07,"10661","",2010-09-24,"10661"
"226137871010661",2000,39,87,301,30,1,2000,5,0,970,3,0,1,1,1,,0,0,38.660739,-82.570485,"",2010-06-07,"10661","",2010-09-24,"10661"
"226137836010661",2000,39,105,2421,242,1,2000,3,0.1548,810,1,180,1,1,1,,0,154.8,39.159237,-81.84523,"",2010-06-07,"10661","",2010-09-24,"10661"
"226137805010661",2000,39,119,5291,529,1,2000,3,0,740,1,0,5,1,1,,0,0,39.871971,-81.789791,"",2010-06-07,"10661","",2010-09-24,"10661"
"226137811010661",2000,39,127,10451,1045,1,2000,4,0.00226181,1060,2,360,5,2,3,,0,2.26180555555555555555555555555555555556E00,39.797328,-82.292512,"",2010-06-07,"10661","",2010-09-24,"10661"
"226137858010661",2000,39,131,4601,460,1,2000,4,0,1215,2,0,1,1,1,,0,0,39.175657,-83.265439,"",2010-06-07,"10661","",2010-09-24,"10661"
"226137852010661",2000,39,141,3841,384,1,2000,4,0,660,2,0,5,1,1,,0,0,39.322001,-82.962125,"",2010-06-07,"10661","",2010-09-24,"10661"
"226137876010661",2000,39,145,1531,153,1,2000,3,0.00780952,770,2,0,5,1,1,,0,7.8095238095238095238095238095238095238E00,38.66305,-83.144208,"",2010-06-07,"10661","",2010-09-24,"10661"
"226137880010661",2000,39,145,451,45,1,2000,3,0,1200,3,0,1,1,1,,0,0,38.648741,-83.160266,"",2010-06-07,"10661","",2010-09-24,"10661"
"226137826010661",2000,39,163,1921,192,1,2000,5,0,770,2,90,3,1,1,,0,0,39.249979,-82.397302,"",2010-06-07,"10661","",2010-09-24,"10661"
"226153215010661",2003,39,43,9581,958,1,2003,3,0.0042,627,1,0,4,1,1,,0,4.2,41.358468,-82.723817,"",2010-06-07,"10661","",2010-09-24,"10661"
"226152651010661",2003,39,47,12131,1213,1,2003,4,0.005075,835,1,75,1,1,1,,1,5.075,39.586292,-83.305128,"",2010-06-07,"10661","",2010-09-24,"10661"
"226152665010661",2003,39,57,14351,1435,1,2003,4,0,865,2,0,1,1,1,,0,0,39.609909,-84.010468,"",2010-06-07,"10661","",2010-09-24,"10661"
"226152928010661",2003,39,59,3181,318,1,2003,4,0,793,2,20,3,1,1,,0,0,40.111286,-81.622874,"",2010-06-07,"10661","",2010-09-24,"10661"
"226152646010661",2003,39,71,8741,874,1,2003,4,0,1112,1,0,4,1,1,,0,0,39.323019,-83.602994,"",2010-06-07,"10661","",2010-09-24,"10661"
"226152637010661",2003,39,73,1881,188,1,2003,4,0,1015,2,0,1,1,1,,0,0,39.468412,-82.604922,"",2010-06-07,"10661","",2010-09-24,"10661"
"226153211010661",2003,39,77,13861,1386,1,2003,3,0,923,1,0,4,1,1,,0,0,41.046154,-82.746779,"",2010-06-07,"10661","",2010-09-24,"10661"
"226152347010661",2003,39,79,3701,370,1,2003,3,0.00063694,668,1,0,5,1,1,,0,6.36944444444444444444444444444444444444E-01,38.958645,-82.515822,"",2010-06-07,"10661","",2010-09-24,"10661"
"226152942010661",2003,39,89,1221,122,1,2003,4,0,1119,1,225,3,1,1,,0,0,40.151518,-82.383651,"",2010-06-07,"10661","",2010-09-24,"10661"
"226153188010661",2003,39,99,1461,146,1,2003,3,0,1051,1,0,4,1,1,,0,0,41.123607,-80.862233,"",2010-06-07,"10661","",2010-09-24,"10661"
"226153198010661",2003,39,103,5321,532,1,2003,4,0.00381417,1155,1,0,4,1,1,,0,3.81416666666666666666666666666666666668E00,41.191984,-81.811566,"",2010-06-07,"10661","",2010-09-24,"10661"
"226153207010661",2003,39,103,6151,615,1,2003,3,0,945,1,0,4,1,1,,0,0,41.016574,-81.955158,"",2010-06-07,"10661","",2010-09-24,"10661"
"226152622010661",2003,39,111,4841,484,1,2003,3,0,994,2,120,3,1,1,,0,0,39.708849,-81.149776,"",2010-06-07,"10661","",2010-09-24,"10661"
"226152641010661",2003,39,119,11801,1180,1,2003,3,0,793,1,0,1,1,1,,0,0,39.932034,-82.047912,"",2010-06-07,"10661","",2010-09-24,"10661"
"226152632010661",2003,39,131,8671,867,1,2003,4,0,679,1,240,3,1,1,,0,0,39.11922,-83.063307,"",2010-06-07,"10661","",2010-09-24,"10661"
"226152660010661",2003,39,135,2871,287,1,2003,3,0,957,1,0,1,1,1,,0,0,39.576402,-84.698738,"",2010-06-07,"10661","",2010-09-24,"10661"
"226152355010661",2003,39,145,4511,451,1,2003,3,0,550,2,0,4,1,1,,0,0,38.809355,-82.932933,"",2010-06-07,"10661","",2010-09-24,"10661"
"226152937010661",2003,39,151,4531,453,1,2003,4,0.00120333,1195,1,0,4,1,1,,0,1.20333333333333333333333333333333333333E00,40.885044,-81.228732,"",2010-06-07,"10661","",2010-09-24,"10661"
"226152923010661",2003,39,157,8191,819,1,2003,4,0,857,1,180,3,1,1,,0,0,40.463445,-81.431996,"",2010-06-07,"10661","",2010-09-24,"10661"
"226152627010661",2003,39,163,5741,574,1,2003,4,0,717,1,45,3,1,1,,0,0,39.324782,-82.54242,"",2010-06-07,"10661","",2010-09-24,"10661"
"226152614010661",2003,39,167,10411,1041,1,2003,3,0,627,2,0,5,1,1,,0,0,39.47467,-81.289357,"",2010-06-07,"10661","",2010-09-24,"10661"
"226152952010661",2003,39,169,4701,470,1,2003,4,0,1052,1,90,1,1,1,,0,0,40.679701,-82.038926,"",2010-06-07,"10661","",2010-09-24,"10661"
"226152966010661",2003,39,175,6571,657,1,2003,3,0,811,1,0,4,1,1,,0,0,40.880481,-83.404792,"",2010-06-07,"10661","",2010-09-24,"10661"
"226074608010661",1997,39,1,11491,1149,1,1997,2,0,775,2,20,3,1,1,,0,0,38.86438,-83.383589,"",2010-06-07,"10661","",2010-09-24,"10661"
"226074559010661",1997,39,5,9191,919,1,1997,3,0.00966053,1350,2,90,1,1,1,,0,9.6605263157894736842105263157894736842E00,40.655874,-82.277678,"",2010-06-07,"10661","",2010-09-24,"10661"
"226074555010661",1997,39,29,9611,961,1,1997,3,0,1280,2,0,2,1,1,,0,0,40.660943,-80.854344,"",2010-06-07,"10661","",2010-09-24,"10661"
"226074563010661",1997,39,67,10341,1034,1,1997,3,0,1260,2,90,1,1,1,,0,0,40.300738,-81.114495,"",2010-06-07,"10661","",2010-09-24,"10661"
"226074551010661",1997,39,69,3461,346,1,1997,3,0.00275172,670,2,0,5,1,1,,0,2.7517241379310344827586206896551724138E00,41.475066,-83.898786,"",2010-06-07,"10661","",2010-09-24,"10661"
"226074578010661",1997,39,73,2051,205,1,1997,3,0.03538814,1100,2,120,1,1,1,,0,3.53881400966183574879227053140096618358E01,39.471242,-82.572194,"",2010-06-07,"10661","",2010-09-24,"10661"
"226074593010661",1997,39,79,1841,184,1,1997,3,0.0157825,800,2,2,5,1,1,,0,15.7825,39.17169,-82.631752,"",2010-06-07,"10661","",2010-09-24,"10661"
"226074567010661",1997,39,81,8041,804,1,1997,3,0.01557429,1180,3,10,1,1,1,,0,1.55742857142857142857142857142857142857E01,40.32109,-80.813476,"",2010-06-07,"10661","",2010-09-24,"10661"
"226074612010661",1997,39,87,301,30,1,1997,3,0.04116917,970,2,180,1,1,1,,0,4.11691666666666666666666666666666666667E01,38.660739,-82.570485,"",2010-06-07,"10661","",2010-09-24,"10661"
"226074589010661",1997,39,105,2421,242,1,1997,2,0,800,1,180,1,1,1,,0,0,39.159237,-81.84523,"",2010-06-07,"10661","",2010-09-24,"10661"
"226074570010661",1997,39,119,5291,529,1,1997,2,0,720,1,0,5,1,1,,0,0,39.871971,-81.789791,"",2010-06-07,"10661","",2010-09-24,"10661"
"226074574010661",1997,39,127,10451,1045,1,1997,3,0.01032982,1020,2,0,5,2,3,,1,1.03298245614035087719298245614035087719E01,39.797328,-82.292512,"",2010-06-07,"10661","",2010-09-24,"10661"
"226074605010661",1997,39,131,4601,460,1,1997,3,0.00249375,1400,2,0,1,1,3,,0,2.49375,39.175657,-83.265439,"",2010-06-07,"10661","",2010-09-24,"10661"
"226074597010661",1997,39,141,14121,1412,1,1997,3,0,900,2,20,1,1,1,,0,0,39.357005,-82.862012,"",2010-06-07,"10661","",2010-09-24,"10661"
"226074601010661",1997,39,141,3841,384,1,1997,3,0.02536444,660,1,180,3,1,1,,0,2.53644444444444444444444444444444444445E01,39.322001,-82.962125,"",2010-06-07,"10661","",2010-09-24,"10661"
"226074616010661",1997,39,145,1531,153,1,1997,3,0,760,2,30,5,1,1,,2,0,38.66305,-83.144208,"",2010-06-07,"10661","",2010-09-24,"10661"
"226074620010661",1997,39,145,451,45,1,1997,3,0,1180,2,180,1,1,3,,0,0,38.648741,-83.160266,"",2010-06-07,"10661","",2010-09-24,"10661"
"226074582010661",1997,39,163,1921,192,1,1997,3,0,800,2,0,5,1,1,,0,0,39.249979,-82.397302,"",2010-06-07,"10661","",2010-09-24,"10661"
"226074586010661",1997,39,163,1141,114,1,1997,3,0.01727957,1000,2,30,1,1,3,,2,1.72795698924731182795698924731182795699E01,39.193269,-82.379913,"",2010-06-07,"10661","",2010-09-24,"10661"
"226153203010661",2003,39,85,2351,235,1,2003,4,0,972,1,0,4,1,1,,0,0,41.687595,-81.261132,"",2010-06-07,"10661","",2010-09-24,"10661"
"226152334010661",2003,39,105,7461,746,1,2003,4,0.00171,650,1,70,1,1,1,,0,1.71,39.118137,-81.838284,"",2010-06-07,"10661","",2010-09-24,"10661"
"226152932010661",2003,39,151,10621,1062,1,2003,3,0.00987556,1121,1,120,3,1,1,,0,9.87555555555555555555555555555555555557E00,40.75803,-81.340198,"",2010-06-07,"10661","",2010-09-24,"10661"
"226153225010661",2003,39,173,9181,918,1,2003,3,0.00160444,676,2,0,4,1,1,,0,1.60444444444444444444444444444444444444E00,41.325164,-83.838499,"",2010-06-07,"10661","",2010-09-24,"10661"
"226155175010661",2004,39,1,3921,392,1,2004,4,0.00101333,95,1,0,4,1,1,,0,1.01333333333333333333333333333333333333E00,38.8244,-83.642943,"",2010-06-07,"10661","",2010-09-24,"10661"
"226155983010661",2004,39,7,7431,743,1,2004,3,0,1042,1,0,4,1,2,,0,0,41.543792,-80.776385,"",2010-06-07,"10661","",2010-09-24,"10661"
"226155444010661",2004,39,13,15641,1564,1,2004,4,0,1237,1,230,3,1,1,,0,0,40.018719,-81.045819,"",2010-06-07,"10661","",2010-09-24,"10661"
"226155493010661",2004,39,15,6481,648,1,2004,4,0.00200521,924,1,0,4,1,1,,0,2.00520833333333333333333333333333333333E00,39.100364,-83.906418,"",2010-06-07,"10661","",2010-09-24,"10661"
"226155775010661",2004,39,37,4851,485,1,2004,3,0.00096,1013,1,0,4,1,1,,0,9.59999999999999999999999999999999999999E-01,40.199578,-84.501766,"",2010-06-07,"10661","",2010-09-24,"10661"
"226155767010661",2004,39,41,8681,868,1,2004,4,0,936,1,0,4,1,1,,0,0,40.348801,-83.135991,"",2010-06-07,"10661","",2010-09-24,"10661"
"226155777010661",2004,39,41,8921,892,1,2004,1,0,950,1,0,4,1,1,,0,0,40.286902,-82.928937,"",2010-06-07,"10661","",2010-09-24,"10661"
"226156006010661",2004,39,43,9581,958,1,2004,4,0,610,1,0,4,1,1,,0,0,41.358468,-82.723817,"",2010-06-07,"10661","",2010-09-24,"10661"
"226155488010661",2004,39,47,12131,1213,1,2004,3,0.00028444,834,1,0,4,1,1,,0,2.84444444444444444444444444444444444444E-01,39.586292,-83.305128,"",2010-06-07,"10661","",2010-09-24,"10661"
"226155503010661",2004,39,57,14351,1435,1,2004,4,0,865,1,0,4,1,1,,0,0,39.609909,-84.010468,"",2010-06-07,"10661","",2010-09-24,"10661"
"226155748010661",2004,39,59,3181,318,1,2004,5,0,784,2,10,3,1,1,,0,0,40.111286,-81.622874,"",2010-06-07,"10661","",2010-09-24,"10661"
"226155484010661",2004,39,71,8741,874,1,2004,4,0.00219423,1121,1,0,4,1,1,,0,2.19423076923076923076923076923076923077E00,39.323019,-83.602994,"",2010-06-07,"10661","",2010-09-24,"10661"
"226155474010661",2004,39,73,1881,188,1,2004,3,0,1113,2,0,1,1,1,,0,0,39.468412,-82.604922,"",2010-06-07,"10661","",2010-09-24,"10661"
"226156001010661",2004,39,77,13861,1386,1,2004,4,0,942,1,0,4,1,1,,0,0,41.046154,-82.746779,"",2010-06-07,"10661","",2010-09-24,"10661"
"226155170010661",2004,39,79,3701,370,1,2004,3,0.00109167,668,1,0,4,1,1,,0,1.09166666666666666666666666666666666667E00,38.958645,-82.515822,"",2010-06-07,"10661","",2010-09-24,"10661"
"226137777010661",2000,39,29,9611,961,1,2000,4,0,1280,2,0,1,1,1,,0,0,40.660943,-80.854344,"",2010-06-07,"10661","",2010-09-24,"10661"
"226137799010661",2000,39,81,8041,804,1,2000,3,0.01725789,1180,1,0,1,1,1,,0,1.72578947368421052631578947368421052632E01,40.32109,-80.813476,"",2010-06-07,"10661","",2010-09-24,"10661"
"226137845010661",2000,39,141,10141,1014,1,2000,3,0,1125,2,0,1,1,1,,0,0,39.446809,-82.867841,"",2010-06-07,"10661","",2010-09-24,"10661"
"226137831010661",2000,39,163,1141,114,1,2000,3,0,990,2,0,1,1,1,,0,0,39.193269,-82.379913,"",2010-06-07,"10661","",2010-09-24,"10661"
"226155992010661",2004,39,85,2351,235,1,2004,3,0.00439111,972,1,0,4,1,1,,0,4.3911111111111111111111111111111111111E00,41.687595,-81.261132,"",2010-06-07,"10661","",2010-09-24,"10661"
"226155762010661",2004,39,89,1221,122,1,2004,5,0.00491467,1130,1,240,3,1,1,,0,4.91466666666666666666666666666666666666E00,40.151518,-82.383651,"",2010-06-07,"10661","",2010-09-24,"10661"
"226155988010661",2004,39,103,5321,532,1,2004,4,0,1170,1,0,4,1,1,,0,0,41.191984,-81.811566,"",2010-06-07,"10661","",2010-09-24,"10661"
"226155996010661",2004,39,103,6151,615,1,2004,3,0,945,1,0,4,1,1,,0,0,41.016574,-81.955158,"",2010-06-07,"10661","",2010-09-24,"10661"
"226155157010661",2004,39,105,7461,746,1,2004,5,0.008214,650,1,75,3,1,1,,0,8.214,39.118137,-81.838284,"",2010-06-07,"10661","",2010-09-24,"10661"
"226155461010661",2004,39,111,4841,484,1,2004,3,0,994,2,140,3,1,1,,0,0,39.708849,-81.149776,"",2010-06-07,"10661","",2010-09-24,"10661"
"226155479010661",2004,39,119,11801,1180,1,2004,4,0.01281538,790,1,310,1,1,1,,0,1.28153846153846153846153846153846153846E01,39.932034,-82.047912,"",2010-06-07,"10661","",2010-09-24,"10661"
"226155470010661",2004,39,131,8671,867,1,2004,4,0.00582143,679,1,0,4,1,1,,0,5.82142857142857142857142857142857142858E00,39.11922,-83.063307,"",2010-06-07,"10661","",2010-09-24,"10661"
"226155498010661",2004,39,135,2871,287,1,2004,4,0,951,1,0,4,1,1,,0,0,39.576402,-84.698738,"",2010-06-07,"10661","",2010-09-24,"10661"
"226155181010661",2004,39,145,4511,451,1,2004,5,0,537,1,0,4,1,1,,0,0,38.809355,-82.932933,"",2010-06-07,"10661","",2010-09-24,"10661"
"226155752010661",2004,39,151,10621,1062,1,2004,3,0,1121,1,120,3,1,1,,0,0,40.75803,-81.340198,"",2010-06-07,"10661","",2010-09-24,"10661"
"226155756010661",2004,39,151,4531,453,1,2004,3,0,1216,1,0,4,1,1,,0,0,40.885044,-81.228732,"",2010-06-07,"10661","",2010-09-24,"10661"
"226155979010661",2004,39,155,1461,146,1,2004,3,0,932,1,0,4,1,1,,0,0,41.332312,-80.87382,"",2010-06-07,"10661","",2010-09-24,"10661"
"226155742010661",2004,39,157,8191,819,1,2004,3,0,864,1,240,2,1,1,,0,0,40.463445,-81.431996,"",2010-06-07,"10661","",2010-09-24,"10661"
"226155465010661",2004,39,163,5741,574,1,2004,3,0,872,1,0,4,1,1,,0,0,39.357768,-82.446452,"",2010-06-07,"10661","",2010-09-24,"10661"
"226155453010661",2004,39,167,10411,1041,1,2004,4,0.003255,590,1,0,4,1,1,,0,3.255,39.549829,-81.568721,"",2010-06-07,"10661","",2010-09-24,"10661"
"226155771010661",2004,39,169,4701,470,1,2004,3,0,1049,1,45,1,1,1,,0,0,40.679701,-82.038926,"",2010-06-07,"10661","",2010-09-24,"10661"
"226156018010661",2004,39,173,9181,918,1,2004,3,0,629,2,0,4,1,1,,0,0,41.325164,-83.838499,"",2010-06-07,"10661","",2010-09-24,"10661"
"226155781010661",2004,39,175,6571,657,1,2004,3,0,811,1,0,4,1,1,,0,0,40.880481,-83.404792,"",2010-06-07,"10661","",2010-09-24,"10661"
"226077814010661",1999,39,145,1531,153,1,1999,3,0,710,2,0,5,1,1,,0,0,38.66305,-83.144208,"",2010-06-07,"10661","",2010-09-24,"10661"
"226077818010661",1999,39,145,451,45,1,1999,3,0,1200,2,0,1,1,1,,0,0,38.648741,-83.160266,"",2010-06-07,"10661","",2010-09-24,"10661"
"226077780010661",1999,39,163,1921,192,1,1999,3,0.00438155,800,2,0,5,1,2,,0,4.38154761904761904761904761904761904763E00,39.249979,-82.397302,"",2010-06-07,"10661","",2010-09-24,"10661"
"226077785010661",1999,39,163,1141,114,1,1999,4,0.00589219,1000,2,200,1,1,1,,0,5.8921875,39.193269,-82.379913,"",2010-06-07,"10661","",2010-09-24,"10661"
"226077757010661",1999,39,5,9191,919,1,1999,3,0,1370,2,0,1,1,1,,0,0,40.655874,-82.277678,"",2010-06-07,"10661","",2010-09-24,"10661"
"226077760010661",1999,39,67,10341,1034,1,1999,2,0,1260,1,122,1,2,1,,0,0,40.300738,-81.114495,"",2010-06-07,"10661","",2010-09-24,"10661"
"226077753010661",1999,39,69,3461,346,1,1999,3,0,670,2,0,5,1,2,,0,0,41.475066,-83.898786,"",2010-06-07,"10661","",2010-09-24,"10661"
"226077776010661",1999,39,73,2051,205,1,1999,4,0,1100,2,140,1,1,2,,0,0,39.471242,-82.572194,"",2010-06-07,"10661","",2010-09-24,"10661"
"226077763010661",1999,39,81,8041,804,1,1999,2,0,1180,1,0,5,2,1,,0,0,40.32109,-80.813476,"",2010-06-07,"10661","",2010-09-24,"10661"
"226077810010661",1999,39,87,301,30,1,1999,1,0,970,2,0,1,1,1,,0,0,38.660739,-82.570485,"",2010-06-07,"10661","",2010-09-24,"10661"
"226077789010661",1999,39,105,2421,242,1,1999,3,0.02574245,800,2,160,1,1,1,,0,2.57424450549450549450549450549450549451E01,39.159237,-81.84523,"",2010-06-07,"10661","",2010-09-24,"10661"
"226077767010661",1999,39,119,5291,529,1,1999,3,0,720,2,0,5,1,1,,0,0,39.871971,-81.789791,"",2010-06-07,"10661","",2010-09-24,"10661"
"226077771010661",1999,39,127,10451,1045,1,1999,3,0,1020,2,0,5,1,1,,0,0,39.797328,-82.292512,"",2010-06-07,"10661","",2010-09-24,"10661"
"226077796010661",1999,39,141,14121,1412,1,1999,3,0,900,2,360,3,1,1,,0,0,39.357005,-82.862012,"",2010-06-07,"10661","",2010-09-24,"10661"
"226077800010661",1999,39,141,3841,384,1,1999,3,0,660,3,0,5,1,1,,0,0,39.322001,-82.962125,"",2010-06-07,"10661","",2010-09-24,"10661"
"226147331010661",2001,39,1,3921,392,1,2001,3,0,964,2,0,4,1,1,,0,0,38.8244,-83.642943,"",2010-06-07,"10661","",2010-09-24,"10661"
"226148147010661",2001,39,7,7431,743,1,2001,4,0,1059,2,0,4,1,2,,0,0,41.543792,-80.776385,"",2010-06-07,"10661","",2010-09-24,"10661"
"226147849010661",2001,39,13,8321,832,1,2001,3,0,1280,2,315,3,1,1,,0,0,40.076166,-81.115665,"",2010-06-07,"10661","",2010-09-24,"10661"
"226147574010661",2001,39,15,6481,648,1,2001,3,0.00532,900,2,0,4,1,2,,0,5.32,39.100364,-83.906418,"",2010-06-07,"10661","",2010-09-24,"10661"
"226147890010661",2001,39,37,14591,1459,1,2001,4,0.06598417,1000,2,0,4,1,1,,0,6.59841666666666666666666666666666666667E01,40.206339,-84.579981,"",2010-06-07,"10661","",2010-09-24,"10661"
"226147876010661",2001,39,41,2511,251,1,2001,3,0,975,2,0,5,1,1,,0,0,40.245601,-82.99479,"",2010-06-07,"10661","",2010-09-24,"10661"
"226148176010661",2001,39,43,9581,958,1,2001,3,0,620,1,0,4,1,2,,0,0,41.358468,-82.723817,"",2010-06-07,"10661","",2010-09-24,"10661"
"226147570010661",2001,39,47,12131,1213,1,2001,5,0,837,1,0,4,1,1,,0,0,39.586292,-83.305128,"",2010-06-07,"10661","",2010-09-24,"10661"
"226147583010661",2001,39,57,14351,1435,1,2001,4,0.0387975,863,2,0,4,1,1,,0,38.7975,39.609909,-84.010468,"",2010-06-07,"10661","",2010-09-24,"10661"
"226147853010661",2001,39,59,4441,444,1,2001,3,0,1182,2,80,3,1,1,,0,0,40.124263,-81.697137,"",2010-06-07,"10661","",2010-09-24,"10661"
"226147557010661",2001,39,73,12521,1252,1,2001,4,0,963,2,0,1,1,1,,0,0,39.397222,-82.641754,"",2010-06-07,"10661","",2010-09-24,"10661"
"226148172010661",2001,39,77,13861,1386,1,2001,3,0,930,1,0,4,1,1,,0,0,41.046154,-82.746779,"",2010-06-07,"10661","",2010-09-24,"10661"
"226147327010661",2001,39,79,3701,370,1,2001,5,0,665,2,0,4,1,1,,0,0,38.958645,-82.515822,"",2010-06-07,"10661","",2010-09-24,"10661"
"226147872010661",2001,39,83,12991,1299,1,2001,3,0,945,2,192,1,1,1,,0,0,40.391467,-82.307617,"",2010-06-07,"10661","",2010-09-24,"10661"
"226147868010661",2001,39,103,4691,469,1,2001,2,0,900,2,0,4,1,1,,0,0,41.014799,-81.995871,"",2010-06-07,"10661","",2010-09-24,"10661"
"226148158010661",2001,39,103,5321,532,1,2001,5,0.0499775,1100,1,0,4,1,2,,0,49.9775,41.191984,-81.811566,"",2010-06-07,"10661","",2010-09-24,"10661"
"226147317010661",2001,39,105,7461,746,1,2001,4,0,656,2,0,3,1,1,,0,0,39.118137,-81.838284,"",2010-06-07,"10661","",2010-09-24,"10661"
"226147541010661",2001,39,111,10871,1087,1,2001,3,0.01169222,1054,1,150,3,1,1,,0,1.16922222222222222222222222222222222222E01,39.765268,-81.300358,"",2010-06-07,"10661","",2010-09-24,"10661"
"226147560010661",2001,39,119,11801,1180,1,2001,2,0,780,2,0,4,1,1,,0,0,39.932034,-82.047912,"",2010-06-07,"10661","",2010-09-24,"10661"
"226148163010661",2001,39,133,311,31,1,2001,4,0.00278667,1200,2,0,1,1,1,,0,2.78666666666666666666666666666666666668E00,41.258753,-81.177975,"",2010-06-07,"10661","",2010-09-24,"10661"
"226147578010661",2001,39,135,2871,287,1,2001,3,0,955,2,0,1,1,1,,0,0,39.576402,-84.698738,"",2010-06-07,"10661","",2010-09-24,"10661"
"226147321010661",2001,39,145,13481,1348,1,2001,3,0.00359032,900,2,0,4,1,1,,0,3.5903225806451612903225806451612903226E00,38.872712,-82.905909,"",2010-06-07,"10661","",2010-09-24,"10661"
"226147860010661",2001,39,151,13541,1354,1,2001,3,0,1035,1,140,3,1,1,,0,0,40.667702,-81.512756,"",2010-06-07,"10661","",2010-09-24,"10661"
"226147856010661",2001,39,157,8191,819,1,2001,2,0,873,1,0,4,1,1,,0,0,40.463445,-81.431996,"",2010-06-07,"10661","",2010-09-24,"10661"
"226147546010661",2001,39,163,5741,574,1,2001,4,0,708,2,50,3,1,1,,0,0,39.324782,-82.54242,"",2010-06-07,"10661","",2010-09-24,"10661"
"226147537010661",2001,39,167,10111,1011,1,2001,3,0,786,1,0,2,1,2,,0,0,39.362711,-81.334896,"",2010-06-07,"10661","",2010-09-24,"10661"
"226147885010661",2001,39,169,12741,1274,1,2001,3,0,993,2,60,1,1,1,,0,0,40.693823,-82.089251,"",2010-06-07,"10661","",2010-09-24,"10661"
"226147895010661",2001,39,175,6571,657,1,2001,4,0,780,2,0,4,1,1,,0,0,40.880481,-83.404792,"",2010-06-07,"10661","",2010-09-24,"10661"
"226147881010661",2001,39,41,8681,868,1,2001,4,0,871,1,0,4,1,1,,0,0,40.348801,-83.135991,"",2010-06-07,"10661","",2010-09-24,"10661"
"226147564010661",2001,39,71,8741,874,1,2001,3,0,1122,2,0,4,1,1,,0,0,39.323019,-83.602994,"",2010-06-07,"10661","",2010-09-24,"10661"
"226148168010661",2001,39,85,2351,235,1,2001,4,0.03134545,975,2,0,4,1,1,,0,3.13454545454545454545454545454545454546E01,41.687595,-81.261132,"",2010-06-07,"10661","",2010-09-24,"10661"
"226147552010661",2001,39,131,8671,867,1,2001,5,0,637,2,0,4,1,1,,0,0,39.11922,-83.063307,"",2010-06-07,"10661","",2010-09-24,"10661"
"226147865010661",2001,39,151,4531,453,1,2001,4,0,1215,1,0,4,1,1,,0,0,40.885044,-81.228732,"",2010-06-07,"10661","",2010-09-24,"10661"
"226148186010661",2001,39,173,9181,918,1,2001,5,0,629,1,0,4,1,1,,0,0,41.325164,-83.838499,"",2010-06-07,"10661","",2010-09-24,"10661"
"226149908010661",2002,39,131,8671,867,1,2002,5,0,637,1,0,4,1,1,,0,0,39.11922,-83.063307,"",2010-06-07,"10661","",2010-09-24,"10661"
"226150172010661",2002,39,157,8191,819,1,2002,3,0,873,1,200,3,1,1,,0,0,40.463445,-81.431996,"",2010-06-07,"10661","",2010-09-24,"10661"
"226150208010661",2002,39,175,6571,657,1,2002,3,0,780,1,0,1,1,1,,0,0,40.880481,-83.404792,"",2010-06-07,"10661","",2010-09-24,"10661"
"226077808010661",1999,39,1,11491,1149,1,1999,3,0,775,2,270,3,1,1,,0,0,38.86438,-83.383589,"",2010-06-07,"10661","",2010-09-24,"10661"
"226077792010661",1999,39,79,1841,184,1,1999,2,0.01214286,700,2,0,5,1,1,,1,1.21428571428571428571428571428571428572E01,39.17169,-82.631752,"",2010-06-07,"10661","",2010-09-24,"10661"
"226077804010661",1999,39,131,4601,460,1,1999,3,0,1400,2,90,1,1,1,,0,0,39.175657,-83.265439,"",2010-06-07,"10661","",2010-09-24,"10661"
"226157999010661",2005,39,1,3921,392,1,2005,3,0,95,1,0,4,1,1,,0,0,38.8244,-83.642943,"",2010-06-07,"10661","",2010-09-24,"10661"
"226158852010661",2005,39,7,7431,743,1,2005,3,0,1042,1,0,4,1,1,,0,0,41.543792,-80.776385,"",2010-06-07,"10661","",2010-09-24,"10661"
"226158263010661",2005,39,13,15641,1564,1,2005,3,0,1237,1,0,4,1,1,,0,0,40.018719,-81.045819,"",2010-06-07,"10661","",2010-09-24,"10661"
"226158308010661",2005,39,15,6481,648,1,2005,3,0,924,1,0,4,1,1,,0,0,39.100364,-83.906418,"",2010-06-07,"10661","",2010-09-24,"10661"
"226158609010661",2005,39,37,4851,485,1,2005,3,0.00377778,1013,1,0,4,1,1,,0,3.77777777777777777777777777777777777777E00,40.199578,-84.501766,"",2010-06-07,"10661","",2010-09-24,"10661"
"226158601010661",2005,39,41,8681,868,1,2005,3,0,936,2,0,4,1,1,,0,0,40.348801,-83.135991,"",2010-06-07,"10661","",2010-09-24,"10661"
"226158613010661",2005,39,41,8921,892,1,2005,3,0,1028,1,0,4,1,1,,0,0,40.286902,-82.928937,"",2010-06-07,"10661","",2010-09-24,"10661"
"226158872010661",2005,39,43,9581,958,1,2005,3,0,610,1,0,4,1,1,,0,0,41.358468,-82.723817,"",2010-06-07,"10661","",2010-09-24,"10661"
"226158304010661",2005,39,47,12131,1213,1,2005,3,0,834,1,0,4,1,1,,0,0,39.586292,-83.305128,"",2010-06-07,"10661","",2010-09-24,"10661"
"226158316010661",2005,39,57,14351,1435,1,2005,3,0,865,1,0,4,1,1,,0,0,39.609909,-84.010468,"",2010-06-07,"10661","",2010-09-24,"10661"
"226158585010661",2005,39,59,3181,318,1,2005,3,0,784,1,12,3,1,1,,0,0,40.111286,-81.622874,"",2010-06-07,"10661","",2010-09-24,"10661"
"226158300010661",2005,39,71,8741,874,1,2005,3,0.00146667,1121,1,0,4,1,1,,0,1.46666666666666666666666666666666666667E00,39.323019,-83.602994,"",2010-06-07,"10661","",2010-09-24,"10661"
"226158292010661",2005,39,73,1881,188,1,2005,3,0,1142,2,0,1,1,1,,0,0,39.468412,-82.604922,"",2010-06-07,"10661","",2010-09-24,"10661"
"226158868010661",2005,39,77,13861,1386,1,2005,3,0,942,1,0,4,1,1,,0,0,41.046154,-82.746779,"",2010-06-07,"10661","",2010-09-24,"10661"
"226157988010661",2005,39,79,3701,370,1,2005,3,0,649,1,0,4,1,1,,0,0,38.958645,-82.515822,"",2010-06-07,"10661","",2010-09-24,"10661"
"226158860010661",2005,39,85,2351,235,1,2005,3,0.00001361,972,2,0,4,1,1,,0,1.36111111111111111111111111111111111111E-02,41.687595,-81.261132,"",2010-06-07,"10661","",2010-09-24,"10661"
"226158597010661",2005,39,89,1221,122,1,2005,3,0,1130,1,240,3,1,1,,0,0,40.151518,-82.383651,"",2010-06-07,"10661","",2010-09-24,"10661"
"226158856010661",2005,39,103,5321,532,1,2005,3,0.01028444,1170,1,0,4,1,1,,0,1.02844444444444444444444444444444444444E01,41.191984,-81.811566,"",2010-06-07,"10661","",2010-09-24,"10661"
"226158864010661",2005,39,103,6151,615,1,2005,3,0,955,1,0,4,1,1,,0,0,41.016574,-81.955158,"",2010-06-07,"10661","",2010-09-24,"10661"
"226157973010661",2005,39,105,7461,746,1,2005,3,0,661,1,105,1,1,1,,0,0,39.118137,-81.838284,"",2010-06-07,"10661","",2010-09-24,"10661"
"226158280010661",2005,39,111,4841,484,1,2005,3,0,1013,2,140,3,1,1,,0,0,39.708849,-81.149776,"",2010-06-07,"10661","",2010-09-24,"10661"
"226158296010661",2005,39,119,11801,1180,1,2005,3,0,790,1,310,1,1,1,,0,0,39.932034,-82.047912,"",2010-06-07,"10661","",2010-09-24,"10661"
"226158288010661",2005,39,131,8671,867,1,2005,3,0.00156444,712,1,0,4,1,1,,0,1.56444444444444444444444444444444444444E00,39.11922,-83.063307,"",2010-06-07,"10661","",2010-09-24,"10661"
"226158312010661",2005,39,135,2871,287,1,2005,3,0.00021,951,1,0,4,1,1,,0,0.21,39.576402,-84.698738,"",2010-06-07,"10661","",2010-09-24,"10661"
"226158003010661",2005,39,145,4511,451,1,2005,3,0.00436111,552,1,0,4,1,1,,0,4.3611111111111111111111111111111111111E00,38.809355,-82.932933,"",2010-06-07,"10661","",2010-09-24,"10661"
"226158589010661",2005,39,151,10621,1062,1,2005,3,0,1139,1,0,4,1,1,,0,0,40.75803,-81.340198,"",2010-06-07,"10661","",2010-09-24,"10661"
"226075779010661",1998,39,67,10341,1034,1,1998,3,0.05626778,1260,1,122,1,2,1,,0,5.62677777777777777777777777777777777778E01,40.300738,-81.114495,"",2010-06-07,"10661","",2010-09-24,"10661"
"226075768010661",1998,39,69,3461,346,1,1998,3,0.00943056,670,2,0,5,1,1,,0,9.43055555555555555555555555555555555557E00,41.475066,-83.898786,"",2010-06-07,"10661","",2010-09-24,"10661"
"226075792010661",1998,39,73,2051,205,1,1998,2,0.05312122,1100,2,140,5,1,2,,0,5.31212225274725274725274725274725274726E01,39.471242,-82.572194,"",2010-06-07,"10661","",2010-09-24,"10661"
"226075806010661",1998,39,79,1841,184,1,1998,2,0.04598661,800,2,160,1,1,1,,0,4.59866071428571428571428571428571428572E01,39.17169,-82.631752,"",2010-06-07,"10661","",2010-09-24,"10661"
"226075783010661",1998,39,81,8041,804,1,1998,3,0.00235298,1180,1,0,5,2,1,,0,2.35297619047619047619047619047619047619E00,40.32109,-80.813476,"",2010-06-07,"10661","",2010-09-24,"10661"
"226075826010661",1998,39,87,301,30,1,1998,3,0,970,2,0,1,1,1,,0,0,38.660739,-82.570485,"",2010-06-07,"10661","",2010-09-24,"10661"
"226075803010661",1998,39,105,2421,242,1,1998,3,0.01177451,700,2,0,5,1,1,,0,1.17745098039215686274509803921568627451E01,39.159237,-81.84523,"",2010-06-07,"10661","",2010-09-24,"10661"
"226075787010661",1998,39,119,5291,529,1,1998,3,0,720,2,0,5,1,1,,0,0,39.871971,-81.789791,"",2010-06-07,"10661","",2010-09-24,"10661"
"226075789010661",1998,39,127,10451,1045,1,1998,1,0.06254545,1020,2,0,5,1,1,,0,6.25454545454545454545454545454545454546E01,39.797328,-82.292512,"",2010-06-07,"10661","",2010-09-24,"10661"
"226075818010661",1998,39,131,4601,460,1,1998,3,0,1400,2,90,1,1,1,,0,0,39.175657,-83.265439,"",2010-06-07,"10661","",2010-09-24,"10661"
"226075810010661",1998,39,141,14121,1412,1,1998,3,0.00371556,900,2,360,3,1,1,,0,3.71555555555555555555555555555555555557E00,39.357005,-82.862012,"",2010-06-07,"10661","",2010-09-24,"10661"
"226075814010661",1998,39,141,3841,384,1,1998,3,0,660,3,0,5,1,1,,0,0,39.322001,-82.962125,"",2010-06-07,"10661","",2010-09-24,"10661"
"226075830010661",1998,39,145,1531,153,1,1998,3,0,760,2,0,5,1,3,,1,0,38.66305,-83.144208,"",2010-06-07,"10661","",2010-09-24,"10661"
"226075834010661",1998,39,145,451,45,1,1998,3,0.00902667,1180,2,0,1,1,1,,0,9.02666666666666666666666666666666666667E00,38.648741,-83.160266,"",2010-06-07,"10661","",2010-09-24,"10661"
"226075795010661",1998,39,163,1921,192,1,1998,2,0.05352667,800,2,0,5,1,2,,0,5.35266666666666666666666666666666666667E01,39.249979,-82.397302,"",2010-06-07,"10661","",2010-09-24,"10661"
"226075799010661",1998,39,163,1141,114,1,1998,3,0.04121905,1000,2,200,1,1,1,,0,4.12190476190476190476190476190476190476E01,39.193269,-82.379913,"",2010-06-07,"10661","",2010-09-24,"10661"
"226158593010661",2005,39,151,4531,453,1,2005,3,0,1216,1,0,4,1,1,,0,0,40.885044,-81.228732,"",2010-06-07,"10661","",2010-09-24,"10661"
"226158848010661",2005,39,155,1461,146,1,2005,3,0.00160444,932,1,0,4,1,1,,0,1.60444444444444444444444444444444444444E00,41.332312,-80.87382,"",2010-06-07,"10661","",2010-09-24,"10661"
"226158581010661",2005,39,157,8191,819,1,2005,3,0,864,1,0,4,1,1,,0,0,40.463445,-81.431996,"",2010-06-07,"10661","",2010-09-24,"10661"
"226158284010661",2005,39,163,5741,574,1,2005,3,0.00028444,863,1,192,1,1,1,,0,2.84444444444444444444444444444444444444E-01,39.357768,-82.446452,"",2010-06-07,"10661","",2010-09-24,"10661"
"226158272010661",2005,39,167,10411,1041,1,2005,3,0.00182222,590,1,0,4,1,1,,0,1.82222222222222222222222222222222222222E00,39.549829,-81.568721,"",2010-06-07,"10661","",2010-09-24,"10661"
"226158605010661",2005,39,169,4701,470,1,2005,3,0,1049,1,50,3,1,1,,0,0,40.679701,-82.038926,"",2010-06-07,"10661","",2010-09-24,"10661"
"226158880010661",2005,39,173,9181,918,1,2005,3,0,629,2,0,4,1,1,,0,0,41.325164,-83.838499,"",2010-06-07,"10661","",2010-09-24,"10661"
"226158617010661",2005,39,175,6571,657,1,2005,3,0,811,1,0,4,1,1,,0,0,40.880481,-83.404792,"",2010-06-07,"10661","",2010-09-24,"10661"
"226075822010661",1998,39,1,11491,1149,1,1998,3,0,775,2,270,3,1,1,,0,0,38.86438,-83.383589,"",2010-06-07,"10661","",2010-09-24,"10661"
"226075775010661",1998,39,5,9191,919,1,1998,2,0,1300,2,0,1,1,1,,0,0,40.655874,-82.277678,"",2010-06-07,"10661","",2010-09-24,"10661"
"226075772010661",1998,39,29,9611,961,1,1998,3,0.00161839,1280,2,0,1,1,1,,0,1.61839080459770114942528735632183908046E00,40.660943,-80.854344,"",2010-06-07,"10661","",2010-09-24,"10661"
