"CN","SRV_CN","CTY_CN","INVYR","STATECD","UNITCD","COUNTYCD","O3PLOT","FIELD_ID","SPLIT_PLOTID","MEASYEAR","MEASMON","MEASDAY","LAT","LON","ELEVATION","MANUAL","QA_STATUS","CREATED_BY","CREATED_DATE","CREATED_IN_INSTANCE","MODIFIED_BY","MODIFIED_DATE","MODIFIED_IN_INSTANCE","CYCLE","SUBCYCLE"
"159626659010661","159475157010661","1320454010538",1997,39,1,1,11491,1149,1,1997,8,12,38.86438,-83.383589,775,0,1,"",2008-06-20,"10661","",2010-06-09,"10661",4,1
"159626661010661","159475157010661","1320482010538",1997,39,4,5,9191,919,1,1997,8,4,40.655874,-82.277678,1350,0,1,"",2008-06-20,"10661","",2010-06-09,"10661",4,1
"159626663010661","159475157010661","1320484010538",1997,39,4,29,9611,961,1,1997,8,19,40.660943,-80.854344,1280,0,1,"",2008-06-20,"10661","",2010-06-09,"10661",4,1
"159626665010661","159475157010661","1320475010538",1997,39,3,67,10341,1034,1,1997,8,19,40.300738,-81.114495,1260,0,1,"",2008-06-20,"10661","",2010-06-09,"10661",4,1
"159626667010661","159475157010661","1320524010538",1997,39,6,69,3461,346,1,1997,8,18,41.475066,-83.898786,670,0,1,"",2008-06-20,"10661","",2010-06-09,"10661",4,1
"159626669010661","159475157010661","1320465010538",1997,39,2,73,2051,205,1,1997,7,29,39.471242,-82.572194,1100,0,1,"",2008-06-20,"10661","",2010-06-09,"10661",4,1
"159626671010661","159475157010661","1320459010538",1997,39,1,79,1841,184,1,1997,8,5,39.17169,-82.631752,800,0,1,"",2008-06-20,"10661","",2010-06-09,"10661",4,1
"159626673010661","159475157010661","1320477010538",1997,39,3,81,8041,804,1,1997,8,19,40.32109,-80.813476,1180,0,1,"",2008-06-20,"10661","",2010-06-09,"10661",4,1
"159626675010661","159475157010661","1320460010538",1997,39,1,87,301,30,1,1997,8,11,38.660739,-82.570485,970,0,1,"",2008-06-20,"10661","",2010-06-09,"10661",4,1
"159626677010661","159475157010661","1320466010538",1997,39,2,105,2421,242,1,1997,8,14,39.159237,-81.84523,800,0,1,"",2008-06-20,"10661","",2010-06-09,"10661",4,1
"159626679010661","159475157010661","1320479010538",1997,39,3,119,5291,529,1,1997,8,8,39.871971,-81.789791,720,0,1,"",2008-06-20,"10661","",2010-06-09,"10661",4,1
"159626681010661","159475157010661","1320468010538",1997,39,2,127,10451,1045,1,1997,8,7,39.797328,-82.292512,1020,0,1,"",2008-06-20,"10661","",2010-06-09,"10661",4,1
"159626683010661","159475157010661","1320461010538",1997,39,1,131,4601,460,1,1997,8,12,39.175657,-83.265439,1400,0,1,"",2008-06-20,"10661","",2010-06-09,"10661",4,1
"159626687010661","159475157010661","1320462010538",1997,39,1,141,3841,384,1,1997,8,12,39.322001,-82.962125,660,0,1,"",2008-06-20,"10661","",2010-06-09,"10661",4,1
"159626685010661","159475157010661","1320462010538",1997,39,1,141,14121,1412,1,1997,8,15,39.357005,-82.862012,900,0,1,"",2008-06-20,"10661","",2010-06-09,"10661",4,1
"159626691010661","159475157010661","1320463010538",1997,39,1,145,451,45,1,1997,8,6,38.648741,-83.160266,1180,0,1,"",2008-06-20,"10661","",2010-06-09,"10661",4,1
"159626689010661","159475157010661","1320463010538",1997,39,1,145,1531,153,1,1997,8,6,38.66305,-83.144208,760,0,1,"",2008-06-20,"10661","",2010-06-09,"10661",4,1
"159626695010661","159475157010661","1320469010538",1997,39,2,163,1141,114,1,1997,8,5,39.193269,-82.379913,1000,0,1,"",2008-06-20,"10661","",2010-06-09,"10661",4,1
"159626693010661","159475157010661","1320469010538",1997,39,2,163,1921,192,1,1997,8,5,39.249979,-82.397302,800,0,1,"",2008-06-20,"10661","",2010-06-09,"10661",4,1
"159626109010661","167774207010661","1320454010538",1998,39,1,1,11491,1149,1,1998,8,17,38.86438,-83.383589,775,0,1,"",2008-06-20,"10661","",2010-06-09,"10661",5,1
"159626111010661","167774207010661","1320482010538",1998,39,4,5,9191,919,1,1998,8,13,40.655874,-82.277678,1300,0,1,"",2008-06-20,"10661","",2010-06-09,"10661",5,1
"159626113010661","167774207010661","1320484010538",1998,39,4,29,9611,961,1,1998,8,6,40.660943,-80.854344,1280,0,1,"",2008-06-20,"10661","",2010-06-09,"10661",5,1
"159626115010661","167774207010661","1320475010538",1998,39,3,67,10341,1034,1,1998,8,5,40.300738,-81.114495,1260,0,1,"",2008-06-20,"10661","",2010-06-09,"10661",5,1
"159626117010661","167774207010661","1320524010538",1998,39,6,69,3461,346,1,1998,8,5,41.475066,-83.898786,670,0,1,"",2008-06-20,"10661","",2010-06-09,"10661",5,1
"159626119010661","167774207010661","1320465010538",1998,39,2,73,2051,205,1,1998,8,18,39.471242,-82.572194,1100,0,1,"",2008-06-20,"10661","",2010-06-09,"10661",5,1
"159626121010661","167774207010661","1320459010538",1998,39,1,79,1841,184,1,1998,8,13,39.17169,-82.631752,800,0,1,"",2008-06-20,"10661","",2010-06-09,"10661",5,1
"159626123010661","167774207010661","1320477010538",1998,39,3,81,8041,804,1,1998,8,5,40.32109,-80.813476,1180,0,1,"",2008-06-20,"10661","",2010-06-09,"10661",5,1
"159626125010661","167774207010661","1320460010538",1998,39,1,87,301,30,1,1998,8,18,38.660739,-82.570485,970,0,1,"",2008-06-20,"10661","",2010-06-09,"10661",5,1
"159626127010661","167774207010661","1320466010538",1998,39,2,105,2421,242,1,1998,8,14,39.159237,-81.84523,700,0,1,"",2008-06-20,"10661","",2010-06-09,"10661",5,1
"159626129010661","167774207010661","1320479010538",1998,39,3,119,5291,529,1,1998,8,4,39.871971,-81.789791,720,0,1,"",2008-06-20,"10661","",2010-06-09,"10661",5,1
"159626131010661","167774207010661","1320468010538",1998,39,2,127,10451,1045,1,1998,8,4,39.797328,-82.292512,1020,0,1,"",2008-06-20,"10661","",2010-06-09,"10661",5,1
"159626133010661","167774207010661","1320461010538",1998,39,1,131,4601,460,1,1998,8,17,39.175657,-83.265439,1400,0,1,"",2008-06-20,"10661","",2010-06-09,"10661",5,1
"159626137010661","167774207010661","1320462010538",1998,39,1,141,3841,384,1,1998,8,17,39.322001,-82.962125,660,0,1,"",2008-06-20,"10661","",2010-06-09,"10661",5,1
"159626135010661","167774207010661","1320462010538",1998,39,1,141,14121,1412,1,1998,8,17,39.357005,-82.862012,900,0,1,"",2008-06-20,"10661","",2010-06-09,"10661",5,1
"159626141010661","167774207010661","1320463010538",1998,39,1,145,451,45,1,1998,8,21,38.648741,-83.160266,1180,0,1,"",2008-06-20,"10661","",2010-06-09,"10661",5,1
"159626139010661","167774207010661","1320463010538",1998,39,1,145,1531,153,1,1998,8,21,38.66305,-83.144208,760,0,1,"",2008-06-20,"10661","",2010-06-09,"10661",5,1
"159626145010661","167774207010661","1320469010538",1998,39,2,163,1141,114,1,1998,8,13,39.193269,-82.379913,1000,0,1,"",2008-06-20,"10661","",2010-06-09,"10661",5,1
"159626143010661","167774207010661","1320469010538",1998,39,2,163,1921,192,1,1998,8,13,39.249979,-82.397302,800,0,1,"",2008-06-20,"10661","",2010-06-09,"10661",5,1
"159623787010661","167774206010661","1320454010538",1999,39,1,1,11491,1149,1,1999,8,18,38.86438,-83.383589,775,0,1,"",2008-06-20,"10661","",2010-06-09,"10661",6,1
"159623789010661","167774206010661","1320482010538",1999,39,4,5,9191,919,1,1999,8,12,40.655874,-82.277678,1370,0,1,"",2008-06-20,"10661","",2010-06-09,"10661",6,1
"159623791010661","167774206010661","1320475010538",1999,39,3,67,10341,1034,1,1999,8,20,40.300738,-81.114495,1260,0,1,"",2008-06-20,"10661","",2010-06-09,"10661",6,1
"159623793010661","167774206010661","1320524010538",1999,39,6,69,3461,346,1,1999,8,13,41.475066,-83.898786,670,0,1,"",2008-06-20,"10661","",2010-06-09,"10661",6,1
"159623795010661","167774206010661","1320465010538",1999,39,2,73,2051,205,1,1999,8,18,39.471242,-82.572194,1100,0,1,"",2008-06-20,"10661","",2010-06-09,"10661",6,1
"159623797010661","167774206010661","1320459010538",1999,39,1,79,1841,184,1,1999,8,20,39.17169,-82.631752,700,0,1,"",2008-06-20,"10661","",2010-06-09,"10661",6,1
"159623799010661","167774206010661","1320477010538",1999,39,3,81,8041,804,1,1999,8,20,40.32109,-80.813476,1180,0,1,"",2008-06-20,"10661","",2010-06-09,"10661",6,1
"159623801010661","167774206010661","1320460010538",1999,39,1,87,301,30,1,1999,8,17,38.660739,-82.570485,970,0,1,"",2008-06-20,"10661","",2010-06-09,"10661",6,1
"159623803010661","167774206010661","1320466010538",1999,39,2,105,2421,242,1,1999,8,20,39.159237,-81.84523,800,0,1,"",2008-06-20,"10661","",2010-06-09,"10661",6,1
"159623805010661","167774206010661","1320479010538",1999,39,3,119,5291,529,1,1999,8,11,39.871971,-81.789791,720,0,1,"",2008-06-20,"10661","",2010-06-09,"10661",6,1
"159623807010661","167774206010661","1320468010538",1999,39,2,127,10451,1045,1,1999,8,19,39.797328,-82.292512,1020,0,1,"",2008-06-20,"10661","",2010-06-09,"10661",6,1
"159623809010661","167774206010661","1320461010538",1999,39,1,131,4601,460,1,1999,8,18,39.175657,-83.265439,1400,0,1,"",2008-06-20,"10661","",2010-06-09,"10661",6,1
"159623813010661","167774206010661","1320462010538",1999,39,1,141,3841,384,1,1999,8,17,39.322001,-82.962125,660,0,1,"",2008-06-20,"10661","",2010-06-09,"10661",6,1
"159623811010661","167774206010661","1320462010538",1999,39,1,141,14121,1412,1,1999,8,19,39.357005,-82.862012,900,0,1,"",2008-06-20,"10661","",2010-06-09,"10661",6,1
"159622591010661","167774206010661","1320463010538",1999,39,1,145,451,45,1,1999,8,18,38.648741,-83.160266,1200,0,1,"",2008-06-20,"10661","",2010-06-09,"10661",6,1
"159622589010661","167774206010661","1320463010538",1999,39,1,145,1531,153,1,1999,8,18,38.66305,-83.144208,710,0,1,"",2008-06-20,"10661","",2010-06-09,"10661",6,1
"159622595010661","167774206010661","1320469010538",1999,39,2,163,1141,114,1,1999,8,18,39.193269,-82.379913,1000,0,1,"",2008-06-20,"10661","",2010-06-09,"10661",6,1
"159622593010661","167774206010661","1320469010538",1999,39,2,163,1921,192,1,1999,8,18,39.249979,-82.397302,800,0,1,"",2008-06-20,"10661","",2010-06-09,"10661",6,1
"159622407010661","159471099010661","1320475010538",2000,39,3,67,10341,1034,1,2000,8,14,40.300738,-81.114495,1260,1.4,1,"",2008-06-20,"10661","",2010-06-09,"10661",7,1
"159622401010661","159471099010661","1320454010538",2000,39,1,1,11491,1149,1,2000,8,1,38.86438,-83.383589,775,1.4,1,"",2008-06-20,"10661","",2010-06-09,"10661",7,1
"159622403010661","159471099010661","1320482010538",2000,39,4,5,9191,919,1,2000,8,14,40.655874,-82.277678,1350,1.4,1,"",2008-06-20,"10661","",2010-06-09,"10661",7,1
"159622405010661","159471099010661","1320484010538",2000,39,4,29,9611,961,1,2000,8,14,40.660943,-80.854344,1280,1.4,1,"",2008-06-20,"10661","",2010-06-09,"10661",7,1
"159622409010661","159471099010661","1320524010538",2000,39,6,69,3461,346,1,2000,8,15,41.475066,-83.898786,465,1.4,1,"",2008-06-20,"10661","",2010-06-09,"10661",7,1
"159622411010661","159471099010661","1320465010538",2000,39,2,73,2051,205,1,2000,8,2,39.471242,-82.572194,1120,1.4,1,"",2008-06-20,"10661","",2010-06-09,"10661",7,1
"159622413010661","159471099010661","1320459010538",2000,39,1,79,1841,184,1,2000,8,2,39.17169,-82.631752,710,1.4,1,"",2008-06-20,"10661","",2010-06-09,"10661",7,1
"159622415010661","159471099010661","1320477010538",2000,39,3,81,8041,804,1,2000,8,14,40.32109,-80.813476,1180,1.4,1,"",2008-06-20,"10661","",2010-06-09,"10661",7,1
"159622417010661","159471099010661","1320460010538",2000,39,1,87,301,30,1,2000,8,2,38.660739,-82.570485,970,1.4,1,"",2008-06-20,"10661","",2010-06-09,"10661",7,1
"159622419010661","159471099010661","1320466010538",2000,39,2,105,2421,242,1,2000,8,8,39.159237,-81.84523,810,1.4,1,"",2008-06-20,"10661","",2010-06-09,"10661",7,1
"159622421010661","159471099010661","1320479010538",2000,39,3,119,5291,529,1,2000,8,8,39.871971,-81.789791,740,1.4,1,"",2008-06-20,"10661","",2010-06-09,"10661",7,1
"159622423010661","159471099010661","1320468010538",2000,39,2,127,10451,1045,1,2000,8,8,39.797328,-82.292512,1060,1.4,1,"",2008-06-20,"10661","",2010-06-09,"10661",7,1
"159622425010661","159471099010661","1320461010538",2000,39,1,131,4601,460,1,2000,8,1,39.175657,-83.265439,1215,1.4,1,"",2008-06-20,"10661","",2010-06-09,"10661",7,1
"159622429010661","159471099010661","1320462010538",2000,39,1,141,3841,384,1,2000,8,4,39.322001,-82.962125,660,1.4,1,"",2008-06-20,"10661","",2010-06-09,"10661",7,1
"159622427010661","159471099010661","1320462010538",2000,39,1,141,10141,1014,1,2000,8,4,39.446809,-82.867841,1125,1.4,1,"",2008-06-20,"10661","",2010-06-09,"10661",7,1
"159622433010661","159471099010661","1320463010538",2000,39,1,145,451,45,1,2000,8,1,38.648741,-83.160266,1200,1.4,1,"",2008-06-20,"10661","",2010-06-09,"10661",7,1
"159622431010661","159471099010661","1320463010538",2000,39,1,145,1531,153,1,2000,8,1,38.66305,-83.144208,770,1.4,1,"",2008-06-20,"10661","",2010-06-09,"10661",7,1
"159622437010661","159471099010661","1320469010538",2000,39,2,163,1141,114,1,2000,8,2,39.193269,-82.379913,990,1.4,1,"",2008-06-20,"10661","",2010-06-09,"10661",7,1
"159622435010661","159471099010661","1320469010538",2000,39,2,163,1921,192,1,2000,8,2,39.249979,-82.397302,770,1.4,1,"",2008-06-20,"10661","",2010-06-09,"10661",7,1
"159621029010661","159470352010661","1320455010538",2001,39,1,15,6481,648,1,2001,8,23,39.100364,-83.906418,900,1.5,1,"",2008-06-20,"10661","",2010-06-09,"10661",8,1
"159621023010661","159470352010661","1320454010538",2001,39,1,1,3921,392,1,2001,8,23,38.8244,-83.642943,964,1.5,1,"",2008-06-20,"10661","",2010-06-09,"10661",8,1
"159621025010661","159470352010661","1320483010538",2001,39,4,7,7431,743,1,2001,8,23,41.543792,-80.776385,1059,1.5,1,"",2008-06-20,"10661","",2010-06-09,"10661",8,1
"159621027010661","159470352010661","1320471010538",2001,39,3,13,8321,832,1,2001,8,22,40.076166,-81.115665,1280,1.5,1,"",2008-06-20,"10661","",2010-06-09,"10661",8,1
"159621031010661","159470352010661","1320502010538",2001,39,5,37,14591,1459,1,2001,8,22,40.206339,-84.579981,1000,1.5,1,"",2008-06-20,"10661","",2010-06-09,"10661",8,1
"159621033010661","159470352010661","1320520010538",2001,39,6,41,2511,251,1,2001,8,7,40.245601,-82.99479,975,1.5,1,"",2008-06-20,"10661","",2010-06-09,"10661",8,1
"159621035010661","159470352010661","1320520010538",2001,39,6,41,8681,868,1,2001,8,21,40.348801,-83.135991,871,1.5,1,"",2008-06-20,"10661","",2010-06-09,"10661",8,1
"159621037010661","159470352010661","1320486010538",2001,39,4,43,9581,958,1,2001,8,21,41.358468,-82.723817,620,1.5,1,"",2008-06-20,"10661","",2010-06-09,"10661",8,1
"159621039010661","159470352010661","1320504010538",2001,39,5,47,12131,1213,1,2001,8,22,39.586292,-83.305128,837,1.5,1,"",2008-06-20,"10661","",2010-06-09,"10661",8,1
"159621041010661","159470352010661","1320506010538",2001,39,5,57,14351,1435,1,2001,8,22,39.609909,-84.010468,863,1.5,1,"",2008-06-20,"10661","",2010-06-09,"10661",8,1
"159621043010661","159470352010661","1320474010538",2001,39,3,59,4441,444,1,2001,8,23,40.124263,-81.697137,1182,1.5,1,"",2008-06-20,"10661","",2010-06-09,"10661",8,1
"159621045010661","159470352010661","1320458010538",2001,39,1,71,8741,874,1,2001,8,23,39.323019,-83.602994,1122,1.5,1,"",2008-06-20,"10661","",2010-06-09,"10661",8,1
"159621047010661","159470352010661","1320465010538",2001,39,2,73,12521,1252,1,2001,8,1,39.397222,-82.641754,963,1.5,1,"",2008-06-20,"10661","",2010-06-09,"10661",8,1
"159621051010661","159470352010661","1320459010538",2001,39,1,79,3701,370,1,2001,8,24,38.958645,-82.515822,665,1.5,1,"",2008-06-20,"10661","",2010-06-09,"10661",8,1
"159621049010661","159470352010661","1320488010538",2001,39,4,77,13861,1386,1,2001,8,20,41.046154,-82.746779,930,1.5,1,"",2008-06-20,"10661","",2010-06-09,"10661",8,1
"159621053010661","159470352010661","1320525010538",2001,39,6,83,12991,1299,1,2001,7,31,40.391467,-82.307617,945,1.5,1,"",2008-06-20,"10661","",2010-06-09,"10661",8,1
"159621055010661","159470352010661","1320489010538",2001,39,4,85,2351,235,1,2001,8,24,41.687595,-81.261132,975,1.5,1,"",2008-06-20,"10661","",2010-06-09,"10661",8,1
"159621057010661","159470352010661","1320492010538",2001,39,4,103,4691,469,1,2001,8,21,41.014799,-81.995871,900,1.5,1,"",2008-06-20,"10661","",2010-06-09,"10661",8,1
"159621059010661","159470352010661","1320492010538",2001,39,4,103,5321,532,1,2001,8,20,41.191984,-81.811566,1100,1.5,1,"",2008-06-20,"10661","",2010-06-09,"10661",8,1
"159621061010661","159470352010661","1320466010538",2001,39,2,105,7461,746,1,2001,8,24,39.118137,-81.838284,656,1.5,1,"",2008-06-20,"10661","",2010-06-09,"10661",8,1
"159621063010661","159470352010661","1320478010538",2001,39,3,111,10871,1087,1,2001,8,22,39.765268,-81.300358,1054,1.5,1,"",2008-06-20,"10661","",2010-06-09,"10661",8,1
"159621065010661","159470352010661","1320479010538",2001,39,3,119,11801,1180,1,2001,8,21,39.932034,-82.047912,780,1.5,1,"",2008-06-20,"10661","",2010-06-09,"10661",8,1
"159621067010661","159470352010661","1320461010538",2001,39,1,131,8671,867,1,2001,8,23,39.11922,-83.063307,637,1.5,1,"",2008-06-20,"10661","",2010-06-09,"10661",8,1
"159621069010661","159470352010661","1320493010538",2001,39,4,133,311,31,1,2001,8,10,41.258753,-81.177975,1200,1.5,1,"",2008-06-20,"10661","",2010-06-09,"10661",8,1
"159621071010661","159470352010661","1320513010538",2001,39,5,135,2871,287,1,2001,8,22,39.576402,-84.698738,955,1.5,1,"",2008-06-20,"10661","",2010-06-09,"10661",8,1
"159621073010661","159470352010661","1320463010538",2001,39,1,145,13481,1348,1,2001,8,16,38.872712,-82.905909,900,1.5,1,"",2008-06-20,"10661","",2010-06-09,"10661",8,1
"159621077010661","159470352010661","1320495010538",2001,39,4,151,4531,453,1,2001,8,23,40.885044,-81.228732,1215,1.5,1,"",2008-06-20,"10661","",2010-06-09,"10661",8,1
"159621075010661","159470352010661","1320495010538",2001,39,4,151,13541,1354,1,2001,8,22,40.667702,-81.512756,1035,1.5,1,"",2008-06-20,"10661","",2010-06-09,"10661",8,1
"159621079010661","159470352010661","1320481010538",2001,39,3,157,8191,819,1,2001,8,23,40.463445,-81.431996,873,1.5,1,"",2008-06-20,"10661","",2010-06-09,"10661",8,1
"159621081010661","159470352010661","1320469010538",2001,39,2,163,5741,574,1,2001,8,23,39.324782,-82.54242,708,1.5,1,"",2008-06-20,"10661","",2010-06-09,"10661",8,1
"159621083010661","159470352010661","1320470010538",2001,39,2,167,10111,1011,1,2001,8,8,39.362711,-81.334896,786,1.5,1,"",2008-06-20,"10661","",2010-06-09,"10661",8,1
"159621085010661","159470352010661","1320498010538",2001,39,4,169,12741,1274,1,2001,8,21,40.693823,-82.089251,993,1.5,1,"",2008-06-20,"10661","",2010-06-09,"10661",8,1
"159621087010661","159470352010661","1320540010538",2001,39,6,173,9181,918,1,2001,8,21,41.325164,-83.838499,629,1.5,1,"",2008-06-20,"10661","",2010-06-09,"10661",8,1
"159621089010661","159470352010661","1320541010538",2001,39,6,175,6571,657,1,2001,8,21,40.880481,-83.404792,780,1.5,1,"",2008-06-20,"10661","",2010-06-09,"10661",8,1
"159624539010661","159469591010661","1320454010538",2002,39,1,1,3921,392,1,2002,8,14,38.8244,-83.642943,964,1.6,1,"",2008-06-20,"10661","",2010-06-09,"10661",9,1
"159624541010661","159469591010661","1320483010538",2002,39,4,7,7431,743,1,2002,8,22,41.543792,-80.776385,1059,1.6,1,"",2008-06-20,"10661","",2010-06-09,"10661",9,1
"159624543010661","159469591010661","1320471010538",2002,39,3,13,15641,1564,1,2002,8,15,40.018719,-81.045819,1201,1.6,1,"",2008-06-20,"10661","",2010-06-09,"10661",9,1
"159624545010661","159469591010661","1320455010538",2002,39,1,15,6481,648,1,2002,8,16,39.100364,-83.906418,900,1.6,1,"",2008-06-20,"10661","",2010-06-09,"10661",9,1
"159624547010661","159469591010661","1320502010538",2002,39,5,37,4851,485,1,2002,8,15,40.199578,-84.501766,1000,1.6,1,"",2008-06-20,"10661","",2010-06-09,"10661",9,1
"159624549010661","159469591010661","1320520010538",2002,39,6,41,8681,868,1,2002,8,13,40.348801,-83.135991,871,1.6,1,"",2008-06-20,"10661","",2010-06-09,"10661",9,1
"159624551010661","159469591010661","1320520010538",2002,39,6,41,8921,892,1,2002,8,14,40.286902,-82.928937,960,1.6,1,"",2008-06-20,"10661","",2010-06-09,"10661",9,1
"159624553010661","159469591010661","1320486010538",2002,39,4,43,9581,958,1,2002,8,28,41.358468,-82.723817,620,1.6,1,"",2008-06-20,"10661","",2010-06-09,"10661",9,1
"159624555010661","159469591010661","1320504010538",2002,39,5,47,12131,1213,1,2002,8,14,39.586292,-83.305128,837,1.6,1,"",2008-06-20,"10661","",2010-06-09,"10661",9,1
"159624557010661","159469591010661","1320506010538",2002,39,5,57,14351,1435,1,2002,8,15,39.609909,-84.010468,863,1.6,1,"",2008-06-20,"10661","",2010-06-09,"10661",9,1
"159624559010661","159469591010661","1320474010538",2002,39,3,59,3181,318,1,2002,8,15,40.111286,-81.622874,804,1.6,1,"",2008-06-20,"10661","",2010-06-09,"10661",9,1
"159624561010661","159469591010661","1320458010538",2002,39,1,71,8741,874,1,2002,8,14,39.323019,-83.602994,1122,1.6,1,"",2008-06-20,"10661","",2010-06-09,"10661",9,1
"159624563010661","159469591010661","1320465010538",2002,39,2,73,1881,188,1,2002,8,12,39.468412,-82.604922,1066,1.6,1,"",2008-06-20,"10661","",2010-06-09,"10661",9,1
"159624565010661","159469591010661","1320488010538",2002,39,4,77,13861,1386,1,2002,8,28,41.046154,-82.746779,930,1.6,1,"",2008-06-20,"10661","",2010-06-09,"10661",9,1
"159624567010661","159469591010661","1320459010538",2002,39,1,79,3701,370,1,2002,8,27,38.958645,-82.515822,665,1.6,1,"",2008-06-20,"10661","",2010-06-09,"10661",9,1
"159624569010661","159469591010661","1320489010538",2002,39,4,85,2351,235,1,2002,8,22,41.687595,-81.261132,975,1.6,1,"",2008-06-20,"10661","",2010-06-09,"10661",9,1
"159624571010661","159469591010661","1320508010538",2002,39,5,89,1221,122,1,2002,8,14,40.151518,-82.383651,1114,1.6,1,"",2008-06-20,"10661","",2010-06-09,"10661",9,1
"159624573010661","159469591010661","1320491010538",2002,39,4,99,1461,146,1,2002,8,27,41.123607,-80.862233,1055,1.6,1,"",2008-06-20,"10661","",2010-06-09,"10661",9,1
"159624575010661","159469591010661","1320492010538",2002,39,4,103,5321,532,1,2002,8,27,41.191984,-81.811566,1165,1.6,1,"",2008-06-20,"10661","",2010-06-09,"10661",9,1
"159624577010661","159469591010661","1320492010538",2002,39,4,103,6151,615,1,2002,8,27,41.016574,-81.955158,955,1.6,1,"",2008-06-20,"10661","",2010-06-09,"10661",9,1
"159624579010661","159469591010661","1320466010538",2002,39,2,105,7461,746,1,2002,8,27,39.118137,-81.838284,656,1.6,1,"",2008-06-20,"10661","",2010-06-09,"10661",9,1
"159624581010661","159469591010661","1320478010538",2002,39,3,111,4841,484,1,2002,8,14,39.708849,-81.149776,1013,1.6,1,"",2008-06-20,"10661","",2010-06-09,"10661",9,1
"159624583010661","159469591010661","1320479010538",2002,39,3,119,11801,1180,1,2002,8,14,39.932034,-82.047912,780,1.6,1,"",2008-06-20,"10661","",2010-06-09,"10661",9,1
"159624585010661","159469591010661","1320461010538",2002,39,1,131,8671,867,1,2002,8,12,39.11922,-83.063307,637,1.6,1,"",2008-06-20,"10661","",2010-06-09,"10661",9,1
"159624587010661","159469591010661","1320513010538",2002,39,5,135,2871,287,1,2002,8,15,39.576402,-84.698738,955,1.6,1,"",2008-06-20,"10661","",2010-06-09,"10661",9,1
"159624589010661","159469591010661","1320463010538",2002,39,1,145,4511,451,1,2002,8,13,38.809355,-82.932933,568,1.6,1,"",2008-06-20,"10661","",2010-06-09,"10661",9,1
"159624593010661","159469591010661","1320495010538",2002,39,4,151,4531,453,1,2002,8,28,40.885044,-81.228732,1215,1.6,1,"",2008-06-20,"10661","",2010-06-09,"10661",9,1
"159624591010661","159469591010661","1320495010538",2002,39,4,151,10621,1062,1,2002,8,12,40.75803,-81.340198,1139,1.6,1,"",2008-06-20,"10661","",2010-06-09,"10661",9,1
"159624595010661","159469591010661","1320481010538",2002,39,3,157,8191,819,1,2002,8,12,40.463445,-81.431996,873,1.6,1,"",2008-06-20,"10661","",2010-06-09,"10661",9,1
"159624597010661","159469591010661","1320469010538",2002,39,2,163,5741,574,1,2002,8,27,39.324782,-82.54242,708,1.6,1,"",2008-06-20,"10661","",2010-06-09,"10661",9,1
"159624599010661","159469591010661","1320470010538",2002,39,2,167,10411,1041,1,2002,8,26,39.465234,-81.483839,778,1.6,1,"",2008-06-20,"10661","",2010-06-09,"10661",9,1
"159624601010661","159469591010661","1320498010538",2002,39,4,169,4701,470,1,2002,8,13,40.679701,-82.038926,1088,1.6,1,"",2008-06-20,"10661","",2010-06-09,"10661",9,1
"159624603010661","159469591010661","1320540010538",2002,39,6,173,9181,918,1,2002,8,28,41.325164,-83.838499,629,1.6,1,"",2008-06-20,"10661","",2010-06-09,"10661",9,1
"159624605010661","159469591010661","1320541010538",2002,39,6,175,6571,657,1,2002,8,13,40.880481,-83.404792,780,1.6,1,"",2008-06-20,"10661","",2010-06-09,"10661",9,1
"65379593010538","54164361010538","1320455010538",2003,39,1,15,6481,648,1,2003,8,6,39.100364,-83.906418,,1.7,1,"",2007-01-26,"10538","",2010-06-09,"10661",10,1
"65379587010538","54164361010538","1320454010538",2003,39,1,1,3921,392,1,2003,8,5,38.8244,-83.642943,,1.7,1,"",2007-01-26,"10538","",2010-06-09,"10661",10,1
"65379589010538","54164361010538","1320483010538",2003,39,4,7,7431,743,1,2003,8,20,41.543792,-80.776385,,1.7,1,"",2007-01-26,"10538","",2010-06-09,"10661",10,1
"65379591010538","54164361010538","1320471010538",2003,39,3,13,15641,1564,1,2003,8,18,40.018719,-81.045819,,1.7,1,"",2007-01-26,"10538","",2010-06-09,"10661",10,1
"65379595010538","54164361010538","1320502010538",2003,39,5,37,4851,485,1,2003,8,7,40.199578,-84.501766,,1.7,1,"",2007-01-26,"10538","",2010-06-09,"10661",10,1
"65379597010538","54164361010538","1320520010538",2003,39,6,41,8681,868,1,2003,8,14,40.348801,-83.135991,,1.7,1,"",2007-01-26,"10538","",2010-06-09,"10661",10,1
"65379599010538","54164361010538","1320520010538",2003,39,6,41,8921,892,1,2003,8,11,40.286902,-82.928937,,1.7,1,"",2007-01-26,"10538","",2010-06-09,"10661",10,1
"65379601010538","54164361010538","1320486010538",2003,39,4,43,9581,958,1,2003,8,13,41.358468,-82.723817,,1.7,1,"",2007-01-26,"10538","",2010-06-09,"10661",10,1
"65379603010538","54164361010538","1320504010538",2003,39,5,47,12131,1213,1,2003,8,7,39.586292,-83.305128,,1.7,1,"",2007-01-26,"10538","",2010-06-09,"10661",10,1
"65379605010538","54164361010538","1320506010538",2003,39,5,57,14351,1435,1,2003,8,6,39.609909,-84.010468,,1.7,1,"",2007-01-26,"10538","",2010-06-09,"10661",10,1
"65379607010538","54164361010538","1320474010538",2003,39,3,59,3181,318,1,2003,8,14,40.111286,-81.622874,,1.7,1,"",2007-01-26,"10538","",2010-06-09,"10661",10,1
"65379609010538","54164361010538","1320458010538",2003,39,1,71,8741,874,1,2003,8,6,39.323019,-83.602994,,1.7,1,"",2007-01-26,"10538","",2010-06-09,"10661",10,1
"65379611010538","54164361010538","1320465010538",2003,39,2,73,1881,188,1,2003,8,12,39.468412,-82.604922,,1.7,1,"",2007-01-26,"10538","",2010-06-09,"10661",10,1
"65379613010538","54164361010538","1320488010538",2003,39,4,77,13861,1386,1,2003,8,13,41.046154,-82.746779,,1.7,1,"",2007-01-26,"10538","",2010-06-09,"10661",10,1
"65379615010538","54164361010538","1320459010538",2003,39,1,79,3701,370,1,2003,7,30,38.958645,-82.515822,,1.7,1,"",2007-01-26,"10538","",2010-06-09,"10661",10,1
"65379617010538","54164361010538","1320489010538",2003,39,4,85,2351,235,1,2003,8,20,41.687595,-81.261132,,1.7,1,"",2007-01-26,"10538","",2010-06-09,"10661",10,1
"65379619010538","54164361010538","1320508010538",2003,39,5,89,1221,122,1,2003,8,14,40.151518,-82.383651,,1.7,1,"",2007-01-26,"10538","",2010-06-09,"10661",10,1
"65379621010538","54164361010538","1320491010538",2003,39,4,99,1461,146,1,2003,8,19,41.123607,-80.862233,,1.7,1,"",2007-01-26,"10538","",2010-06-09,"10661",10,1
"65379629010538","54164361010538","1320478010538",2003,39,3,111,4841,484,1,2003,7,31,39.708849,-81.149776,,1.7,1,"",2007-01-26,"10538","",2010-06-09,"10661",10,1
"65379623010538","54164361010538","1320492010538",2003,39,4,103,5321,532,1,2003,8,20,41.191984,-81.811566,,1.7,1,"",2007-01-26,"10538","",2010-06-09,"10661",10,1
"65379625010538","54164361010538","1320492010538",2003,39,4,103,6151,615,1,2003,8,21,41.016574,-81.955158,,1.7,1,"",2007-01-26,"10538","",2010-06-09,"10661",10,1
"65379627010538","54164361010538","1320466010538",2003,39,2,105,7461,746,1,2003,7,30,39.118137,-81.838284,,1.7,1,"",2007-01-26,"10538","",2010-06-09,"10661",10,1
"65379631010538","54164361010538","1320479010538",2003,39,3,119,11801,1180,1,2003,8,4,39.932034,-82.047912,,1.7,1,"",2007-01-26,"10538","",2010-06-09,"10661",10,1
"65379633010538","54164361010538","1320461010538",2003,39,1,131,8671,867,1,2003,8,5,39.11922,-83.063307,,1.7,1,"",2007-01-26,"10538","",2010-06-09,"10661",10,1
"65379635010538","54164361010538","1320513010538",2003,39,5,135,2871,287,1,2003,8,6,39.576402,-84.698738,,1.7,1,"",2007-01-26,"10538","",2010-06-09,"10661",10,1
"65379637010538","54164361010538","1320463010538",2003,39,1,145,4511,451,1,2003,7,30,38.809355,-82.932933,,1.7,1,"",2007-01-26,"10538","",2010-06-09,"10661",10,1
"65379641010538","54164361010538","1320495010538",2003,39,4,151,4531,453,1,2003,8,19,40.885044,-81.228732,,1.7,1,"",2007-01-26,"10538","",2010-06-09,"10661",10,1
"65379639010538","54164361010538","1320495010538",2003,39,4,151,10621,1062,1,2003,8,21,40.75803,-81.340198,,1.7,1,"",2007-01-26,"10538","",2010-06-09,"10661",10,1
"65379643010538","54164361010538","1320481010538",2003,39,3,157,8191,819,1,2003,8,21,40.463445,-81.431996,,1.7,1,"",2007-01-26,"10538","",2010-06-09,"10661",10,1
"65379645010538","54164361010538","1320469010538",2003,39,2,163,5741,574,1,2003,8,5,39.324782,-82.54242,,1.7,1,"",2007-01-26,"10538","",2010-06-09,"10661",10,1
"65379647010538","54164361010538","1320470010538",2003,39,2,167,10411,1041,1,2003,7,31,39.47467,-81.289357,,1.7,1,"",2007-01-26,"10538","",2010-06-09,"10661",10,1
"65379649010538","54164361010538","1320498010538",2003,39,4,169,4701,470,1,2003,8,14,40.679701,-82.038926,,1.7,1,"",2007-01-26,"10538","",2010-06-09,"10661",10,1
"65379651010538","54164361010538","1320540010538",2003,39,6,173,9181,918,1,2003,8,13,41.325164,-83.838499,,1.7,1,"",2007-01-26,"10538","",2010-06-09,"10661",10,1
"65379653010538","54164361010538","1320541010538",2003,39,6,175,6571,657,1,2003,8,12,40.880481,-83.404792,,1.7,1,"",2007-01-26,"10538","",2010-06-09,"10661",10,1
"65379785010538","63139656010538","1320454010538",2004,39,1,1,3921,392,1,2004,8,12,38.8244,-83.642943,,2,1,"",2007-01-26,"10538","",2010-06-09,"10661",11,1
"65379787010538","63139656010538","1320483010538",2004,39,4,7,7431,743,1,2004,8,2,41.543792,-80.776385,,2,1,"",2007-01-26,"10538","",2010-06-09,"10661",11,1
"65379789010538","63139656010538","1320471010538",2004,39,3,13,15641,1564,1,2004,8,5,40.018719,-81.045819,,2,1,"",2007-01-26,"10538","",2010-06-09,"10661",11,1
"65379791010538","63139656010538","1320455010538",2004,39,1,15,6481,648,1,2004,8,11,39.100364,-83.906418,,2,1,"",2007-01-26,"10538","",2010-06-09,"10661",11,1
"65379793010538","63139656010538","1320502010538",2004,39,5,37,4851,485,1,2004,7,28,40.199578,-84.501766,,2,1,"",2007-01-26,"10538","",2010-06-09,"10661",11,1
"65379795010538","63139656010538","1320520010538",2004,39,6,41,8681,868,1,2004,7,29,40.348801,-83.135991,,2,1,"",2007-01-26,"10538","",2010-06-09,"10661",11,1
"65379797010538","63139656010538","1320520010538",2004,39,6,41,8921,892,1,2004,7,28,40.286902,-82.928937,,2,1,"",2007-01-26,"10538","",2010-06-09,"10661",11,1
"65379799010538","63139656010538","1320486010538",2004,39,4,43,9581,958,1,2004,7,27,41.358468,-82.723817,,2,1,"",2007-01-26,"10538","",2010-06-09,"10661",11,1
"65379801010538","63139656010538","1320504010538",2004,39,5,47,12131,1213,1,2004,8,10,39.586292,-83.305128,,2,1,"",2007-01-26,"10538","",2010-06-09,"10661",11,1
"65379803010538","63139656010538","1320506010538",2004,39,5,57,14351,1435,1,2004,8,11,39.609909,-84.010468,,2,1,"",2007-01-26,"10538","",2010-06-09,"10661",11,1
"65379805010538","63139656010538","1320474010538",2004,39,3,59,3181,318,1,2004,8,9,40.111286,-81.622874,,2,1,"",2007-01-26,"10538","",2010-06-09,"10661",11,1
"65379807010538","63139656010538","1320458010538",2004,39,1,71,8741,874,1,2004,8,11,39.323019,-83.602994,,2,1,"",2007-01-26,"10538","",2010-06-09,"10661",11,1
"65379809010538","63139656010538","1320465010538",2004,39,2,73,1881,188,1,2004,8,10,39.468412,-82.604922,,2,1,"",2007-01-26,"10538","",2010-06-09,"10661",11,1
"65379811010538","63139656010538","1320488010538",2004,39,4,77,13861,1386,1,2004,7,29,41.046154,-82.746779,,2,1,"",2007-01-26,"10538","",2010-06-09,"10661",11,1
"65379813010538","63139656010538","1320459010538",2004,39,1,79,3701,370,1,2004,8,12,38.958645,-82.515822,,2,1,"",2007-01-26,"10538","",2010-06-09,"10661",11,1
"65379815010538","63139656010538","1320489010538",2004,39,4,85,2351,235,1,2004,8,2,41.687595,-81.261132,,2,1,"",2007-01-26,"10538","",2010-06-09,"10661",11,1
"65379817010538","63139656010538","1320508010538",2004,39,5,89,1221,122,1,2004,8,2,40.151518,-82.383651,,2,1,"",2007-01-26,"10538","",2010-06-09,"10661",11,1
"65379819010538","63139656010538","1320492010538",2004,39,4,103,5321,532,1,2004,8,2,41.191984,-81.811566,,2,1,"",2007-01-26,"10538","",2010-06-09,"10661",11,1
"65379821010538","63139656010538","1320492010538",2004,39,4,103,6151,615,1,2004,7,29,41.016574,-81.955158,,2,1,"",2007-01-26,"10538","",2010-06-09,"10661",11,1
"65379823010538","63139656010538","1320466010538",2004,39,2,105,7461,746,1,2004,8,16,39.118137,-81.838284,,2,1,"",2007-01-26,"10538","",2010-06-09,"10661",11,1
"65379825010538","63139656010538","1320478010538",2004,39,3,111,4841,484,1,2004,8,5,39.708849,-81.149776,,2,1,"",2007-01-26,"10538","",2010-06-09,"10661",11,1
"65379827010538","63139656010538","1320479010538",2004,39,3,119,11801,1180,1,2004,8,9,39.932034,-82.047912,,2,1,"",2007-01-26,"10538","",2010-06-09,"10661",11,1
"65379829010538","63139656010538","1320461010538",2004,39,1,131,8671,867,1,2004,8,10,39.11922,-83.063307,,2,1,"",2007-01-26,"10538","",2010-06-09,"10661",11,1
"65379831010538","63139656010538","1320513010538",2004,39,5,135,2871,287,1,2004,8,11,39.576402,-84.698738,,2,1,"",2007-01-26,"10538","",2010-06-09,"10661",11,1
"65379833010538","63139656010538","1320463010538",2004,39,1,145,4511,451,1,2004,8,12,38.809355,-82.932933,,2,1,"",2007-01-26,"10538","",2010-06-09,"10661",11,1
"65379837010538","63139656010538","1320495010538",2004,39,4,151,4531,453,1,2004,8,3,40.885044,-81.228732,,2,1,"",2007-01-26,"10538","",2010-06-09,"10661",11,1
"65379835010538","63139656010538","1320495010538",2004,39,4,151,10621,1062,1,2004,8,5,40.75803,-81.340198,,2,1,"",2007-01-26,"10538","",2010-06-09,"10661",11,1
"65379839010538","63139656010538","1320497010538",2004,39,4,155,1461,146,1,2004,8,3,41.332312,-80.87382,,2,1,"",2007-01-26,"10538","",2010-06-09,"10661",11,1
"65379841010538","63139656010538","1320481010538",2004,39,3,157,8191,819,1,2004,8,5,40.463445,-81.431996,,2,1,"",2007-01-26,"10538","",2010-06-09,"10661",11,1
"65379843010538","63139656010538","1320469010538",2004,39,2,163,5741,574,1,2004,8,10,39.357768,-82.446452,,2,1,"",2007-01-26,"10538","",2010-06-09,"10661",11,1
"65379845010538","63139656010538","1320470010538",2004,39,2,167,10411,1041,1,2004,8,16,39.549829,-81.568721,,2,1,"",2007-01-26,"10538","",2010-06-09,"10661",11,1
"65379847010538","63139656010538","1320498010538",2004,39,4,169,4701,470,1,2004,8,2,40.679701,-82.038926,,2,1,"",2007-01-26,"10538","",2010-06-09,"10661",11,1
"65379849010538","63139656010538","1320540010538",2004,39,6,173,9181,918,1,2004,7,27,41.325164,-83.838499,,2,1,"",2007-01-26,"10538","",2010-06-09,"10661",11,1
"65379851010538","63139656010538","1320541010538",2004,39,6,175,6571,657,1,2004,7,26,40.880481,-83.404792,,2,1,"",2007-01-26,"10538","",2010-06-09,"10661",11,1
"65380261010538","63139669010538","1320454010538",2005,39,1,1,3921,392,1,2005,8,2,38.8244,-83.642943,,2,1,"",2007-01-26,"10538","",2010-06-09,"10661",12,1
"65380263010538","63139669010538","1320483010538",2005,39,4,7,7431,743,1,2005,8,10,41.543792,-80.776385,,2,1,"",2007-01-26,"10538","",2010-06-09,"10661",12,1
"65380265010538","63139669010538","1320471010538",2005,39,3,13,15641,1564,1,2005,8,8,40.018719,-81.045819,,2,1,"",2007-01-26,"10538","",2010-06-09,"10661",12,1
"65380267010538","63139669010538","1320455010538",2005,39,1,15,6481,648,1,2005,8,2,39.100364,-83.906418,,2,1,"",2007-01-26,"10538","",2010-06-09,"10661",12,1
"65380269010538","63139669010538","1320502010538",2005,39,5,37,4851,485,1,2005,8,3,40.199578,-84.501766,,2,1,"",2007-01-26,"10538","",2010-06-09,"10661",12,1
"65380271010538","63139669010538","1320520010538",2005,39,6,41,8681,868,1,2005,8,4,40.348801,-83.135991,,2,1,"",2007-01-26,"10538","",2010-06-09,"10661",12,1
"65380273010538","63139669010538","1320520010538",2005,39,6,41,8921,892,1,2005,8,18,40.286902,-82.928937,,2,1,"",2007-01-26,"10538","",2010-06-09,"10661",12,1
"65380275010538","63139669010538","1320486010538",2005,39,4,43,9581,958,1,2005,8,15,41.358468,-82.723817,,2,1,"",2007-01-26,"10538","",2010-06-09,"10661",12,1
"65380277010538","63139669010538","1320504010538",2005,39,5,47,12131,1213,1,2005,8,1,39.586292,-83.305128,,2,1,"",2007-01-26,"10538","",2010-06-09,"10661",12,1
"65380279010538","63139669010538","1320506010538",2005,39,5,57,14351,1435,1,2005,8,2,39.609909,-84.010468,,2,1,"",2007-01-26,"10538","",2010-06-09,"10661",12,1
"65380281010538","63139669010538","1320474010538",2005,39,3,59,3181,318,1,2005,8,8,40.111286,-81.622874,,2,1,"",2007-01-26,"10538","",2010-06-09,"10661",12,1
"65380283010538","63139669010538","1320458010538",2005,39,1,71,8741,874,1,2005,8,2,39.323019,-83.602994,,2,1,"",2007-01-26,"10538","",2010-06-09,"10661",12,1
"65380285010538","63139669010538","1320465010538",2005,39,2,73,1881,188,1,2005,7,27,39.468412,-82.604922,,2,1,"",2007-01-26,"10538","",2010-06-09,"10661",12,1
"65380287010538","63139669010538","1320488010538",2005,39,4,77,13861,1386,1,2005,8,15,41.046154,-82.746779,,2,1,"",2007-01-26,"10538","",2010-06-09,"10661",12,1
"65380289010538","63139669010538","1320459010538",2005,39,1,79,3701,370,1,2005,7,26,38.958645,-82.515822,,2,1,"",2007-01-26,"10538","",2010-06-09,"10661",12,1
"65380291010538","63139669010538","1320489010538",2005,39,4,85,2351,235,1,2005,8,10,41.687595,-81.261132,,2,1,"",2007-01-26,"10538","",2010-06-09,"10661",12,1
"65380293010538","63139669010538","1320508010538",2005,39,5,89,1221,122,1,2005,8,4,40.151518,-82.383651,,2,1,"",2007-01-26,"10538","",2010-06-09,"10661",12,1
"65380295010538","63139669010538","1320492010538",2005,39,4,103,5321,532,1,2005,8,11,41.191984,-81.811566,,2,1,"",2007-01-26,"10538","",2010-06-09,"10661",12,1
"65380297010538","63139669010538","1320492010538",2005,39,4,103,6151,615,1,2005,8,11,41.016574,-81.955158,,2,1,"",2007-01-26,"10538","",2010-06-09,"10661",12,1
"65380299010538","63139669010538","1320466010538",2005,39,2,105,7461,746,1,2005,7,26,39.118137,-81.838284,,2,1,"",2007-01-26,"10538","",2010-06-09,"10661",12,1
"65380301010538","63139669010538","1320478010538",2005,39,3,111,4841,484,1,2005,8,9,39.708849,-81.149776,,2,1,"",2007-01-26,"10538","",2010-06-09,"10661",12,1
"65380303010538","63139669010538","1320479010538",2005,39,3,119,11801,1180,1,2005,8,8,39.932034,-82.047912,,2,1,"",2007-01-26,"10538","",2010-06-09,"10661",12,1
"65380305010538","63139669010538","1320461010538",2005,39,1,131,8671,867,1,2005,7,28,39.11922,-83.063307,,2,1,"",2007-01-26,"10538","",2010-06-09,"10661",12,1
"65380307010538","63139669010538","1320513010538",2005,39,5,135,2871,287,1,2005,8,3,39.576402,-84.698738,,2,1,"",2007-01-26,"10538","",2010-06-09,"10661",12,1
"65380309010538","63139669010538","1320463010538",2005,39,1,145,4511,451,1,2005,7,28,38.809355,-82.932933,,2,1,"",2007-01-26,"10538","",2010-06-09,"10661",12,1
"65380313010538","63139669010538","1320495010538",2005,39,4,151,4531,453,1,2005,8,10,40.885044,-81.228732,,2,1,"",2007-01-26,"10538","",2010-06-09,"10661",12,1
"65380311010538","63139669010538","1320495010538",2005,39,4,151,10621,1062,1,2005,8,9,40.75803,-81.340198,,2,1,"",2007-01-26,"10538","",2010-06-09,"10661",12,1
"65380315010538","63139669010538","1320497010538",2005,39,4,155,1461,146,1,2005,8,10,41.332312,-80.87382,,2,1,"",2007-01-26,"10538","",2010-06-09,"10661",12,1
"65380317010538","63139669010538","1320481010538",2005,39,3,157,8191,819,1,2005,8,9,40.463445,-81.431996,,2,1,"",2007-01-26,"10538","",2010-06-09,"10661",12,1
"65380319010538","63139669010538","1320469010538",2005,39,2,163,5741,574,1,2005,7,27,39.357768,-82.446452,,2,1,"",2007-01-26,"10538","",2010-06-09,"10661",12,1
"65380321010538","63139669010538","1320470010538",2005,39,2,167,10411,1041,1,2005,8,9,39.549829,-81.568721,,2,1,"",2007-01-26,"10538","",2010-06-09,"10661",12,1
"65380323010538","63139669010538","1320498010538",2005,39,4,169,4701,470,1,2005,8,11,40.679701,-82.038926,,2,1,"",2007-01-26,"10538","",2010-06-09,"10661",12,1
"65380325010538","63139669010538","1320540010538",2005,39,6,173,9181,918,1,2005,8,15,41.325164,-83.838499,,2,1,"",2007-01-26,"10538","",2010-06-09,"10661",12,1
"65380327010538","63139669010538","1320541010538",2005,39,6,175,6571,657,1,2005,8,15,40.880481,-83.404792,,2,1,"",2007-01-26,"10538","",2010-06-09,"10661",12,1
"65378941010538","65375954010538","1320455010538",2006,39,1,15,6481,648,1,2006,7,27,39.100364,-83.906418,,3,1,"",2007-01-26,"10538","",2010-06-09,"10661",13,1
"65378935010538","65375954010538","1320454010538",2006,39,1,1,3921,392,1,2006,7,27,38.8244,-83.642943,,3,1,"",2007-01-26,"10538","",2010-06-09,"10661",13,1
"65378937010538","65375954010538","1320483010538",2006,39,4,7,7431,743,1,2006,8,3,41.543792,-80.776385,,3,1,"",2007-01-26,"10538","",2010-06-09,"10661",13,1
"65378939010538","65375954010538","1320471010538",2006,39,3,13,15641,1564,1,2006,8,10,40.018719,-81.045819,,3,1,"",2007-01-26,"10538","",2010-06-09,"10661",13,1
"65378943010538","65375954010538","1320502010538",2006,39,5,37,4851,485,1,2006,8,1,40.199578,-84.501766,,3,1,"",2007-01-26,"10538","",2010-06-09,"10661",13,1
"65378945010538","65375954010538","1320520010538",2006,39,6,41,8681,868,1,2006,8,8,40.348801,-83.135991,,3,1,"",2007-01-26,"10538","",2010-06-09,"10661",13,1
"65378947010538","65375954010538","1320520010538",2006,39,6,41,8921,892,1,2006,8,8,40.281567,-82.980306,,3,1,"",2007-01-26,"10538","",2010-06-09,"10661",13,1
"65378949010538","65375954010538","1320486010538",2006,39,4,43,9581,958,1,2006,8,2,41.358468,-82.723817,,3,1,"",2007-01-26,"10538","",2010-06-09,"10661",13,1
"65378951010538","65375954010538","1320504010538",2006,39,5,47,12131,1213,1,2006,8,8,39.586292,-83.305128,,3,1,"",2007-01-26,"10538","",2010-06-09,"10661",13,1
"65378953010538","65375954010538","1320506010538",2006,39,5,57,14351,1435,1,2006,7,31,39.609909,-84.010468,,3,1,"",2007-01-26,"10538","",2010-06-09,"10661",13,1
"65378955010538","65375954010538","1320474010538",2006,39,3,59,3181,318,1,2006,8,9,40.111286,-81.622874,,3,1,"",2007-01-26,"10538","",2010-06-09,"10661",13,1
"65378957010538","65375954010538","1320458010538",2006,39,1,71,8741,874,1,2006,7,31,39.323019,-83.602994,,3,1,"",2007-01-26,"10538","",2010-06-09,"10661",13,1
"65378959010538","65375954010538","1320465010538",2006,39,2,73,1881,188,1,2006,8,14,39.468412,-82.604922,,3,1,"",2007-01-26,"10538","",2010-06-09,"10661",13,1
"65378961010538","65375954010538","1320488010538",2006,39,4,77,13861,1386,1,2006,8,2,41.046154,-82.746779,,3,1,"",2007-01-26,"10538","",2010-06-09,"10661",13,1
"65378963010538","65375954010538","1320459010538",2006,39,1,79,3701,370,1,2006,8,14,38.958645,-82.515822,,3,1,"",2007-01-26,"10538","",2010-06-09,"10661",13,1
"65378965010538","65375954010538","1320489010538",2006,39,4,85,2351,235,1,2006,8,2,41.687595,-81.261132,,3,1,"",2007-01-26,"10538","",2010-06-09,"10661",13,1
"65378967010538","65375954010538","1320508010538",2006,39,5,89,1221,122,1,2006,8,9,40.142783,-82.221979,,3,1,"",2007-01-26,"10538","",2010-06-09,"10661",13,1
"65378969010538","65375954010538","1320492010538",2006,39,4,103,5321,532,1,2006,8,2,41.191984,-81.811566,,3,1,"",2007-01-26,"10538","",2010-06-09,"10661",13,1
"65378971010538","65375954010538","1320492010538",2006,39,4,103,6151,615,1,2006,8,2,41.016574,-81.955158,,3,1,"",2007-01-26,"10538","",2010-06-09,"10661",13,1
"65378973010538","65375954010538","1320466010538",2006,39,2,105,7461,746,1,2006,8,14,39.118137,-81.838284,,3,1,"",2007-01-26,"10538","",2010-06-09,"10661",13,1
"65378975010538","65375954010538","1320478010538",2006,39,3,111,4841,484,1,2006,8,10,39.708849,-81.149776,,3,1,"",2007-01-26,"10538","",2010-06-09,"10661",13,1
"65378977010538","65375954010538","1320479010538",2006,39,3,119,11801,1180,1,2006,8,9,39.932034,-82.047912,,3,1,"",2007-01-26,"10538","",2010-06-09,"10661",13,1
"65378979010538","65375954010538","1320461010538",2006,39,1,131,8671,867,1,2006,8,8,39.11922,-83.063307,,3,1,"",2007-01-26,"10538","",2010-06-09,"10661",13,1
"65378981010538","65375954010538","1320513010538",2006,39,5,135,2871,287,1,2006,7,31,39.576402,-84.698738,,3,1,"",2007-01-26,"10538","",2010-06-09,"10661",13,1
"65378983010538","65375954010538","1320463010538",2006,39,1,145,4511,451,1,2006,7,27,38.809355,-82.932933,,3,1,"",2007-01-26,"10538","",2010-06-09,"10661",13,1
"65378987010538","65375954010538","1320495010538",2006,39,4,151,4531,453,1,2006,8,3,40.885044,-81.228732,,3,1,"",2007-01-26,"10538","",2010-06-09,"10661",13,1
"65378985010538","65375954010538","1320495010538",2006,39,4,151,10621,1062,1,2006,8,4,40.75803,-81.340198,,3,1,"",2007-01-26,"10538","",2010-06-09,"10661",13,1
"65378989010538","65375954010538","1320497010538",2006,39,4,155,1461,146,1,2006,8,3,41.332312,-80.87382,,3,1,"",2007-01-26,"10538","",2010-06-09,"10661",13,1
"65378997010538","65375954010538","1320498010538",2006,39,4,169,4701,470,1,2006,8,4,40.679701,-82.038926,,3,1,"",2007-01-26,"10538","",2010-06-09,"10661",13,1
"65378991010538","65375954010538","1320481010538",2006,39,3,157,8191,819,1,2006,8,9,40.463445,-81.431996,,3,1,"",2007-01-26,"10538","",2010-06-09,"10661",13,1
"65378993010538","65375954010538","1320469010538",2006,39,2,163,5741,574,1,2006,8,14,39.357768,-82.446452,,3,1,"",2007-01-26,"10538","",2010-06-09,"10661",13,1
"65378995010538","65375954010538","1320470010538",2006,39,2,167,10411,1041,1,2006,8,14,39.331503,-81.671281,,3,1,"",2007-01-26,"10538","",2010-06-09,"10661",13,1
"65378999010538","65375954010538","1320540010538",2006,39,6,173,9181,918,1,2006,8,1,41.325164,-83.838499,,3,1,"",2007-01-26,"10538","",2010-06-09,"10661",13,1
"65379001010538","65375954010538","1320541010538",2006,39,6,175,6571,657,1,2006,8,1,40.880481,-83.404792,,3,1,"",2007-01-26,"10538","",2010-06-09,"10661",13,1
"159624347010661","159227719010661","1320454010538",2007,39,1,1,3921,392,1,2007,8,7,38.8244,-83.642943,,3.1,1,"",2008-06-20,"10661","",2010-06-09,"10661",14,1
"159624349010661","159227719010661","1320483010538",2007,39,4,7,7431,743,1,2007,8,3,41.543792,-80.776385,,3.1,1,"",2008-06-20,"10661","",2010-06-09,"10661",14,1
"159624351010661","159227719010661","1320471010538",2007,39,3,13,15641,1564,1,2007,8,10,40.018719,-81.045819,,3.1,1,"",2008-06-20,"10661","",2010-06-09,"10661",14,1
"159624353010661","159227719010661","1320455010538",2007,39,1,15,6481,648,1,2007,8,7,39.100364,-83.906418,,3.1,1,"",2008-06-20,"10661","",2010-06-09,"10661",14,1
"159624355010661","159227719010661","1320502010538",2007,39,5,37,4851,485,1,2007,8,8,40.199578,-84.501766,,3.1,1,"",2008-06-20,"10661","",2010-06-09,"10661",14,1
"159624357010661","159227719010661","1320520010538",2007,39,6,41,8681,868,1,2007,8,2,40.348801,-83.135991,,3.1,1,"",2008-06-20,"10661","",2010-06-09,"10661",14,1
"159624359010661","159227719010661","1320520010538",2007,39,6,41,8682,868,2,2007,8,2,40.39867,-83.079618,,3.1,1,"",2008-06-20,"10661","",2010-06-09,"10661",14,1
"159624367010661","159227719010661","1320506010538",2007,39,5,57,14351,1435,1,2007,8,14,39.609909,-84.010468,,3.1,1,"",2008-06-20,"10661","",2010-06-09,"10661",14,1
"159624361010661","159227719010661","1320520010538",2007,39,6,41,8921,892,1,2007,8,15,40.281567,-82.980306,,3.1,1,"",2008-06-20,"10661","",2010-06-09,"10661",14,1
"159624363010661","159227719010661","1320486010538",2007,39,4,43,9581,958,1,2007,8,2,41.358468,-82.723817,,3.1,1,"",2008-06-20,"10661","",2010-06-09,"10661",14,1
"159624365010661","159227719010661","1320504010538",2007,39,5,47,12131,1213,1,2007,8,14,39.586292,-83.305128,,3.1,1,"",2008-06-20,"10661","",2010-06-09,"10661",14,1
"159624369010661","159227719010661","1320474010538",2007,39,3,59,3181,318,1,2007,8,9,40.111286,-81.622874,,3.1,1,"",2008-06-20,"10661","",2010-06-09,"10661",14,1
"159624371010661","159227719010661","1320458010538",2007,39,1,71,8741,874,1,2007,8,7,39.323019,-83.602994,,3.1,1,"",2008-06-20,"10661","",2010-06-09,"10661",14,1
"159624373010661","159227719010661","1320465010538",2007,39,2,73,1881,188,1,2007,8,9,39.468412,-82.604922,,3.1,1,"",2008-06-20,"10661","",2010-06-09,"10661",14,1
"159624375010661","159227719010661","1320488010538",2007,39,4,77,13861,1386,1,2007,8,1,41.046154,-82.746779,,3.1,1,"",2008-06-20,"10661","",2010-06-09,"10661",14,1
"159624377010661","159227719010661","1320459010538",2007,39,1,79,3701,370,1,2007,8,6,38.958645,-82.515822,,3.1,1,"",2008-06-20,"10661","",2010-06-09,"10661",14,1
"159624379010661","159227719010661","1320489010538",2007,39,4,85,2351,235,1,2007,7,31,41.687595,-81.261132,,3.1,1,"",2008-06-20,"10661","",2010-06-09,"10661",14,1
"159624381010661","159227719010661","1320508010538",2007,39,5,89,1221,122,1,2007,8,15,40.135732,-82.284851,,3.1,1,"",2008-06-20,"10661","",2010-06-09,"10661",14,1
"159624383010661","159227719010661","1320492010538",2007,39,4,103,5321,532,1,2007,7,31,41.191984,-81.811566,,3.1,1,"",2008-06-20,"10661","",2010-06-09,"10661",14,1
"159624385010661","159227719010661","1320492010538",2007,39,4,103,6151,615,1,2007,8,1,41.016574,-81.955158,,3.1,1,"",2008-06-20,"10661","",2010-06-09,"10661",14,1
"159624387010661","159227719010661","1320466010538",2007,39,2,105,7461,746,1,2007,8,9,39.118137,-81.838284,,3.1,1,"",2008-06-20,"10661","",2010-06-09,"10661",14,1
"159624389010661","159227719010661","1320478010538",2007,39,3,111,4841,484,1,2007,8,16,39.708849,-81.149776,,3.1,1,"",2008-06-20,"10661","",2010-06-09,"10661",14,1
"159624391010661","159227719010661","1320479010538",2007,39,3,119,11801,1180,1,2007,8,10,39.932034,-82.047912,,3.1,1,"",2008-06-20,"10661","",2010-06-09,"10661",14,1
"159624393010661","159227719010661","1320461010538",2007,39,1,131,8671,867,1,2007,8,6,39.11922,-83.063307,,3.1,1,"",2008-06-20,"10661","",2010-06-09,"10661",14,1
"159624395010661","159227719010661","1320513010538",2007,39,5,135,2871,287,1,2007,8,7,39.576402,-84.698738,,3.1,1,"",2008-06-20,"10661","",2010-06-09,"10661",14,1
"159623225010661","159227719010661","1320463010538",2007,39,1,145,4511,451,1,2007,8,6,38.809355,-82.932933,,3.1,1,"",2008-06-20,"10661","",2010-06-09,"10661",14,1
"159623229010661","159227719010661","1320495010538",2007,39,4,151,4531,453,1,2007,7,30,40.885044,-81.228732,,3.1,1,"",2008-06-20,"10661","",2010-06-09,"10661",14,1
"159623227010661","159227719010661","1320495010538",2007,39,4,151,10621,1062,1,2007,8,15,40.75803,-81.340198,,3.1,1,"",2008-06-20,"10661","",2010-06-09,"10661",14,1
"159623231010661","159227719010661","1320497010538",2007,39,4,155,1461,146,1,2007,7,30,41.332312,-80.87382,,3.1,1,"",2008-06-20,"10661","",2010-06-09,"10661",14,1
"159623233010661","159227719010661","1320481010538",2007,39,3,157,8191,819,1,2007,8,16,40.463445,-81.431996,,3.1,1,"",2008-06-20,"10661","",2010-06-09,"10661",14,1
"159623235010661","159227719010661","1320469010538",2007,39,2,163,5741,574,1,2007,8,9,39.357768,-82.446452,,3.1,1,"",2008-06-20,"10661","",2010-06-09,"10661",14,1
"159623237010661","159227719010661","1320470010538",2007,39,2,167,10411,1041,1,2007,8,14,39.331503,-81.671281,,3.1,1,"",2008-06-20,"10661","",2010-06-09,"10661",14,1
"159623239010661","159227719010661","1320498010538",2007,39,4,169,4701,470,1,2007,8,15,40.679701,-82.038926,,3.1,1,"",2008-06-20,"10661","",2010-06-09,"10661",14,1
"159623241010661","159227719010661","1320540010538",2007,39,6,173,9181,918,1,2007,8,1,41.325164,-83.838499,,3.1,1,"",2008-06-20,"10661","",2010-06-09,"10661",14,1
"159623243010661","159227719010661","1320541010538",2007,39,6,175,6571,657,1,2007,8,2,40.880481,-83.404792,,3.1,1,"",2008-06-20,"10661","",2010-06-09,"10661",14,1
"192898812010661","172086041010661","1320454010538",2008,39,1,1,3921,392,1,2008,8,4,38.8244,-83.642943,,4,1,"",2009-04-10,"10661","",2010-06-07,"10661",15,1
"192898814010661","172086041010661","1320483010538",2008,39,4,7,7431,743,1,2008,8,6,41.543792,-80.776385,,4,1,"",2009-04-10,"10661","",2010-06-07,"10661",15,1
"192898816010661","172086041010661","1320471010538",2008,39,3,13,15641,1564,1,2008,8,8,40.018719,-81.045819,,4,1,"",2009-04-10,"10661","",2010-06-07,"10661",15,1
"192898818010661","172086041010661","1320455010538",2008,39,1,15,6481,648,1,2008,8,5,39.100364,-83.906418,,4,1,"",2009-04-10,"10661","",2010-06-07,"10661",15,1
"192898820010661","172086041010661","1320502010538",2008,39,5,37,4851,485,1,2008,8,6,40.199578,-84.501766,,4,1,"",2009-04-10,"10661","",2010-06-07,"10661",15,1
"192898822010661","172086041010661","1320520010538",2008,39,6,41,8681,868,1,2008,7,30,40.348801,-83.135991,,4,1,"",2009-04-10,"10661","",2010-06-07,"10661",15,1
"192898824010661","172086041010661","1320520010538",2008,39,6,41,8921,892,1,2008,8,1,40.281567,-82.980306,,4,1,"",2009-04-10,"10661","",2010-06-07,"10661",15,1
"192898826010661","172086041010661","1320486010538",2008,39,4,43,9581,958,1,2008,8,12,41.358468,-82.723817,,4,1,"",2009-04-10,"10661","",2010-06-07,"10661",15,1
"192898828010661","172086041010661","1320504010538",2008,39,5,47,12131,1213,1,2008,8,7,39.586292,-83.305128,,4,1,"",2009-04-10,"10661","",2010-06-07,"10661",15,1
"192898830010661","172086041010661","1320506010538",2008,39,5,57,14351,1435,1,2008,8,6,39.609909,-84.010468,,4,1,"",2009-04-10,"10661","",2010-06-07,"10661",15,1
"192898832010661","172086041010661","1320474010538",2008,39,3,59,3181,318,1,2008,7,29,40.111286,-81.622874,,4,1,"",2009-04-10,"10661","",2010-06-07,"10661",15,1
"192898834010661","172086041010661","1320458010538",2008,39,1,71,8741,874,1,2008,8,5,39.323019,-83.602994,,4,1,"",2009-04-10,"10661","",2010-06-07,"10661",15,1
"192898836010661","172086041010661","1320465010538",2008,39,2,73,1881,188,1,2008,8,7,39.468412,-82.604922,,4,1,"",2009-04-10,"10661","",2010-06-07,"10661",15,1
"192898838010661","172086041010661","1320488010538",2008,39,4,77,13861,1386,1,2008,8,12,41.046154,-82.746779,,4,1,"",2009-04-10,"10661","",2010-06-07,"10661",15,1
"192898840010661","172086041010661","1320459010538",2008,39,1,79,3701,370,1,2008,7,28,38.958645,-82.515822,,4,1,"",2009-04-10,"10661","",2010-06-07,"10661",15,1
"192898842010661","172086041010661","1320489010538",2008,39,4,85,2351,235,1,2008,8,6,41.687595,-81.261132,,4,1,"",2009-04-10,"10661","",2010-06-07,"10661",15,1
"192898844010661","172086041010661","1320508010538",2008,39,5,89,1221,122,1,2008,7,30,40.135732,-82.284851,,4,1,"",2009-04-10,"10661","",2010-06-07,"10661",15,1
"192898846010661","172086041010661","1320492010538",2008,39,4,103,5321,532,1,2008,8,7,41.191984,-81.811566,,4,1,"",2009-04-10,"10661","",2010-06-07,"10661",15,1
"192898848010661","172086041010661","1320492010538",2008,39,4,103,6151,615,1,2008,8,7,41.016574,-81.955158,,4,1,"",2009-04-10,"10661","",2010-06-07,"10661",15,1
"192898850010661","172086041010661","1320466010538",2008,39,2,105,7461,746,1,2008,7,28,39.118137,-81.838284,,4,1,"",2009-04-10,"10661","",2010-06-07,"10661",15,1
"192898894010661","172086041010661","1320478010538",2008,39,3,111,4841,484,1,2008,7,29,39.708849,-81.149776,,4,1,"",2009-04-10,"10661","",2010-06-07,"10661",15,1
"192898896010661","172086041010661","1320479010538",2008,39,3,119,11801,1180,1,2008,8,30,39.932034,-82.047912,,4,1,"",2009-04-10,"10661","",2010-06-07,"10661",15,1
"192898898010661","172086041010661","1320461010538",2008,39,1,131,8671,867,1,2008,8,7,39.11922,-83.063307,,4,1,"",2009-04-10,"10661","",2010-06-07,"10661",15,1
"192898900010661","172086041010661","1320513010538",2008,39,5,135,2871,287,1,2008,8,5,39.576402,-84.698738,,4,1,"",2009-04-10,"10661","",2010-06-07,"10661",15,1
"192898902010661","172086041010661","1320463010538",2008,39,1,145,4511,451,1,2008,8,4,38.809355,-82.932933,,4,1,"",2009-04-10,"10661","",2010-06-07,"10661",15,1
"192898906010661","172086041010661","1320495010538",2008,39,4,151,4531,453,1,2008,8,5,40.885044,-81.228732,,4,1,"",2009-04-10,"10661","",2010-06-07,"10661",15,1
"192898904010661","172086041010661","1320495010538",2008,39,4,151,10621,1062,1,2008,8,5,40.75803,-81.340198,,4,1,"",2009-04-10,"10661","",2010-06-07,"10661",15,1
"192898908010661","172086041010661","1320497010538",2008,39,4,155,1461,146,1,2008,8,6,41.332312,-80.87382,,4,1,"",2009-04-10,"10661","",2010-06-07,"10661",15,1
"192898910010661","172086041010661","1320481010538",2008,39,3,157,8191,819,1,2008,8,5,40.463445,-81.431996,,4,1,"",2009-04-10,"10661","",2010-06-07,"10661",15,1
"192898912010661","172086041010661","1320469010538",2008,39,2,163,5741,574,1,2008,7,28,39.357768,-82.446452,,4,1,"",2009-04-10,"10661","",2010-06-07,"10661",15,1
"192898914010661","172086041010661","1320470010538",2008,39,2,167,10411,1041,1,2008,7,28,39.331503,-81.671281,,4,1,"",2009-04-10,"10661","",2010-06-07,"10661",15,1
"192898916010661","172086041010661","1320498010538",2008,39,4,169,4701,470,1,2008,8,7,40.679701,-82.038926,,4,1,"",2009-04-10,"10661","",2010-06-07,"10661",15,1
"192898918010661","172086041010661","1320540010538",2008,39,6,173,9181,918,1,2008,8,12,41.325164,-83.838499,,4,1,"",2009-04-10,"10661","",2010-06-07,"10661",15,1
"192898920010661","172086041010661","1320541010538",2008,39,6,175,6571,657,1,2008,7,30,40.880481,-83.404792,,4,1,"",2009-04-10,"10661","",2010-06-07,"10661",15,1
"222437303010661","172086065010661","1320454010538",2009,39,1,1,3921,392,1,2009,8,13,38.8244,-83.642943,,4,1,"",2010-01-11,"10661","",2010-06-07,"10661",16,1
"222437495010661","172086065010661","1320483010538",2009,39,4,7,7431,743,1,2009,8,12,41.543792,-80.776385,,4,1,"",2010-01-11,"10661","",2010-06-07,"10661",16,1
"222437496010661","172086065010661","1320483010538",2009,39,4,7,7432,743,2,2009,8,12,41.548749,-80.693135,,4,1,"",2010-01-11,"10661","",2010-06-07,"10661",16,1
"222437318010661","172086065010661","1320471010538",2009,39,3,13,15641,1564,1,2009,8,5,40.018719,-81.045819,,4,1,"",2010-01-11,"10661","",2010-06-07,"10661",16,1
"222437388010661","172086065010661","1320455010538",2009,39,1,15,6481,648,1,2009,8,13,39.100364,-83.906418,,4,1,"",2010-01-11,"10661","",2010-06-07,"10661",16,1
"222791445010661","172086065010661","1320473010538",2009,39,3,31,3181,318,1,2009,8,4,40.268949,-81.944019,,4,1,"",2010-02-16,"10661","",2010-06-07,"10661",16,1
"222437458010661","172086065010661","1320502010538",2009,39,5,37,4851,485,1,2009,8,12,40.199578,-84.501766,,4,1,"",2010-01-11,"10661","",2010-06-07,"10661",16,1
"222437443010661","172086065010661","1320520010538",2009,39,6,41,8681,868,1,2009,8,3,40.348801,-83.135991,,4,1,"",2010-01-11,"10661","",2010-06-07,"10661",16,1
"222437444010661","172086065010661","1320520010538",2009,39,6,41,8682,868,2,2009,8,3,40.39867,-83.079618,,4,1,"",2010-01-11,"10661","",2010-06-07,"10661",16,1
"222437473010661","172086065010661","1320520010538",2009,39,6,41,8921,892,1,2009,8,12,40.281567,-82.980306,,4,1,"",2010-01-11,"10661","",2010-06-07,"10661",16,1
"222437550010661","172086065010661","1320486010538",2009,39,4,43,9581,958,1,2009,8,11,41.358468,-82.723817,,4,1,"",2010-01-11,"10661","",2010-06-07,"10661",16,1
"222437382010661","172086065010661","1320504010538",2009,39,5,47,12131,1213,1,2009,8,6,39.586292,-83.305128,,4,1,"",2010-01-11,"10661","",2010-06-07,"10661",16,1
"222791452010661","172086065010661","1320487010538",2009,39,4,55,2351,235,1,2009,8,11,41.509463,-81.219185,,4,1,"",2010-02-16,"10661","",2010-06-07,"10661",16,1
"222437400010661","172086065010661","1320506010538",2009,39,5,57,14351,1435,1,2009,8,12,39.609909,-84.010468,,4,1,"",2010-01-11,"10661","",2010-06-07,"10661",16,1
"222437375010661","172086065010661","1320458010538",2009,39,1,71,8741,874,1,2009,8,13,39.323019,-83.602994,,4,1,"",2010-01-11,"10661","",2010-06-07,"10661",16,1
"222437358010661","172086065010661","1320465010538",2009,39,2,73,1881,188,1,2009,8,6,39.41132,-82.716888,,4,1,"",2010-01-11,"10661","",2010-06-07,"10661",16,1
"222437540010661","172086065010661","1320488010538",2009,39,4,77,13861,1386,1,2009,8,11,41.046154,-82.746779,,4,1,"",2010-01-11,"10661","",2010-06-07,"10661",16,1
"222437294010661","172086065010661","1320459010538",2009,39,1,79,3701,370,1,2009,8,12,38.958645,-82.515822,,4,1,"",2010-01-11,"10661","",2010-06-07,"10661",16,1
"222437436010661","172086065010661","1320508010538",2009,39,5,89,1221,122,1,2009,8,4,40.135732,-82.284851,,4,1,"",2010-01-11,"10661","",2010-06-07,"10661",16,1
"222437518010661","172086065010661","1320492010538",2009,39,4,103,5321,532,1,2009,8,10,41.191984,-81.811566,,4,1,"",2010-01-11,"10661","",2010-06-07,"10661",16,1
"222437533010661","172086065010661","1320492010538",2009,39,4,103,6151,615,1,2009,8,11,41.016574,-81.955158,,4,1,"",2010-01-11,"10661","",2010-06-07,"10661",16,1
"222437281010661","172086065010661","1320466010538",2009,39,2,105,7461,746,1,2009,8,13,39.154109,-81.777631,,4,1,"",2010-01-11,"10661","",2010-06-07,"10661",16,1
"222791459010661","172086065010661","1320479010538",2009,39,3,119,4841,484,1,2009,8,5,39.897398,-81.773387,,4,1,"",2010-02-16,"10661","",2010-06-07,"10661",16,1
"222437368010661","172086065010661","1320479010538",2009,39,3,119,11801,1180,1,2009,8,5,39.932034,-82.047912,,4,1,"",2010-01-11,"10661","",2010-06-07,"10661",16,1
"222437351010661","172086065010661","1320461010538",2009,39,1,131,8671,867,1,2009,8,6,39.11922,-83.063307,,4,1,"",2010-01-11,"10661","",2010-06-07,"10661",16,1
"222437394010661","172086065010661","1320513010538",2009,39,5,135,2871,287,1,2009,8,13,39.576402,-84.698738,,4,1,"",2010-01-11,"10661","",2010-06-07,"10661",16,1
"222437309010661","172086065010661","1320463010538",2009,39,1,145,4511,451,1,2009,8,12,38.715805,-83.182044,,4,1,"",2010-01-11,"10661","",2010-06-07,"10661",16,1
"222437429010661","172086065010661","1320495010538",2009,39,4,151,4531,453,1,2009,8,12,40.885044,-81.228732,,4,1,"",2010-01-11,"10661","",2010-06-07,"10661",16,1
"222437422010661","172086065010661","1320495010538",2009,39,4,151,10621,1062,1,2009,8,10,40.75803,-81.340198,,4,1,"",2010-01-11,"10661","",2010-06-07,"10661",16,1
"222437486010661","172086065010661","1320497010538",2009,39,4,155,1461,146,1,2009,8,12,41.332312,-80.87382,,4,1,"",2010-01-11,"10661","",2010-06-07,"10661",16,1
"222437408010661","172086065010661","1320481010538",2009,39,3,157,8191,819,1,2009,8,5,40.463445,-81.431996,,4,1,"",2010-01-11,"10661","",2010-06-07,"10661",16,1
"222437343010661","172086065010661","1320469010538",2009,39,2,163,5741,574,1,2009,8,7,39.357768,-82.446452,,4,1,"",2010-01-11,"10661","",2010-06-07,"10661",16,1
"222437327010661","172086065010661","1320470010538",2009,39,2,167,10411,1041,1,2009,8,7,39.331503,-81.671281,,4,1,"",2010-01-11,"10661","",2010-06-07,"10661",16,1
"222437451010661","172086065010661","1320498010538",2009,39,4,169,4701,470,1,2009,8,3,40.679701,-82.038926,,4,1,"",2010-01-11,"10661","",2010-06-07,"10661",16,1
"222437556010661","172086065010661","1320540010538",2009,39,6,173,9181,918,1,2009,8,11,41.325164,-83.838499,,4,1,"",2010-01-11,"10661","",2010-06-07,"10661",16,1
"222437480010661","172086065010661","1320541010538",2009,39,6,175,6571,657,1,2009,8,11,40.880481,-83.404792,,4,1,"",2010-01-11,"10661","",2010-06-07,"10661",16,1
"246813112010661","172086089010661","1320454010538",2010,39,1,1,3921,392,1,2010,8,10,38.8244,-83.642943,666,4,1,"",2011-03-21,"10661","",2011-05-24,"10661",17,1
"246813345010661","172086089010661","1320483010538",2010,39,4,7,7431,743,1,2010,8,17,41.543792,-80.776385,,4,1,"",2011-03-21,"10661","",2011-05-24,"10661",17,1
"246813346010661","172086089010661","1320483010538",2010,39,4,7,7432,743,2,2010,8,17,41.548749,-80.693135,,4,1,"",2011-03-21,"10661","",2011-05-24,"10661",17,1
"246813131010661","172086089010661","1320471010538",2010,39,3,13,15641,1564,1,2010,8,4,40.018719,-81.045819,,4,1,"",2011-03-21,"10661","",2011-05-24,"10661",17,1
"246813215010661","172086089010661","1320455010538",2010,39,1,15,6481,648,1,2010,8,10,39.100364,-83.906418,666,4,1,"",2011-03-21,"10661","",2011-05-24,"10661",17,1
"246813249010661","172086089010661","1320473010538",2010,39,3,31,3181,318,1,2010,8,4,40.268949,-81.944019,,4,1,"",2011-03-21,"10661","",2011-05-24,"10661",17,1
"246813250010661","172086089010661","1320473010538",2010,39,3,31,3182,318,2,2010,8,4,40.2572,-81.9215,,4,1,"",2011-03-21,"10661","",2011-05-24,"10661",17,1
"246813361010661","172086089010661","1320485010538",2010,39,4,35,5321,532,1,2010,8,6,41.3342,-81.623,,4,1,"",2011-03-22,"10661","",2011-05-24,"10661",17,1
"246813304010661","172086089010661","1320502010538",2010,39,5,37,4851,485,1,2010,8,11,40.199578,-84.501766,,4,1,"",2011-03-21,"10661","",2011-05-24,"10661",17,1
"246813286010661","172086089010661","1320520010538",2010,39,6,41,8681,868,1,2010,8,7,40.348801,-83.135991,,4,1,"",2011-03-21,"10661","",2011-05-24,"10661",17,1
"246813287010661","172086089010661","1320520010538",2010,39,6,41,8682,868,2,2010,8,7,40.39867,-83.079618,,4,1,"",2011-03-21,"10661","",2011-05-24,"10661",17,1
"246813317010661","172086089010661","1320520010538",2010,39,6,41,8921,892,1,2010,8,7,40.281567,-82.980306,,4,1,"",2011-03-21,"10661","",2011-05-24,"10661",17,1
"246813395010661","172086089010661","1320486010538",2010,39,4,43,9581,958,1,2010,8,4,41.358468,-82.723817,,4,1,"",2011-03-21,"10661","",2011-05-24,"10661",17,1
"246813205010661","172086089010661","1320504010538",2010,39,5,47,12132,1213,2,2010,8,9,39.586292,-83.305128,,4,1,"",2011-03-21,"10661","",2011-05-24,"10661",17,1
"246813370010661","172086089010661","1320487010538",2010,39,4,55,2351,235,1,2010,8,5,41.509463,-81.219185,,4,1,"",2011-03-21,"10661","",2011-05-24,"10661",17,1
"246813232010661","172086089010661","1320506010538",2010,39,5,57,14351,1435,1,2010,8,10,39.609909,-84.010468,800,4,1,"",2011-03-21,"10661","",2011-05-24,"10661",17,1
"246813189010661","172086089010661","1320458010538",2010,39,1,71,8741,874,1,2010,8,9,39.323019,-83.602994,,4,1,"",2011-03-21,"10661","",2011-05-24,"10661",17,1
"246813190010661","172086089010661","1320458010538",2010,39,1,71,8742,874,2,2010,8,9,39.3084,-83.5622,,4,1,"",2011-03-21,"10661","",2011-05-24,"10661",17,1
"246813172010661","172086089010661","1320465010538",2010,39,2,73,1881,188,1,2010,8,11,39.41132,-82.716888,,4,1,"",2011-03-21,"10661","",2011-05-24,"10661",17,1
"246813385010661","172086089010661","1320488010538",2010,39,4,77,13861,1386,1,2010,8,4,41.046154,-82.746779,,4,1,"",2011-03-21,"10661","",2011-05-24,"10661",17,1
"246813103010661","172086089010661","1320459010538",2010,39,1,79,3701,370,1,2010,8,10,38.958645,-82.515822,,4,1,"",2011-03-21,"10661","",2011-05-24,"10661",17,1
"246813276010661","172086089010661","1320508010538",2010,39,5,89,1221,122,1,2010,8,5,40.135732,-82.284851,,4,1,"",2011-03-21,"10661","",2011-05-24,"10661",17,1
"246813377010661","172086089010661","1320492010538",2010,39,4,103,6151,615,1,2010,8,12,41.016574,-81.955158,,4,1,"",2011-03-21,"10661","",2011-05-24,"10661",17,1
"246813094010661","172086089010661","1320466010538",2010,39,2,105,7461,746,1,2010,8,9,39.154109,-81.777631,,4,1,"",2011-03-21,"10661","",2011-05-24,"10661",17,1
"246813150010661","172086089010661","1320479010538",2010,39,3,119,4841,484,1,2010,8,5,39.897398,-81.773387,,4,1,"",2011-03-21,"10661","",2011-05-24,"10661",17,1
"246813181010661","172086089010661","1320479010538",2010,39,3,119,11801,1180,1,2010,8,5,39.932034,-82.047912,,4,1,"",2011-03-21,"10661","",2011-05-24,"10661",17,1
"246813204010661","172086089010661","1320512010538",2010,39,5,129,12131,1213,1,2010,8,9,39.5984,-83.2513,,4,1,"",2011-03-22,"10661","",2011-05-24,"10661",17,1
"246813164010661","172086089010661","1320461010538",2010,39,1,131,8671,867,1,2010,8,10,39.11922,-83.063307,,4,1,"",2011-03-21,"10661","",2011-05-24,"10661",17,1
"246813222010661","172086089010661","1320513010538",2010,39,5,135,2871,287,1,2010,8,11,39.576402,-84.698738,,4,1,"",2011-03-21,"10661","",2011-05-24,"10661",17,1
"246813123010661","172086089010661","1320463010538",2010,39,1,145,4511,451,1,2010,8,10,38.715805,-83.182044,,4,1,"",2011-03-21,"10661","",2011-05-24,"10661",17,1
"246813267010661","172086089010661","1320495010538",2010,39,4,151,4531,453,1,2010,8,18,40.885044,-81.228732,,4,1,"",2011-03-21,"10661","",2011-05-24,"10661",17,1
"246813259010661","172086089010661","1320495010538",2010,39,4,151,10621,1062,1,2010,8,2,40.75803,-81.340198,,4,1,"",2011-03-21,"10661","",2011-05-24,"10661",17,1
"246813334010661","172086089010661","1320497010538",2010,39,4,155,1461,146,1,2010,8,17,41.332312,-80.87382,,4,1,"",2011-03-21,"10661","",2011-05-24,"10661",17,1
"246813241010661","172086089010661","1320481010538",2010,39,3,157,8191,819,1,2010,8,2,40.463445,-81.431996,,4,1,"",2011-03-21,"10661","",2011-05-24,"10661",17,1
"246813156010661","172086089010661","1320469010538",2010,39,2,163,5741,574,1,2010,8,9,39.357768,-82.446452,,4,1,"",2011-03-21,"10661","",2011-05-24,"10661",17,1
"246813141010661","172086089010661","1320470010538",2010,39,2,167,10411,1041,1,2010,8,6,39.331503,-81.671281,,4,1,"",2011-03-21,"10661","",2011-05-24,"10661",17,1
"246813297010661","172086089010661","1320498010538",2010,39,4,169,4701,470,1,2010,8,11,40.679701,-82.038926,,4,1,"",2011-03-21,"10661","",2011-05-24,"10661",17,1
"246813408010661","172086089010661","1320540010538",2010,39,6,173,9181,918,1,2010,8,3,41.325164,-83.838499,,4,1,"",2011-03-21,"10661","",2011-05-24,"10661",17,1
"246813409010661","172086089010661","1320540010538",2010,39,6,173,9182,918,2,2010,8,3,41.3371,-83.8288,,4,1,"",2011-03-21,"10661","",2011-05-24,"10661",17,1
"246813327010661","172086089010661","1320541010538",2010,39,6,175,6571,657,1,2010,8,3,40.880481,-83.404792,,4,1,"",2011-03-21,"10661","",2011-05-24,"10661",17,1
