"CN","PLT_CN","INVYR","STATECD","COUNTYCD","PLOT","SMPLNNBR","MEASYEAR","FORFLTHK","LTRLRTHK","FORFLTHKN","LTRLRTHKN","FORFLTHKS","LTRLRTHKS","FORFLTHKE","LTRLRTHKE","FORFLTHKW","LTRLRTHKW","CONDID","VSTNBR","TXTRLYR1","TXTRLYR2","DPTHSBSL","SOILS_STATCD","CREATED_BY","CREATED_DATE","CREATED_IN_INSTANCE","MODIFIED_BY","MODIFIED_DATE","MODIFIED_IN_INSTANCE"
"76470559010538","59780449010538",2001,39,1,561,2,2001,1,0.7,0.4,0.4,1.2,0.4,0.8,0.8,1.6,1.2,1,1,1,2,5.9,1,"",2007-11-29,"10661","",,""
"76470560010538","59780449010538",2001,39,1,561,3,2001,1.4,1,1.6,1.2,1.2,0.8,1.6,1.2,1.2,0.8,1,1,,,9.1,1,"",2007-11-29,"10661","",2007-11-29,"10661"
"76470561010538","59780449010538",2001,39,1,561,4,2001,0.7,0.7,0.8,0.8,0.8,0.8,0.4,0.4,0.8,0.8,1,1,,,9.8,1,"",2007-11-29,"10661","",2007-11-29,"10661"
"76470562010538","59781089010538",2001,39,7,120,2,2001,2.675,0.8,2,0.8,2.8,0.8,2.8,0.8,3.1,0.8,1,1,1,1,20,1,"",2007-11-29,"10661","",,""
"76470563010538","59781089010538",2001,39,7,120,3,2001,2.7,0.8,2.8,0.8,2.8,0.8,2.4,0.8,2.8,0.8,1,1,,,20,1,"",2007-11-29,"10661","",2007-11-29,"10661"
"76470564010538","59781089010538",2001,39,7,120,4,2001,1.8,0.7,1.2,0.4,2,0.8,2,0.8,2,0.8,1,1,,,20,1,"",2007-11-29,"10661","",2007-11-29,"10661"
"76470568010538","59782247010538",2001,39,9,598,2,2001,0.9,0.9,1.2,1.2,1.2,1.2,0.8,0.8,0.4,0.4,1,1,1,2,7.9,1,"",2007-11-29,"10661","",,""
"76470569010538","59782247010538",2001,39,9,598,3,2001,,,,,,,,,,,,1,,,,2,"",2007-11-29,"10661","",2007-11-29,"10661"
"76470570010538","59782247010538",2001,39,9,598,4,2001,0.6,0.6,1.2,1.2,0,0,0.8,0.8,0.4,0.4,1,1,,,20,1,"",2007-11-29,"10661","",2007-11-29,"10661"
"76470577010538","59784375010538",2001,39,25,401,2,2001,0.5,0.5,0.8,0.8,0.8,0.8,0.4,0.4,0,0,1,1,1,1,12.6,1,"",2007-11-29,"10661","",,""
"76470578010538","59784375010538",2001,39,25,401,3,2001,,,,,,,,,,,,1,,,,2,"",2007-11-29,"10661","",2007-11-29,"10661"
"76470579010538","59784375010538",2001,39,25,401,4,2001,0.1,0.1,0,0,0.4,0.4,0,0,0,0,1,1,,,6.7,1,"",2007-11-29,"10661","",2007-11-29,"10661"
"76470580010538","59784920010538",2001,39,29,606,2,2001,1.4,1,1.2,0.8,1.6,1.2,1.2,0.8,1.6,1.2,1,1,1,1,20,1,"",2007-11-29,"10661","",,""
"76470581010538","59784920010538",2001,39,29,606,3,2001,0.6,0.6,0.8,0.8,0.4,0.4,0.4,0.4,0.8,0.8,1,1,,,20,1,"",2007-11-29,"10661","",2007-11-29,"10661"
"76470582010538","59784920010538",2001,39,29,606,4,2001,1.7,1.3,2,1.6,1.6,1.2,1.2,0.8,2,1.6,1,1,,,20,1,"",2007-11-29,"10661","",2007-11-29,"10661"
"76470586010538","59785584010538",2001,39,35,575,2,2001,0.6,0.6,0.4,0.4,0.8,0.8,0.8,0.8,0.4,0.4,1,1,2,2,9.8,1,"",2007-11-29,"10661","",,""
"76470587010538","59785584010538",2001,39,35,575,3,2001,0.6,0.6,0.4,0.4,0.4,0.4,0.8,0.8,0.8,0.8,1,1,,,11,1,"",2007-11-29,"10661","",2007-11-29,"10661"
"76470588010538","59785584010538",2001,39,35,575,4,2001,1.2,1.2,0.8,0.8,1.6,1.6,1.2,1.2,1.2,1.2,1,1,,,9.1,1,"",2007-11-29,"10661","",2007-11-29,"10661"
"76470592010538","59786192010538",2001,39,41,574,2,2001,0.4,0.4,0.4,0.4,0.4,0.4,0.4,0.4,0.4,0.4,1,1,1,2,20,1,"",2007-11-29,"10661","",,""
"76470593010538","59786192010538",2001,39,41,574,3,2001,0.3,0.3,0.8,0.8,0,0,0.4,0.4,0,0,1,1,,,20,1,"",2007-11-29,"10661","",2007-11-29,"10661"
"76470594010538","59786192010538",2001,39,41,574,4,2001,,,,,,,,,,,,1,,,,2,"",2007-11-29,"10661","",2007-11-29,"10661"
"76470595010538","59787135010538",2001,39,53,778,2,2001,1.3,1.1,1.2,1.2,1.2,1.2,1.6,1.2,1.2,0.8,1,1,2,2,20,1,"",2007-11-29,"10661","",,""
"76470596010538","59787135010538",2001,39,53,778,3,2001,1.7,1.3,2,1.2,1.2,1.2,1.6,1.2,2,1.6,1,1,,,20,1,"",2007-11-29,"10661","",2007-11-29,"10661"
"76470597010538","59787135010538",2001,39,53,778,4,2001,1.1,1.1,1.2,1.2,1.2,1.2,0.8,0.8,1.2,1.2,1,1,,,20,1,"",2007-11-29,"10661","",2007-11-29,"10661"
"76470601010538","59788852010538",2001,39,61,506,2,2001,0.9,0.9,1.2,1.2,1.2,1.2,0.8,0.8,0.4,0.4,1,1,1,2,13,1,"",2007-11-29,"10661","",,""
"76470602010538","59788852010538",2001,39,61,506,3,2001,0.5,0.5,0.8,0.8,0.4,0.4,0,0,0.8,0.8,1,1,,,99.9,1,"",2007-11-29,"10661","",2009-03-18,"10661"
"76470603010538","59788852010538",2001,39,61,506,4,2001,0.2,0.2,0,0,0.4,0.4,0.4,0.4,0,0,1,1,,,11.8,1,"",2007-11-29,"10661","",2007-11-29,"10661"
"76470604010538","59789167010538",2001,39,67,363,2,2001,2.3,1.2,2.4,0.8,2.8,1.6,1.6,1.2,2.4,1.2,1,1,1,3,99.9,1,"",2007-11-29,"10661","",2009-03-18,"10661"
"76470605010538","59789167010538",2001,39,67,363,3,2001,0.9,0.9,1.2,1.2,0.8,0.8,1.2,1.2,0.4,0.4,1,1,,,99.9,1,"",2007-11-29,"10661","",2009-03-18,"10661"
"76470606010538","59789167010538",2001,39,67,363,4,2001,1.7,1.1,1.6,1.2,1.2,0.8,1.6,1.2,2.4,1.2,1,1,,,20,1,"",2007-11-29,"10661","",2007-11-29,"10661"
"76470610010538","59790455010538",2001,39,73,197,2,2001,0.8,0.8,0.8,0.8,0.8,0.8,0.8,0.8,0.8,0.8,1,1,1,3,20,1,"",2007-11-29,"10661","",,""
"76470611010538","59790455010538",2001,39,73,197,3,2001,1.6,1.1,2,1.2,1.6,0.8,1.6,1.2,1.2,1.2,1,1,,,20,1,"",2007-11-29,"10661","",2007-11-29,"10661"
"76470612010538","59790455010538",2001,39,73,197,4,2001,1.2,0.9,0.8,0.8,0.8,0.8,0.8,0.8,2.4,1.2,1,1,,,20,1,"",2007-11-29,"10661","",2007-11-29,"10661"
"76470619010538","59792161010538",2001,39,83,604,2,2001,1.6,1.5,2,2,1.2,1.2,1.6,1.6,1.6,1.2,1,1,3,3,99.9,1,"",2007-11-29,"10661","",2009-03-18,"10661"
"76470620010538","59792161010538",2001,39,83,604,3,2001,1.1,1,0.8,0.8,1.6,1.2,1.2,1.2,0.8,0.8,1,1,,,99.9,1,"",2007-11-29,"10661","",2009-03-18,"10661"
"76470621010538","59792161010538",2001,39,83,604,4,2001,1.3,1,1.2,0.8,2,1.6,1.2,0.8,0.8,0.8,1,1,,,20,1,"",2007-11-29,"10661","",2007-11-29,"10661"
"76470622010538","59792877010538",2001,39,87,319,2,2001,0.6,0.6,0.8,0.8,0.8,0.8,0.4,0.4,0.4,0.4,1,1,2,2,12.2,1,"",2007-11-29,"10661","",,""
"76470623010538","59792877010538",2001,39,87,319,3,2001,1,0.6,1.2,0.8,0.8,0.4,0.8,0.4,1.2,0.8,1,1,,,13.4,1,"",2007-11-29,"10661","",2007-11-29,"10661"
"76470624010538","59792877010538",2001,39,87,319,4,2001,1.2,0.7,1.6,0.8,0.8,0.4,1.2,0.8,1.2,0.8,1,1,,,8.3,1,"",2007-11-29,"10661","",2007-11-29,"10661"
"76470634010538","59796133010538",2001,39,111,537,2,2001,,,,,,,,,,,,1,,,,2,"",2007-11-29,"10661","",,""
"76470635010538","59796133010538",2001,39,111,537,3,2001,,,,,,,,,,,,1,,,,2,"",2007-11-29,"10661","",2007-11-29,"10661"
"76470636010538","59796133010538",2001,39,111,537,4,2001,,,,,,,,,,,,1,,,,2,"",2007-11-29,"10661","",2007-11-29,"10661"
"76470646010538","59799485010538",2001,39,133,64,2,2001,2.65,1.9,3.1,2,2,1.6,3.1,2,2.4,2,1,1,1,1,20,1,"",2007-11-29,"10661","",,""
"76470647010538","59799485010538",2001,39,133,64,3,2001,1.8,1.5,1.2,1.2,2.4,2,2.4,1.6,1.2,1.2,1,1,,,20,1,"",2007-11-29,"10661","",2007-11-29,"10661"
"76470648010538","59799485010538",2001,39,133,64,4,2001,0.9,0.9,0.8,0.8,0.8,0.8,0.8,0.8,1.2,1.2,1,1,,,20,1,"",2007-11-29,"10661","",2007-11-29,"10661"
"76470655010538","59801189010538",2001,39,145,33,2,2001,1.5,0.8,1.2,0.8,1.6,0.8,1.2,0.8,2,0.8,1,1,1,3,20,1,"",2007-11-29,"10661","",,""
"76470656010538","59801189010538",2001,39,145,33,3,2001,2.1,0.9,2,0.8,2.8,1.2,1.6,0.4,2,1.2,1,1,,,20,1,"",2007-11-29,"10661","",2007-11-29,"10661"
"76470657010538","59801189010538",2001,39,145,33,4,2001,2,0.7,2.4,0.8,2,0.8,2.4,0.8,1.2,0.4,1,1,,,20,1,"",2007-11-29,"10661","",2007-11-29,"10661"
"76470664010538","59803170010538",2001,39,157,295,2,2001,,,,,,,,,,,,1,,,,2,"",2007-11-29,"10661","",,""
"76470665010538","59803170010538",2001,39,157,295,3,2001,,,,,,,,,,,,1,,,,2,"",2007-11-29,"10661","",2007-11-29,"10661"
"76470666010538","59803170010538",2001,39,157,295,4,2001,,,,,,,,,,,,1,,,,2,"",2007-11-29,"10661","",2007-11-29,"10661"
"76470667010538","59804300010538",2001,39,167,404,2,2001,1.7,1.5,1.2,1.2,1.6,1.2,2,2,2,1.6,1,1,2,2,20,1,"",2007-11-29,"10661","",,""
"76470668010538","59804300010538",2001,39,167,404,3,2001,0.9,0.9,0.8,0.8,1.2,1.2,1.2,1.2,0.4,0.4,1,1,,,7.9,1,"",2007-11-29,"10661","",2007-11-29,"10661"
"76470669010538","59804300010538",2001,39,167,404,4,2001,1.2,1.2,0.8,0.8,0.8,0.8,1.2,1.2,2,2,1,1,,,9.8,1,"",2007-11-29,"10661","",2007-11-29,"10661"
"76470556010538","59827371010538",2002,39,1,5656,2,2002,2,1.6,2,1.6,2,1.6,2.4,2,1.6,1.2,1,1,2,2,13.8,1,"",2007-11-29,"10661","",,""
"76470557010538","59827371010538",2002,39,1,5656,3,2002,1.7,1.3,1.6,1.2,1.6,1.2,2,1.6,1.6,1.2,1,1,,,11.8,1,"",2007-11-29,"10661","",2007-11-29,"10661"
"76470558010538","59827371010538",2002,39,1,5656,4,2002,1.4,1.1,2,1.6,1.6,1.2,1.2,0.8,0.8,0.8,1,1,,,11.8,1,"",2007-11-29,"10661","",2007-11-29,"10661"
"76470565010538","59828166010538",2002,39,7,5352,2,2002,3.9,1.8,3.9,2.4,4.7,1.6,3.9,0.8,3.1,2.4,1,1,1,1,11.8,1,"",2007-11-29,"10661","",,""
"76470566010538","59828166010538",2002,39,7,5352,3,2002,1.1,1,0.8,0.8,1.6,1.2,0.8,0.8,1.2,1.2,1,1,,,5.9,1,"",2007-11-29,"10661","",2007-11-29,"10661"
"76470567010538","59828166010538",2002,39,7,5352,4,2002,4.4,1.1,3.9,1.2,3.9,1.2,5.1,0.8,4.7,1.2,1,1,,,15.4,1,"",2007-11-29,"10661","",2007-11-29,"10661"
"76470571010538","59829816010538",2002,39,13,2644,2,2002,1,0.8,1.6,1.6,1.2,0.8,0.8,0.4,0.4,0.4,1,1,2,2,3.5,1,"",2007-11-29,"10661","",,""
"76470572010538","59829816010538",2002,39,13,2644,3,2002,2,1.5,2.4,2,1.6,0.8,2.4,2,1.6,1.2,1,1,,,5.9,1,"",2007-11-29,"10661","",2007-11-29,"10661"
"76470573010538","59829816010538",2002,39,13,2644,4,2002,0.3,0.2,0.4,0.4,0,0,0,0,0.8,0.4,1,1,,,3.5,1,"",2007-11-29,"10661","",2007-11-29,"10661"
"76470574010538","59830348010538",2002,39,15,2715,2,2002,,,,,,,,,,,,1,,,,2,"",2007-11-29,"10661","",,""
"76470575010538","59830348010538",2002,39,15,2715,3,2002,,,,,,,,,,,,1,,,,2,"",2007-11-29,"10661","",2007-11-29,"10661"
"76470576010538","59830348010538",2002,39,15,2715,4,2002,0.7,0.6,0.8,0.4,0.8,0.8,0.4,0.4,0.8,0.8,2,1,,,20,1,"",2007-11-29,"10661","",2007-11-29,"10661"
"76470583010538","59832243010538",2002,39,31,4927,2,2002,0.6,0.6,0.8,0.8,1.6,1.6,0,0,0,0,1,1,2,2,7.1,1,"",2007-11-29,"10661","",,""
"76470584010538","59832243010538",2002,39,31,4927,3,2002,7.4,7.4,7.1,7.1,8.7,8.7,7.9,7.9,5.9,5.9,1,1,,,5.1,1,"",2007-11-29,"10661","",2007-11-29,"10661"
"76470585010538","59832243010538",2002,39,31,4927,4,2002,0.4,0.4,0.4,0.4,0.4,0.4,0.4,0.4,0.4,0.4,1,1,,,5.5,1,"",2007-11-29,"10661","",2007-11-29,"10661"
"76470589010538","59832674010538",2002,39,35,5793,2,2002,1.1,1.1,1.2,1.2,1.6,1.6,0.8,0.8,0.8,0.8,1,1,1,2,3.9,1,"",2007-11-29,"10661","",,""
"76470590010538","59832674010538",2002,39,35,5793,3,2002,,,,,,,,,,,,1,,,,2,"",2007-11-29,"10661","",2007-11-29,"10661"
"76470591010538","59832674010538",2002,39,35,5793,4,2002,,,,,,,,,,,,1,,,,2,"",2007-11-29,"10661","",2007-11-29,"10661"
"76470598010538","59819472010538",2002,39,59,1944,2,2002,0.4,0.4,0.4,0.4,0.4,0.4,0.4,0.4,0.4,0.4,1,1,2,2,5.5,1,"",2007-11-29,"10661","",,""
"76470599010538","59819472010538",2002,39,59,1944,3,2002,0.5,0.5,0.8,0.8,0.4,0.4,0.4,0.4,0.4,0.4,1,1,,,20,1,"",2007-11-29,"10661","",2007-11-29,"10661"
"76470600010538","59819472010538",2002,39,59,1944,4,2002,,,,,,,,,,,,1,,,,7,"",2007-11-29,"10661","",2007-11-29,"10661"
"76470607010538","59821617010538",2002,39,73,4384,2,2002,0.9,0.9,0.8,0.8,0.8,0.8,0.8,0.8,1.2,1.2,1,1,2,2,20,1,"",2007-11-29,"10661","",,""
"76470608010538","59821617010538",2002,39,73,4384,3,2002,1.1,1,1.2,1.2,1.2,1.2,0.8,0.8,1.2,0.8,1,1,,,20,1,"",2007-11-29,"10661","",2007-11-29,"10661"
"76470609010538","59821617010538",2002,39,73,4384,4,2002,0.4,0.4,0.4,0.4,0.4,0.4,0.4,0.4,0.4,0.4,1,1,,,20,1,"",2007-11-29,"10661","",2007-11-29,"10661"
"76470613010538","59822682010538",2002,39,79,2106,2,2002,2.2,2.2,2,2,1.6,1.6,2.8,2.8,2.4,2.4,1,1,2,2,11,1,"",2007-11-29,"10661","",,""
"76470614010538","59822682010538",2002,39,79,2106,3,2002,2,2,2,2,2,2,2,2,2,2,1,1,,,7.9,1,"",2007-11-29,"10661","",2007-11-29,"10661"
"76470615010538","59822682010538",2002,39,79,2106,4,2002,1.8,1.8,1.6,1.6,1.6,1.6,2,2,2,2,1,1,,,6.7,1,"",2007-11-29,"10661","",2007-11-29,"10661"
"76470616010538","59823251010538",2002,39,81,2843,2,2002,0.7,0.7,0.8,0.8,0.8,0.8,0.4,0.4,0.8,0.8,1,1,9,9,0.8,1,"",2007-11-29,"10661","",,""
"76470617010538","59823251010538",2002,39,81,2843,3,2002,1.8,1.8,1.6,1.6,2.4,2.4,2.4,2.4,0.8,0.8,1,1,,,2.4,1,"",2007-11-29,"10661","",2007-11-29,"10661"
"76470618010538","59823251010538",2002,39,81,2843,4,2002,1.5,1.5,1.6,1.6,1.6,1.6,1.2,1.2,1.6,1.6,1,1,,,1.6,1,"",2007-11-29,"10661","",2007-11-29,"10661"
"76470625010538","59825609010538",2002,39,99,5047,2,2002,,,,,,,,,,,,1,,,,2,"",2007-11-29,"10661","",,""
"76470626010538","59825609010538",2002,39,99,5047,3,2002,,,,,,,,,,,,1,,,,2,"",2007-11-29,"10661","",2007-11-29,"10661"
"76470627010538","59825609010538",2002,39,99,5047,4,2002,1.2,1,1.2,1.2,0.8,0.8,1.2,0.8,1.6,1.2,3,1,,,3.9,1,"",2007-11-29,"10661","",2007-11-29,"10661"
"76470628010538","59826469010538",2002,39,105,2981,2,2002,0.5,0.4,0.4,0.4,0.4,0.4,0.8,0.4,0.4,0.4,1,1,9,9,99.9,1,"",2007-11-29,"10661","",2009-03-18,"10661"
"76470629010538","59826469010538",2002,39,105,2981,3,2002,0.7,0.5,1.2,0.4,0.4,0.4,0.8,0.8,0.4,0.4,1,1,,,2,1,"",2007-11-29,"10661","",2007-11-29,"10661"
"76470630010538","59826469010538",2002,39,105,2981,4,2002,1.8,1.2,2,1.6,1.6,0.8,2,1.2,1.6,1.2,1,1,,,9.4,1,"",2007-11-29,"10661","",2007-11-29,"10661"
"76470631010538","59833508010538",2002,39,111,3407,2,2002,3.45,3.05,2.8,2.4,4.7,4.3,2.8,2.4,3.5,3.1,3,1,2,2,2,1,"",2007-11-29,"10661","",,""
"76470632010538","59833508010538",2002,39,111,3407,3,2002,1.3,0.7,2,0.8,0.8,0.4,1.6,1.2,0.8,0.4,1,1,,,3.9,1,"",2007-11-29,"10661","",2007-11-29,"10661"
"76470633010538","59833508010538",2002,39,111,3407,4,2002,2.2,1.7,2.4,2,1.6,1.2,2.8,2,2,1.6,1,1,,,3.9,1,"",2007-11-29,"10661","",2007-11-29,"10661"
"76470637010538","59806958010538",2002,39,115,3640,2,2002,1.7,1.7,1.6,1.6,2.4,2.4,1.2,1.2,1.6,1.6,2,1,2,2,4.7,1,"",2007-11-29,"10661","",,""
"76470638010538","59806958010538",2002,39,115,3640,3,2002,1.7,1.2,2,1.6,1.6,1.2,1.6,1.2,1.6,0.8,1,1,,,5.1,1,"",2007-11-29,"10661","",2007-11-29,"10661"
"76470639010538","59806958010538",2002,39,115,3640,4,2002,1.7,1.2,0.8,0.8,2.4,1.6,1.2,0.4,2.4,2,1,1,,,4.7,1,"",2007-11-29,"10661","",2007-11-29,"10661"
"76470640010538","59807612010538",2002,39,119,1949,2,2002,0.7,0.7,0.8,0.8,0.4,0.4,0.8,0.8,0.8,0.8,1,1,2,2,9.8,1,"",2007-11-29,"10661","",,""
"76470641010538","59807612010538",2002,39,119,1949,3,2002,0.8,0.8,0.8,0.8,0.8,0.8,0.8,0.8,0.8,0.8,1,1,,,7.1,1,"",2007-11-29,"10661","",2007-11-29,"10661"
"76470642010538","59807612010538",2002,39,119,1949,4,2002,1.2,1.2,1.2,1.2,1.2,1.2,1.2,1.2,1.2,1.2,1,1,,,4.7,1,"",2007-11-29,"10661","",2007-11-29,"10661"
"76470643010538","59809293010538",2002,39,131,2188,2,2002,3.025,2.7,3.1,2.8,2.8,2.4,3.1,2.8,3.1,2.8,1,1,1,1,20,1,"",2007-11-29,"10661","",,""
"76470644010538","59809293010538",2002,39,131,2188,3,2002,1.3,0.4,1.2,0.4,1.2,0.4,1.2,0.4,1.6,0.4,1,1,,,20,1,"",2007-11-29,"10661","",2007-11-29,"10661"
"76470645010538","59809293010538",2002,39,131,2188,4,2002,0.8,0.1,0.8,0,0.8,0.4,0.8,0,0.8,0,1,1,,,20,1,"",2007-11-29,"10661","",2007-11-29,"10661"
"76470649010538","59811100010538",2002,39,141,5316,2,2002,0.4,0.4,0.4,0.4,0.4,0.4,0.4,0.4,0.4,0.4,1,1,3,3,20,1,"",2007-11-29,"10661","",,""
"76470650010538","59811100010538",2002,39,141,5316,3,2002,0.4,0.4,0.4,0.4,0.4,0.4,0.4,0.4,0.4,0.4,1,1,,,20,1,"",2007-11-29,"10661","",2007-11-29,"10661"
"76470651010538","59811100010538",2002,39,141,5316,4,2002,0.4,0.4,0.4,0.4,0.4,0.4,0.4,0.4,0.4,0.4,1,1,,,20,1,"",2007-11-29,"10661","",2007-11-29,"10661"
"76470652010538","59811889010538",2002,39,145,2227,2,2002,1,1,0.8,0.8,0.8,0.8,1.2,1.2,1.2,1.2,2,1,2,2,20,1,"",2007-11-29,"10661","",,""
"76470653010538","59811889010538",2002,39,145,2227,3,2002,0.9,0.8,1.2,0.8,0.8,0.8,0.8,0.8,0.8,0.8,1,1,,,4.3,1,"",2007-11-29,"10661","",2007-11-29,"10661"
"76470654010538","59811889010538",2002,39,145,2227,4,2002,2,2,2,2,2,2,2,2,2,2,1,1,,,7.1,1,"",2007-11-29,"10661","",2007-11-29,"10661"
"76470658010538","59813380010538",2002,39,153,3576,2,2002,2.65,2.075,1.2,1.2,3.9,3.1,2.4,1.6,3.1,2.4,1,1,1,1,20,1,"",2007-11-29,"10661","",,""
"76470659010538","59813380010538",2002,39,153,3576,3,2002,1.7,1.7,0.8,0.8,2.4,2.4,1.6,1.6,2,2,3,1,,,15.7,1,"",2007-11-29,"10661","",2007-11-29,"10661"
"76470660010538","59813380010538",2002,39,153,3576,4,2002,2.475,2.2,1.6,1.2,3.1,2.4,2.8,2.8,2.4,2.4,1,1,,,20,1,"",2007-11-29,"10661","",2007-11-29,"10661"
"76470661010538","59813781010538",2002,39,155,5061,2,2002,0.4,0.4,0.4,0.4,0.4,0.4,0.4,0.4,0.4,0.4,1,1,1,2,15,1,"",2007-11-29,"10661","",,""
"76470662010538","59813781010538",2002,39,155,5061,3,2002,0.5,0.5,0.4,0.4,0.4,0.4,0.4,0.4,0.8,0.8,1,1,,,20,1,"",2007-11-29,"10661","",2007-11-29,"10661"
"76470663010538","59813781010538",2002,39,155,5061,4,2002,0.7,0.7,0.4,0.4,0.8,0.8,0.8,0.8,0.8,0.8,1,1,,,7.5,1,"",2007-11-29,"10661","",2007-11-29,"10661"
"76470670010538","59815863010538",2002,39,167,2110,2,2002,0.9,0.5,0.8,0.4,0.8,0.4,0.8,0.4,1.2,0.8,1,1,3,3,11.8,1,"",2007-11-29,"10661","",,""
"76470671010538","59815863010538",2002,39,167,2110,3,2002,0.9,0.5,0.8,0.4,1.2,0.8,0.8,0.4,0.8,0.4,1,1,,,13.8,1,"",2007-11-29,"10661","",2007-11-29,"10661"
"76470672010538","59815863010538",2002,39,167,2110,4,2002,0.9,0.5,0.8,0.4,0.8,0.4,0.8,0.4,1.2,0.8,1,1,,,11,1,"",2007-11-29,"10661","",2007-11-29,"10661"
"54178828010538","59845225010538",2003,39,5,4827,2,2003,1.2,1.2,1.2,1.2,1.2,1.2,1.2,1.2,1.2,1.2,1,1,2,2,13.8,1,"",2006-08-16,"10538","",2007-11-29,"10661"
"54178829010538","59845225010538",2003,39,5,4827,3,2003,1.7,1.2,2,1.2,1.2,0.8,2,1.6,1.6,1.2,1,1,,,5.1,1,"",2006-08-16,"10538","",2007-11-29,"10661"
"54178830010538","59845225010538",2003,39,5,4827,4,2003,,,,,,,,,,,,1,,,,2,"",2006-08-16,"10538","",2007-11-29,"10661"
"54181016010538","59845818010538",2003,39,7,1392,2,2003,0.4,0.3,0.4,0,0.4,0.4,0.4,0.4,0.4,0.4,1,1,2,3,14.6,1,"",2006-08-16,"10538","",2007-11-29,"10661"
"54181017010538","59845818010538",2003,39,7,1392,3,2003,0.4,0.4,0.4,0.4,0.4,0.4,0.4,0.4,0.4,0.4,1,1,,,3.1,1,"",2006-08-16,"10538","",2007-11-29,"10661"
"54181018010538","59845818010538",2003,39,7,1392,4,2003,0.9,0.4,0.8,0.4,0.8,0.4,0.8,0.4,1.2,0.4,1,1,,,11.8,1,"",2006-08-16,"10538","",2007-11-29,"10661"
"54174361010538","59846299010538",2003,39,9,2380,2,2003,0,0,0,0,0,0,0,0,0,0,2,1,2,2,3.1,1,"",2006-08-16,"10538","",2007-11-29,"10661"
"54174362010538","59846299010538",2003,39,9,2380,3,2003,,,,,,,,,,,,1,,,,4,"",2006-08-16,"10538","",2007-11-29,"10661"
"54174363010538","59846299010538",2003,39,9,2380,4,2003,,,,,,,,,,,,1,,,,4,"",2006-08-16,"10538","",2007-11-29,"10661"
"54179487010538","59846862010538",2003,39,11,2083,2,2003,0.8,0.7,0.8,0.8,1.2,1.2,0.4,0.4,0.8,0.4,2,1,2,2,10.2,1,"",2006-08-16,"10538","",2007-11-29,"10661"
"54179488010538","59846862010538",2003,39,11,2083,3,2003,,,,,,,,,,,,1,,,,2,"",2006-08-16,"10538","",2007-11-29,"10661"
"54179489010538","59846862010538",2003,39,11,2083,4,2003,,,,,,,,,,,,1,,,,2,"",2006-08-16,"10538","",2007-11-29,"10661"
"54173051010538","59847831010538",2003,39,15,3247,2,2003,0.7,0.3,1.2,0.4,0.8,0.4,0.4,0.4,0.4,0,1,1,2,2,8.7,1,"",2006-08-16,"10538","",2007-11-29,"10661"
"54173052010538","59847831010538",2003,39,15,3247,3,2003,1.5,0.8,1.2,0.8,1.6,0.8,1.2,0.4,2,1.2,1,1,,,7.1,1,"",2006-08-16,"10538","",2007-11-29,"10661"
"54173053010538","59847831010538",2003,39,15,3247,4,2003,0.7,0.5,0.4,0.4,0.4,0.4,1.2,0.8,0.8,0.4,1,1,,,5.1,1,"",2006-08-16,"10538","",2007-11-29,"10661"
"54177457010538","59848292010538",2003,39,19,2633,2,2003,1,0.5,1.2,0.8,0.8,0.4,0.8,0.4,1.2,0.4,1,1,1,1,11,1,"",2006-08-16,"10538","",2007-11-29,"10661"
"54177458010538","59848292010538",2003,39,19,2633,3,2003,1.1,0.4,0.8,0.4,1.2,0.4,1.2,0.4,1.2,0.4,1,1,,,11,1,"",2006-08-16,"10538","",2007-11-29,"10661"
"54177459010538","59848292010538",2003,39,19,2633,4,2003,1.2,0.6,1.2,0.8,1.2,0.8,1.2,0.4,1.2,0.4,1,1,,,16.9,1,"",2006-08-16,"10538","",2007-11-29,"10661"
"54177737010538","59849784010538",2003,39,29,5665,2,2003,,,,,,,,,,,,1,,,,2,"",2006-08-16,"10538","",2007-11-29,"10661"
"54177738010538","59849784010538",2003,39,29,5665,3,2003,,,,,,,,,,,,1,,,,2,"",2006-08-16,"10538","",2007-11-29,"10661"
"54178159010538","59850077010538",2003,39,31,1154,3,2003,15.7,11.8,15.7,11.8,15.7,11.8,15.7,11.8,15.7,11.8,1,1,,,7.1,1,"",2006-08-16,"10538","",2007-11-29,"10661"
"54177739010538","59849784010538",2003,39,29,5665,4,2003,,,,,,,,,,,,1,,,,2,"",2006-08-16,"10538","",2007-11-29,"10661"
"54178158010538","59850077010538",2003,39,31,1154,2,2003,9.85,7.9,11.8,7.9,7.9,7.9,11.8,7.9,7.9,7.9,1,1,2,2,12.6,1,"",2006-08-16,"10538","",2007-11-29,"10661"
"54178160010538","59850077010538",2003,39,31,1154,4,2003,3.9,3.9,3.9,3.9,3.9,3.9,3.9,3.9,3.9,3.9,1,1,,,4.7,1,"",2006-08-16,"10538","",2007-11-29,"10661"
"54175686010538","59835507010538",2003,39,49,1720,2,2003,0.6,0.6,0.4,0.4,0.8,0.8,0.4,0.4,0.8,0.8,1,1,2,2,6.7,1,"",2006-08-16,"10538","",2007-11-29,"10661"
"54175687010538","59835507010538",2003,39,49,1720,3,2003,,,,,,,,,,,,1,,,,2,"",2006-08-16,"10538","",2007-11-29,"10661"
"54175688010538","59835507010538",2003,39,49,1720,4,2003,0.5,0.4,0.4,0.4,0.8,0.4,0.4,0.4,0.4,0.4,1,1,,,5.9,1,"",2006-08-16,"10538","",2007-11-29,"10661"
"54174185010538","59835838010538",2003,39,53,2364,2,2003,1.3,0.9,1.6,1.2,1.2,0.8,1.2,0.8,1.2,0.8,1,1,1,1,11.4,1,"",2006-08-16,"10538","",2007-11-29,"10661"
"54174186010538","59835838010538",2003,39,53,2364,3,2003,,,,,,,,,,,,1,,,,2,"",2006-08-16,"10538","",2007-11-29,"10661"
"54174187010538","59835838010538",2003,39,53,2364,4,2003,,,,,,,,,,,,1,,,,2,"",2006-08-16,"10538","",2007-11-29,"10661"
"54181237010538","59836584010538",2003,39,55,1176,2,2003,0.8,0.8,0.8,0.8,0.8,0.8,0.8,0.8,0.8,0.8,1,1,1,1,7.9,1,"",2006-08-16,"10538","",2007-11-29,"10661"
"54181238010538","59836584010538",2003,39,55,1176,3,2003,,,,,,,,,,,,1,,,,2,"",2006-08-16,"10538","",2007-11-29,"10661"
"54181239010538","59836584010538",2003,39,55,1176,4,2003,1.8,1.4,2,1.6,1.6,1.2,2.4,2,1.2,0.8,1,1,,,15.7,1,"",2006-08-16,"10538","",2007-11-29,"10661"
"54176113010538","59836717010538",2003,39,57,2961,2,2003,0.5,0.4,0.4,0.4,0.4,0.4,0.8,0.4,0.4,0.4,1,1,2,2,12.2,1,"",2006-08-16,"10538","",2007-11-29,"10661"
"54176114010538","59836717010538",2003,39,57,2961,3,2003,0.6,0.5,0.4,0.4,0.8,0.4,0.4,0.4,0.8,0.8,1,1,,,7.5,1,"",2006-08-16,"10538","",2007-11-29,"10661"
"54176115010538","59836717010538",2003,39,57,2961,4,2003,0.6,0.6,0.8,0.8,0.8,0.8,0.4,0.4,0.4,0.4,1,1,,,9.8,1,"",2006-08-16,"10538","",2007-11-29,"10661"
"54177784010538","59838494010538",2003,39,67,4888,2,2003,1.1,0.7,1.2,0.8,1.2,0.8,0.8,0.4,1.2,0.8,1,1,1,1,5.9,1,"",2006-08-16,"10538","",2007-11-29,"10661"
"54177785010538","59838494010538",2003,39,67,4888,3,2003,0.4,0.4,0.4,0.4,0.4,0.4,0.4,0.4,0.4,0.4,1,1,,,9.8,1,"",2006-08-16,"10538","",2007-11-29,"10661"
"54177786010538","59838494010538",2003,39,67,4888,4,2003,0,0,0,0,0,0,0,0,0,0,1,1,,,7.9,1,"",2006-08-16,"10538","",2007-11-29,"10661"
"54175354010538","59839136010538",2003,39,71,5390,2,2003,0.6,0.3,0.4,0.4,0,0,0.8,0.4,1.2,0.4,1,1,2,2,4.7,1,"",2006-08-16,"10538","",2007-11-29,"10661"
"54175355010538","59839136010538",2003,39,71,5390,3,2003,0.5,0.3,0.8,0.4,0,0,0.4,0.4,0.8,0.4,1,1,,,13.8,1,"",2006-08-16,"10538","",2007-11-29,"10661"
"54175356010538","59839136010538",2003,39,71,5390,4,2003,0.2,0.2,0,0,0.4,0.4,0,0,0.4,0.4,1,1,,,17.3,1,"",2006-08-16,"10538","",2007-11-29,"10661"
"54172303010538","59841598010538",2003,39,87,2049,2,2003,2,1.3,1.6,1.2,2.4,1.6,1.6,0.8,2.4,1.6,1,1,2,2,11.8,1,"",2006-08-16,"10538","",2007-11-29,"10661"
"54172304010538","59841598010538",2003,39,87,2049,3,2003,,,,,,,,,,,,1,,,,4,"",2006-08-16,"10538","",2007-11-29,"10661"
"54172305010538","59841598010538",2003,39,87,2049,4,2003,1,0.6,1.2,0.8,0.8,0.4,0.8,0.4,1.2,0.8,1,1,,,5.5,1,"",2006-08-16,"10538","",2007-11-29,"10661"
"54179160010538","59842149010538",2003,39,91,4513,2,2003,0.6,0.6,0.8,0.8,0.4,0.4,0.4,0.4,0.8,0.8,1,1,2,2,9.8,1,"",2006-08-16,"10538","",2007-11-29,"10661"
"54179161010538","59842149010538",2003,39,91,4513,3,2003,,,,,,,,,,,,1,,,,2,"",2006-08-16,"10538","",2007-11-29,"10661"
"54179162010538","59842149010538",2003,39,91,4513,4,2003,0.3,0.3,0.4,0.4,0.4,0.4,0,0,0.4,0.4,1,1,,,4.3,1,"",2006-08-16,"10538","",2007-11-29,"10661"
"54181439010538","59842363010538",2003,39,95,3536,2,2003,2.3,1,2.4,1.2,2.4,0.8,2.4,0.8,2,1.2,1,1,3,3,20,1,"",2006-08-16,"10538","",2007-11-29,"10661"
"54181440010538","59842363010538",2003,39,95,3536,3,2003,0.6,0.5,0.8,0.8,0.4,0.4,0.4,0.4,0.8,0.4,2,1,,,20,1,"",2006-08-16,"10538","",2007-11-29,"10661"
"54181441010538","59842363010538",2003,39,95,3536,4,2003,0.4,0.4,0.4,0.4,0.4,0.4,0.4,0.4,0.4,0.4,2,1,,,20,1,"",2006-08-16,"10538","",2007-11-29,"10661"
"54179117010538","59852459010538",2003,39,117,3433,2,2003,0.4,0.4,0.4,0.4,0.4,0.4,0.4,0.4,0.4,0.4,1,1,2,2,11.8,1,"",2006-08-16,"10538","",2007-11-29,"10661"
"54179118010538","59852459010538",2003,39,117,3433,3,2003,0.6,0.6,0.4,0.4,0.8,0.8,0.4,0.4,0.8,0.8,1,1,,,12.2,1,"",2006-08-16,"10538","",2007-11-29,"10661"
"54179119010538","59852459010538",2003,39,117,3433,4,2003,0.5,0.5,0.4,0.4,0.4,0.4,0.8,0.8,0.4,0.4,1,1,,,8.3,1,"",2006-08-16,"10538","",2007-11-29,"10661"
"54173996010538","59853254010538",2003,39,119,1245,2,2003,,,,,,,,,,,,1,,,,2,"",2006-08-16,"10538","",2007-11-29,"10661"
"54173997010538","59853254010538",2003,39,119,1245,3,2003,0,0,0,0,0,0,0,0,0,0,1,1,,,17.7,1,"",2006-08-16,"10538","",2007-11-29,"10661"
"54173998010538","59853254010538",2003,39,119,1245,4,2003,,,,,,,,,,,,1,,,,2,"",2006-08-16,"10538","",2007-11-29,"10661"
"54173677010538","59853380010538",2003,39,121,2146,2,2003,1.1,1,1.2,1.2,1.2,0.8,0.8,0.8,1.2,1.2,1,1,1,1,5.1,1,"",2006-08-16,"10538","",2007-11-29,"10661"
"54173678010538","59853380010538",2003,39,121,2146,3,2003,0.8,0.8,0.8,0.8,0.8,0.8,0.8,0.8,0.8,0.8,1,1,,,3.9,1,"",2006-08-16,"10538","",2007-11-29,"10661"
"54173679010538","59853380010538",2003,39,121,2146,4,2003,0.6,0.6,0.4,0.4,0.8,0.8,0.4,0.4,0.8,0.8,1,1,,,5.5,1,"",2006-08-16,"10538","",2007-11-29,"10661"
"54174974010538","59854367010538",2003,39,127,3072,2,2003,14.35,13.875,11.8,11.8,15.7,14.2,15.7,15.7,14.2,13.8,1,1,1,3,13.8,1,"",2006-08-16,"10538","",2007-11-29,"10661"
"54174975010538","59854367010538",2003,39,127,3072,3,2003,0,0,0,0,0,0,0,0,0,0,2,1,,,20,1,"",2006-08-16,"10538","",2007-11-29,"10661"
"54174976010538","59854367010538",2003,39,127,3072,4,2003,11.3,11.3,11.8,11.8,9.8,9.8,11.8,11.8,11.8,11.8,1,1,,,4.7,1,"",2006-08-16,"10538","",2007-11-29,"10661"
"54176487010538","59855376010538",2003,39,135,1422,2,2003,1.1,0.6,1.2,0.4,0.8,0.4,0.8,0.4,1.6,1.2,1,1,2,2,8.7,1,"",2006-08-16,"10538","",2007-11-29,"10661"
"54176488010538","59855376010538",2003,39,135,1422,3,2003,0.9,0.6,0.8,0.4,1.2,0.8,1.2,0.8,0.4,0.4,1,1,,,9.8,1,"",2006-08-16,"10538","",2007-11-29,"10661"
"54176489010538","59855376010538",2003,39,135,1422,4,2003,0.4,0.4,0,0,1.6,1.6,0,0,0,0,1,1,,,7.9,1,"",2006-08-16,"10538","",2007-11-29,"10661"
"54174689010538","59856286010538",2003,39,141,3077,2,2003,,,,,,,,,,,,1,,,,2,"",2006-08-16,"10538","",2007-11-29,"10661"
"54174690010538","59856286010538",2003,39,141,3077,3,2003,1.3,1.3,1.2,1.2,1.2,1.2,1.6,1.6,1.2,1.2,1,1,,,9.4,1,"",2006-08-16,"10538","",2007-11-29,"10661"
"54174691010538","59856286010538",2003,39,141,3077,4,2003,,,,,,,,,,,,1,,,,4,"",2006-08-16,"10538","",2007-11-29,"10661"
"54172659010538","59857241010538",2003,39,145,4951,2,2003,6.9,6.5,7.9,7.5,5.9,5.5,7.9,7.5,5.9,5.5,1,1,2,2,13.8,1,"",2006-08-16,"10538","",2007-11-29,"10661"
"54172660010538","59857241010538",2003,39,145,4951,3,2003,7.9,6.7,7.9,5.9,7.9,7.1,7.9,6.7,7.9,7.1,1,1,,,11,1,"",2006-08-16,"10538","",2007-11-29,"10661"
"54172661010538","59857241010538",2003,39,145,4951,4,2003,6.3,5.8,6.3,5.5,5.9,5.5,7.1,6.7,5.9,5.5,1,1,,,5.5,1,"",2006-08-16,"10538","",2007-11-29,"10661"
"54180901010538","59858451010538",2003,39,155,3843,2,2003,,,,,,,,,,,,1,,,,2,"",2006-08-16,"10538","",2007-11-29,"10661"
"54180902010538","59858451010538",2003,39,155,3843,3,2003,,,,,,,,,,,,1,,,,2,"",2006-08-16,"10538","",2007-11-29,"10661"
"54180903010538","59858451010538",2003,39,155,3843,4,2003,,,,,,,,,,,,1,,,,2,"",2006-08-16,"10538","",2007-11-29,"10661"
"54178512010538","59859396010538",2003,39,157,3047,3,2003,1.3,0.8,1.2,0.8,1.2,0.8,1.6,0.8,1.2,0.8,1,1,,,6.3,1,"",2006-08-16,"10538","",2007-11-29,"10661"
"54178513010538","59859396010538",2003,39,157,3047,4,2003,2,1.5,2,1.6,2.4,1.6,2,1.6,1.6,1.2,1,1,,,2.8,1,"",2006-08-16,"10538","",2007-11-29,"10661"
"54175826010538","59860065010538",2003,39,165,2505,2,2003,0.3,0.3,0.8,0.8,0,0,0.4,0.4,0,0,1,1,2,2,18.9,1,"",2006-08-16,"10538","",2007-11-29,"10661"
"54175827010538","59860065010538",2003,39,165,2505,3,2003,0.3,0.3,0.4,0.4,0,0,0,0,0.8,0.8,1,1,,,11.4,1,"",2006-08-16,"10538","",2007-11-29,"10661"
"54175828010538","59860065010538",2003,39,165,2505,4,2003,0.9,0.7,0.8,0.8,1.6,1.2,0.8,0.4,0.4,0.4,1,1,,,10.2,1,"",2006-08-16,"10538","",2007-11-29,"10661"
"56709377010538","59884897010538",2004,39,13,3399,2,2004,,,,,,,,,,,,1,,,,2,"",2006-08-16,"10538","",,""
"56709378010538","59884897010538",2004,39,13,3399,3,2004,,,,,,,,,,,,1,,,,2,"",2006-08-16,"10538","",,""
"56709379010538","59884897010538",2004,39,13,3399,4,2004,,,,,,,,,,,,1,,,,2,"",2006-08-16,"10538","",,""
"56708361010538","59885224010538",2004,39,13,4479,2,2004,0.075,0.075,0.1,0.1,0.1,0.1,0.1,0.1,0,0,2,1,2,2,20,1,"",2006-08-16,"10538","",,""
"56708362010538","59885224010538",2004,39,13,4479,3,2004,0.25,0.125,0.3,0.1,0.2,0.1,0.3,0.2,0.2,0.1,1,1,,,6,1,"",2006-08-16,"10538","",,""
"56708363010538","59885224010538",2004,39,13,4479,4,2004,0.15,0.1,0.1,0.1,0.1,0.1,0.2,0.1,0.2,0.1,1,1,,,6,1,"",2006-08-16,"10538","",,""
"56707341010538","59886638010538",2004,39,25,5374,2,2004,0.8,0.8,0.8,0.8,0.8,0.8,0.8,0.8,0.8,0.8,1,1,2,2,20,1,"",2006-08-16,"10538","",,""
"56707342010538","59886638010538",2004,39,25,5374,3,2004,0.8,0.4,0.8,0.4,0.8,0.4,0.8,0.4,0.8,0.4,1,1,,,20,1,"",2006-08-16,"10538","",,""
"56707343010538","59886638010538",2004,39,25,5374,4,2004,0.8,0.8,0.8,0.8,0.8,0.8,0.8,0.8,0.8,0.8,1,1,,,14,1,"",2006-08-16,"10538","",,""
"56708503010538","59886738010538",2004,39,27,3456,2,2004,0.6,0.6,0.4,0.4,0.8,0.8,0.8,0.8,0.4,0.4,1,1,1,2,16,1,"",2006-08-16,"10538","",,""
"56708504010538","59886738010538",2004,39,27,3456,3,2004,0.7,0.7,0.8,0.8,0.4,0.4,0.8,0.8,0.8,0.8,1,1,,,10,1,"",2006-08-16,"10538","",2006-08-21,"10538"
"56708505010538","59886738010538",2004,39,27,3456,4,2004,0.8,0.8,0.8,0.8,0.8,0.8,0.8,0.8,0.8,0.8,1,1,,,7,1,"",2006-08-16,"10538","",,""
"56709458010538","59887136010538",2004,39,29,2347,2,2004,0.5,0.5,1.3,1.3,0,0,0.4,0.4,0.3,0.3,1,1,4,4,4,1,"",2006-08-16,"10538","",,""
"56709459010538","59887136010538",2004,39,29,2347,3,2004,0.55,0.45,0.4,0.3,0.2,0.2,0.7,0.6,0.9,0.7,1,1,,,3,1,"",2006-08-16,"10538","",,""
"56709460010538","59887136010538",2004,39,29,2347,4,2004,0.175,0.15,0,0,0.3,0.3,0,0,0.4,0.3,1,1,,,7,1,"",2006-08-16,"10538","",,""
"56709629010538","59872676010538",2004,39,41,3878,2,2004,,,,,,,,,,,,1,,,,2,"",2006-08-16,"10538","",,""
"56709630010538","59872676010538",2004,39,41,3878,3,2004,0.4,0,0.4,0,0.4,0,0.4,0,0.4,0,2,1,,,8,1,"",2006-08-16,"10538","",,""
"56709631010538","59872676010538",2004,39,41,3878,4,2004,,,,,,,,,,,,1,,,,2,"",2006-08-16,"10538","",,""
"56707298010538","59873691010538",2004,39,53,3579,2,2004,0.975,0.975,0.7,0.7,2.5,2.5,0,0,0.7,0.7,1,1,2,2,6,1,"",2006-08-16,"10538","",,""
"56707299010538","59873691010538",2004,39,53,3579,3,2004,0.55,0.425,1.3,1.1,0.2,0.1,0.1,0,0.6,0.5,1,1,,,5,1,"",2006-08-16,"10538","",,""
"56707300010538","59873691010538",2004,39,53,3579,4,2004,0.725,0.7,1.8,1.7,0.7,0.7,0.2,0.2,0.2,0.2,1,1,,,6,1,"",2006-08-16,"10538","",,""
"56709547010538","59875046010538",2004,39,59,2535,2,2004,0.9,0.9,0.8,0.8,1.2,1.2,0.8,0.8,0.8,0.8,2,1,1,2,3,1,"",2006-08-16,"10538","",,""
"56709548010538","59875046010538",2004,39,59,2535,3,2004,,,,,,,,,,,,1,,,,2,"",2006-08-16,"10538","",,""
"56709549010538","59875046010538",2004,39,59,2535,4,2004,0.5,0.5,0.4,0.4,0.4,0.4,0.8,0.8,0.4,0.4,2,1,,,6,1,"",2006-08-16,"10538","",,""
"56708558010538","59875667010538",2004,39,61,2063,2,2004,0.3,0.3,0.4,0.4,0.4,0.4,0,0,0.4,0.4,1,1,1,2,7,1,"",2006-08-16,"10538","",,""
"56708559010538","59875667010538",2004,39,61,2063,3,2004,0.3,0.3,0.4,0.4,0.4,0.4,0.4,0.4,0,0,1,1,,,9,1,"",2006-08-16,"10538","",,""
"56708560010538","59875667010538",2004,39,61,2063,4,2004,0.2,0.2,0.4,0.4,0,0,0,0,0.4,0.4,1,1,,,12,1,"",2006-08-16,"10538","",,""
"56708406010538","59877102010538",2004,39,73,5262,2,2004,1.1,1.1,0.8,0.8,1.2,1.2,1.2,1.2,1.2,1.2,1,1,2,2,9,1,"",2006-08-16,"10538","",,""
"56708407010538","59877102010538",2004,39,73,5262,3,2004,0.5,0.5,0.4,0.4,0.4,0.4,0.4,0.4,0.8,0.8,1,1,,,14,1,"",2006-08-16,"10538","",,""
"56708408010538","59877102010538",2004,39,73,5262,4,2004,0.8,0.8,0.8,0.8,0.8,0.8,0.8,0.8,0.8,0.8,1,1,,,5,1,"",2006-08-16,"10538","",,""
"56709661010538","59877582010538",2004,39,75,1717,2,2004,0.8,0.8,0.8,0.8,0.8,0.8,0.8,0.8,0.8,0.8,1,1,1,2,5,1,"",2006-08-16,"10538","",,""
"56709662010538","59877582010538",2004,39,75,1717,3,2004,0.9,0.9,0.8,0.8,1.2,1.2,0.8,0.8,0.8,0.8,2,1,,,3,1,"",2006-08-16,"10538","",,""
"56709663010538","59877582010538",2004,39,75,1717,4,2004,0.4,0.4,0.4,0.4,0.4,0.4,0.4,0.4,0.4,0.4,1,1,,,3,1,"",2006-08-16,"10538","",,""
"56711430010538","59878049010538",2004,39,77,3789,2,2004,,,,,,,,,,,,1,,,,2,"",2006-08-16,"10538","",,""
"56711431010538","59878049010538",2004,39,77,3789,3,2004,,,,,,,,,,,,1,,,,2,"",2006-08-16,"10538","",,""
"56711432010538","59878049010538",2004,39,77,3789,4,2004,,,,,,,,,,,,1,,,,2,"",2006-08-16,"10538","",,""
"56709410010538","59879090010538",2004,39,81,5147,2,2004,1,0.775,1,0.8,0.9,0.7,1.3,1,0.8,0.6,1,1,2,2,20,1,"",2006-08-16,"10538","",,""
"56709411010538","59879090010538",2004,39,81,5147,3,2004,0.325,0.25,0.6,0.5,0.2,0.2,0.3,0.2,0.2,0.1,1,1,,,12,1,"",2006-08-16,"10538","",,""
"56709412010538","59879090010538",2004,39,81,5147,4,2004,0.6,0.5,0.6,0.6,0.7,0.5,0.5,0.4,0.6,0.5,1,1,,,5,1,"",2006-08-16,"10538","",,""
"56709582010538","59880373010538",2004,39,89,1536,2,2004,1.8,1.4,2,1.6,1.6,1.2,1.6,1.2,2,1.6,1,1,2,2,4,1,"",2006-08-16,"10538","",,""
"56709583010538","59880373010538",2004,39,89,1536,3,2004,1.5,1.1,1.6,1.2,1.2,0.8,1.6,1.2,1.6,1.2,1,1,,,4,1,"",2006-08-16,"10538","",,""
"56709584010538","59880373010538",2004,39,89,1536,4,2004,1.2,0.8,1.2,0.8,1.2,0.8,1.2,0.8,1.2,0.8,1,1,,,9,1,"",2006-08-16,"10538","",,""
"56711388010538","59882113010538",2004,39,103,4704,2,2004,0.4,0.4,0.5,0.5,0.3,0.3,0.4,0.4,0.4,0.4,1,1,2,2,4,1,"",2006-08-16,"10538","",,""
"56711389010538","59882113010538",2004,39,103,4704,3,2004,0.675,0.5,0.5,0.4,0.6,0.5,1.1,0.9,0.5,0.2,1,1,,,11,1,"",2006-08-16,"10538","",,""
"56711390010538","59882113010538",2004,39,103,4704,4,2004,,,,,,,,,,,,1,,,,2,"",2006-08-16,"10538","",,""
"56709707010538","59882851010538",2004,39,107,4902,2,2004,,,,,,,,,,,,1,,,,2,"",2006-08-16,"10538","",,""
"56709708010538","59882851010538",2004,39,107,4902,3,2004,,,,,,,,,,,,1,,,,2,"",2006-08-16,"10538","",,""
"56709709010538","59882851010538",2004,39,107,4902,4,2004,,,,,,,,,,,,1,,,,2,"",2006-08-16,"10538","",,""
"56708606010538","59862539010538",2004,39,113,1116,2,2004,0.8,0.8,0.8,0.8,0.8,0.8,0.8,0.8,0.8,0.8,1,1,1,2,9,1,"",2006-08-16,"10538","",,""
"56708607010538","59862539010538",2004,39,113,1116,3,2004,0.2,0.2,0,0,0.4,0.4,0.4,0.4,0,0,1,1,,,16,1,"",2006-08-16,"10538","",,""
"56708608010538","59862539010538",2004,39,113,1116,4,2004,0.8,0.8,0.8,0.8,0.8,0.8,0.8,0.8,0.8,0.8,1,1,,,8,1,"",2006-08-16,"10538","",,""
"56708456010538","59865858010538",2004,39,141,4924,2,2004,1.9,1.9,2,2,1.6,1.6,1.6,1.6,2.4,2.4,1,1,1,2,14,1,"",2006-08-16,"10538","",,""
"56708457010538","59865858010538",2004,39,141,4924,3,2004,3.125,3.125,3.1,3.1,2.8,2.8,3.5,3.5,3.1,3.1,1,1,,,9,1,"",2006-08-16,"10538","",,""
"56708458010538","59865858010538",2004,39,141,4924,4,2004,1.9,1.9,1.6,1.6,2,2,2,2,2,2,1,1,,,4,1,"",2006-08-16,"10538","",,""
"56711456010538","59867573010538",2004,39,147,4302,2,2004,,,,,,,,,,,,1,,,,2,"",2006-08-16,"10538","",,""
"56711320010538","59868956010538",2004,39,155,4794,2,2004,0.7,0.625,0.7,0.7,0.6,0.5,0.6,0.5,0.9,0.8,1,1,2,2,3,1,"",2006-08-16,"10538","",,""
"54178511010538","59859396010538",2003,39,157,3047,2,2003,0.4,0.4,0.4,0.4,0.4,0.4,0.4,0.4,0.4,0.4,1,1,1,1,11.8,1,"",2006-08-16,"10538","",2007-11-29,"10661"
"56711457010538","59867573010538",2004,39,147,4302,3,2004,,,,,,,,,,,,1,,,,2,"",2006-08-16,"10538","",,""
"56711458010538","59867573010538",2004,39,147,4302,4,2004,0.425,0.425,0.5,0.5,0.8,0.8,0,0,0.4,0.4,2,1,,,6,1,"",2006-08-16,"10538","",,""
"56711321010538","59868956010538",2004,39,155,4794,3,2004,0.175,0.175,0.2,0.2,0.1,0.1,0.3,0.3,0.1,0.1,1,1,,,2,1,"",2006-08-16,"10538","",,""
"56711322010538","59868956010538",2004,39,155,4794,4,2004,0.575,0.525,0.8,0.8,0.7,0.6,0.4,0.4,0.4,0.3,1,1,,,3,1,"",2006-08-16,"10538","",,""
"56708316010538","59871051010538",2004,39,167,2121,2,2004,1.35,1.35,1.1,1.1,1.6,1.6,1.1,1.1,1.6,1.6,1,1,2,2,11,1,"",2006-08-16,"10538","",,""
"56708317010538","59871051010538",2004,39,167,2121,3,2004,1.6,1.6,1.6,1.6,1.6,1.6,1.6,1.6,1.6,1.6,1,1,,,4,1,"",2006-08-16,"10538","",,""
"56708318010538","59871051010538",2004,39,167,2121,4,2004,1.1,1.1,1.1,1.1,1.1,1.1,1.1,1.1,1.1,1.1,1,1,,,4,1,"",2006-08-16,"10538","",,""
"56708293010538","59871176010538",2004,39,167,3682,2,2004,,,,,,,,,,,,1,,,,2,"",2006-08-16,"10538","",,""
"56708294010538","59871176010538",2004,39,167,3682,3,2004,,,,,,,,,,,,1,,,,2,"",2006-08-16,"10538","",,""
"56708295010538","59871176010538",2004,39,167,3682,4,2004,,,,,,,,,,,,1,,,,2,"",2006-08-16,"10538","",,""
"62051278010538","66400505010538",2005,39,15,4442,2,2005,,,,,,,,,,,,1,,,,2,"",2006-08-16,"10538","",,""
"62051279010538","66400505010538",2005,39,15,4442,3,2005,,,,,,,,,,,,1,,,,2,"",2006-08-16,"10538","",,""
"62051280010538","66400505010538",2005,39,15,4442,4,2005,1.25,1.025,1.3,1.1,1.1,1,1.1,0.9,1.5,1.1,1,1,,,6.2,1,"",2006-08-16,"10538","",,""
"62051510010538","66400768010538",2005,39,19,1299,2,2005,0.3,0.3,0.3,0.3,0.3,0.3,0.3,0.3,0.3,0.3,1,1,1,1,4.2,1,"",2006-08-16,"10538","",,""
"62051511010538","66400768010538",2005,39,19,1299,3,2005,0.575,0.5,0.6,0.5,0.8,0.7,0.5,0.4,0.4,0.4,1,1,,,7.3,1,"",2006-08-16,"10538","",,""
"62051512010538","66400768010538",2005,39,19,1299,4,2005,0.85,0.8,0.4,0.4,1.3,1.3,1.2,1,0.5,0.5,1,1,,,2,1,"",2006-08-16,"10538","",,""
"62051541010538","66401283010538",2005,39,21,2936,2,2005,,,,,,,,,,,,1,,,,2,"",2006-08-16,"10538","",,""
"62051542010538","66401283010538",2005,39,21,2936,3,2005,1.2,0.875,1.4,1.1,0.6,0.4,1.5,1.1,1.3,0.9,2,1,,,10.1,1,"",2006-08-16,"10538","",,""
"62051543010538","66401283010538",2005,39,21,2936,4,2005,,,,,,,,,,,,1,,,,2,"",2006-08-16,"10538","",,""
"62051534010538","66402727010538",2005,39,33,4995,2,2005,0.95,0.85,0.9,0.8,1.1,1,0.9,0.8,0.9,0.8,1,1,1,1,8.4,1,"",2006-08-16,"10538","",,""
"62051535010538","66402727010538",2005,39,33,4995,3,2005,1.1,0.875,1.2,1,1.3,1,0.7,0.5,1.2,1,1,1,,,11.1,1,"",2006-08-16,"10538","",,""
"62051536010538","66402727010538",2005,39,33,4995,4,2005,0.175,0.175,0.3,0.3,0.2,0.2,0.1,0.1,0.1,0.1,1,1,,,11.3,1,"",2006-08-16,"10538","",,""
"62051547010538","66404522010538",2005,39,37,1088,2,2005,,,,,,,,,,,,1,,,,2,"",2006-08-16,"10538","",,""
"62051548010538","66404522010538",2005,39,37,1088,3,2005,1.2,1,1.4,1.2,1.3,1.1,1,0.8,1.1,0.9,2,1,,,8.1,1,"",2006-08-16,"10538","",,""
"62051549010538","66404522010538",2005,39,37,1088,4,2005,,,,,,,,,,,,1,,,,2,"",2006-08-16,"10538","",,""
"62051518010538","66406855010538",2005,39,59,5447,2,2005,0.425,0.425,0.4,0.4,0.3,0.3,0.5,0.5,0.5,0.5,3,1,1,2,3.5,1,"",2006-08-16,"10538","",,""
"62051519010538","66406855010538",2005,39,59,5447,3,2005,,,,,,,,,,,,1,,,,2,"",2006-08-16,"10538","",,""
"62051520010538","66406855010538",2005,39,59,5447,4,2005,0.375,0.375,0.4,0.4,0.5,0.5,0.3,0.3,0.3,0.3,2,1,,,2.7,1,"",2006-08-16,"10538","",,""
"62051459010538","66407100010538",2005,39,61,2287,2,2005,0.675,0.575,0.4,0.4,1.2,1,0.5,0.5,0.6,0.4,1,1,1,2,7.1,1,"",2006-08-16,"10538","",,""
"62051460010538","66407100010538",2005,39,61,2287,3,2005,,,,,,,,,,,,1,,,,2,"",2006-08-16,"10538","",,""
"62051461010538","66407100010538",2005,39,61,2287,4,2005,0.275,0.275,0.5,0.5,0.2,0.2,0,0,0.4,0.4,1,1,,,1,1,"",2006-08-16,"10538","",,""
"62051526010538","66407916010538",2005,39,67,1501,2,2005,,,,,,,,,,,,1,,,,2,"",2006-08-16,"10538","",,""
"62051527010538","66407916010538",2005,39,67,1501,3,2005,,,,,,,,,,,,1,,,,2,"",2006-08-16,"10538","",,""
"62051528010538","66407916010538",2005,39,67,1501,4,2005,0.125,0.125,0.1,0.1,0.1,0.1,0.2,0.2,0.1,0.1,1,1,,,7.1,1,"",2006-08-16,"10538","",,""
"62051720010538","66407994010538",2005,39,69,5636,2,2005,2.775,1.75,2.4,1.2,2.1,1.6,3.5,2,3.1,2.2,2,1,3,1,9.6,1,"",2006-08-16,"10538","",,""
"62051721010538","66407994010538",2005,39,69,5636,3,2005,0.175,0.15,0.1,0.1,0,0,0.3,0.3,0.3,0.2,2,1,,,12.2,1,"",2006-08-16,"10538","",,""
"62051722010538","66407994010538",2005,39,69,5636,4,2005,,,,,,,,,,,,1,,,,2,"",2006-08-16,"10538","",,""
"62051435010538","66409182010538",2005,39,73,1771,2,2005,,,,,,,,,,,,1,,,,2,"",2006-08-16,"10538","",,""
"62051436010538","66409182010538",2005,39,73,1771,3,2005,1.6,1.35,1.6,1.4,1.8,1.5,1.7,1.5,1.3,1,1,1,,,4.6,1,"",2006-08-16,"10538","",,""
"62051437010538","66409182010538",2005,39,73,1771,4,2005,1.1,1.025,0.4,0.4,1.6,1.4,1.4,1.3,1,1,1,1,,,4.6,1,"",2006-08-16,"10538","",,""
"62051262010538","66410984010538",2005,39,87,1355,2,2005,0.55,0.55,0.5,0.5,0.5,0.5,1,1,0.2,0.2,1,1,2,2,3.7,1,"",2006-08-16,"10538","",,""
"62051263010538","66410984010538",2005,39,87,1355,3,2005,0.25,0.25,0.1,0.1,0.2,0.2,0.3,0.3,0.4,0.4,1,1,,,7,1,"",2006-08-16,"10538","",,""
"62051264010538","66410984010538",2005,39,87,1355,4,2005,0.2,0.2,0.2,0.2,0.1,0.1,0.4,0.4,0.1,0.1,1,1,,,2.7,1,"",2006-08-16,"10538","",,""
"62051699010538","66412678010538",2005,39,99,3684,2,2005,0.375,0.375,0.3,0.3,0.3,0.3,0.4,0.4,0.5,0.5,1,1,2,2,5.5,1,"",2006-08-16,"10538","",,""
"62051700010538","66412678010538",2005,39,99,3684,3,2005,0.375,0.375,0.6,0.6,0.2,0.2,0.4,0.4,0.3,0.3,1,1,,,7.5,1,"",2006-08-16,"10538","",,""
"62051701010538","66412678010538",2005,39,99,3684,4,2005,0.75,0.75,0.5,0.5,0.6,0.6,1.1,1.1,0.8,0.8,1,1,,,5,1,"",2006-08-16,"10538","",,""
"62051244010538","66413241010538",2005,39,105,2390,2,2005,2.6,1.35,2.1,1.1,4,2.1,2.6,1.2,1.7,1,1,1,1,1,13.2,1,"",2006-08-16,"10538","",,""
"62051245010538","66413241010538",2005,39,105,2390,3,2005,1.125,0.75,1,0.5,1.6,1.2,0.3,0.2,1.6,1.1,1,1,,,12.9,1,"",2006-08-16,"10538","",,""
"62051246010538","66413241010538",2005,39,105,2390,4,2005,2.1,1.375,1.8,1.1,2.5,1.6,2,1.1,2.1,1.7,1,1,,,6.5,1,"",2006-08-16,"10538","",,""
"62051475010538","66414281010538",2005,39,113,3539,2,2005,1.25,0.85,1.1,0.9,1.4,0.8,0.9,0.8,1.6,0.9,1,1,1,1,7.9,1,"",2006-08-16,"10538","",2007-01-04,"10538"
"62051476010538","66414281010538",2005,39,113,3539,3,2005,1.05,0.925,1.8,1.5,0.7,0.7,0.6,0.5,1.1,1,1,1,,,8,1,"",2006-08-16,"10538","",2007-01-04,"10538"
"62051477010538","66414281010538",2005,39,113,3539,4,2005,,,,,,,,,,,,1,,,,2,"",2006-08-16,"10538","",2007-01-04,"10538"
"62051451010538","66415946010538",2005,39,119,2977,2,2005,1.675,0.95,1.3,0.9,1.9,0.8,1.6,1,1.9,1.1,1,1,1,1,13.1,1,"",2006-08-16,"10538","",,""
"62051452010538","66415946010538",2005,39,119,2977,3,2005,1.325,1.025,0.4,0.4,1.6,1,2.2,1.8,1.1,0.9,1,1,,,6.3,1,"",2006-08-16,"10538","",,""
"62051453010538","66415946010538",2005,39,119,2977,4,2005,1.45,1.05,1.3,1,1.5,1.2,1.4,1.1,1.6,0.9,1,1,,,8.3,1,"",2006-08-16,"10538","",,""
"62051418010538","66416242010538",2005,39,121,4839,2,2005,,,,,,,,,,,,1,,,,2,"",2006-08-16,"10538","",,""
"62051443010538","66416953010538",2005,39,129,4055,3,2005,,,,,,,,,,,,1,,,,2,"",2006-08-16,"10538","",,""
"62051419010538","66416242010538",2005,39,121,4839,3,2005,,,,,,,,,,,,1,,,,2,"",2006-08-16,"10538","",,""
"62051420010538","66416242010538",2005,39,121,4839,4,2005,,,,,,,,,,,,1,,,,2,"",2006-08-16,"10538","",,""
"62051442010538","66416953010538",2005,39,129,4055,2,2005,,,,,,,,,,,,1,,,,2,"",2006-08-16,"10538","",,""
"62051444010538","66416953010538",2005,39,129,4055,4,2005,0.775,0.625,0.6,0.6,1.5,1,0,0,1,0.9,1,1,,,6.2,1,"",2006-08-16,"10538","",,""
"62051271010538","66419770010538",2005,39,145,2326,2,2005,0.7,0.625,0.4,0.4,0.6,0.6,0.7,0.4,1.1,1.1,1,1,1,1,1.5,1,"",2006-08-16,"10538","",,""
"62051272010538","66419770010538",2005,39,145,2326,3,2005,0.525,0.45,0.6,0.5,0.5,0.5,0.5,0.4,0.5,0.4,1,1,,,1.5,1,"",2006-08-16,"10538","",,""
"62051273010538","66419770010538",2005,39,145,2326,4,2005,2.3,1.65,2.4,1.6,2,1.6,2.2,1.5,2.6,1.9,1,1,,,3,1,"",2006-08-16,"10538","",,""
"62051712010538","66420013010538",2005,39,147,4936,2,2005,,,,,,,,,,,,1,,,,2,"",2006-08-16,"10538","",,""
"62051713010538","66420013010538",2005,39,147,4936,3,2005,,,,,,,,,,,,1,,,,2,"",2006-08-16,"10538","",,""
"62051714010538","66420013010538",2005,39,147,4936,4,2005,,,,,,,,,,,,1,,,,2,"",2006-08-16,"10538","",,""
"62051427010538","66422502010538",2005,39,163,2417,2,2005,0.65,0.45,0.7,0.5,0.6,0.3,0.4,0.3,0.9,0.7,1,1,1,1,5.3,1,"",2006-08-16,"10538","",,""
"62051428010538","66422502010538",2005,39,163,2417,3,2005,1.15,1.075,1,0.9,1,0.9,2.1,2,0.5,0.5,1,1,,,2,1,"",2006-08-16,"10538","",,""
"62051429010538","66422502010538",2005,39,163,2417,4,2005,0.675,0.525,0.9,0.9,0.4,0.2,1,0.8,0.4,0.2,1,1,,,16,1,"",2006-08-16,"10538","",,""
"62051468010538","66422980010538",2005,39,165,2886,2,2005,1.175,0.875,1.2,1,1.4,1.1,0.9,0.5,1.2,0.9,2,1,1,1,11.9,1,"",2006-08-16,"10538","",,""
"62051469010538","66422980010538",2005,39,165,2886,3,2005,1.275,1.225,1.2,1.1,1.5,1.4,1.3,1.3,1.1,1.1,1,1,,,11.3,1,"",2006-08-16,"10538","",,""
"62051470010538","66422980010538",2005,39,165,2886,4,2005,0.075,0.075,0.1,0.1,0,0,0,0,0.2,0.2,1,1,,,0.7,1,"",2006-08-16,"10538","",,""
"211868230020004","247063599010661",2012,39,1,561,2,2012,1.475,1.475,1.8,1.8,1.7,1.7,1.7,1.7,0.7,0.7,1,2,2,2,7.6,1,"",2013-07-15,"20004","",,""
"211868231020004","247063599010661",2012,39,1,561,3,2012,1.025,1.025,1.7,1.7,0.9,0.9,1.1,1.1,0.4,0.4,1,2,,,5.9,1,"",2013-07-15,"20004","",,""
"211868232020004","247063599010661",2012,39,1,561,4,2012,0.55,0.55,0.4,0.4,0.9,0.9,0.4,0.4,0.5,0.5,1,2,,,1.7,1,"",2013-07-15,"20004","",,""
"211874674020004","247063873010661",2012,39,7,120,2,2012,1.725,0.75,1.4,1.3,1.4,0.3,2,1,2.1,0.4,1,2,2,2,9.1,1,"",2013-07-15,"20004","",,""
"211874675020004","247063873010661",2012,39,7,120,3,2012,1.25,0.575,2,0.2,1.1,0.8,0.6,0.2,1.3,1.1,1,2,,,13.8,1,"",2013-07-15,"20004","",,""
"211874676020004","247063873010661",2012,39,7,120,4,2012,1.7,0.95,1.8,0.7,1.3,1.1,1.6,1,2.1,1,1,2,,,12.6,1,"",2013-07-15,"20004","",,""
"211866267020004","247063335010661",2012,39,17,722,2,2012,,,,,,,,,,,,1,,,,2,"",2013-07-15,"20004","",,""
"211873521020004","247063836010661",2012,39,9,598,2,2012,0.4,0.4,0.7,0.7,0.2,0.2,0.3,0.3,0.4,0.4,1,2,2,2,1.3,1,"",2013-07-15,"20004","",,""
"211873522020004","247063836010661",2012,39,9,598,3,2012,0.075,0.075,0.1,0.1,0.1,0.1,0.1,0.1,0,0,1,2,,,0.5,1,"",2013-07-15,"20004","",,""
"211873523020004","247063836010661",2012,39,9,598,4,2012,0.45,0.45,0.3,0.3,0.5,0.5,0.6,0.6,0.4,0.4,1,2,,,1.1,1,"",2013-07-15,"20004","",,""
"211866268020004","247063335010661",2012,39,17,722,3,2012,,,,,,,,,,,,1,,,,2,"",2013-07-15,"20004","",,""
"211866269020004","247063335010661",2012,39,17,722,4,2012,0.525,0.525,0,0,1.2,1.2,0.3,0.3,0.6,0.6,3,1,,,0.8,1,"",2013-07-15,"20004","",,""
"211877375020004","247063962010661",2012,39,29,606,2,2012,1.875,1.45,2.5,1.9,1.4,1,2.1,1.8,1.5,1.1,2,2,1,3,14,1,"",2013-07-15,"20004","",,""
"211877376020004","247063962010661",2012,39,29,606,3,2012,1,0.825,0.9,0.7,1.5,1,0.8,0.8,0.8,0.8,1,2,,,9,1,"",2013-07-15,"20004","",,""
"211877377020004","247063962010661",2012,39,29,606,4,2012,5.075,1.025,1.7,1.7,1.2,1.2,1.3,1,16.1,0.2,1,2,,,9,1,"",2013-07-15,"20004","",,""
"211865333020004","247063223010661",2012,39,35,575,2,2012,0.35,0.35,0.2,0.2,0.1,0.1,0.4,0.4,0.7,0.7,1,2,2,2,2.7,1,"",2013-07-15,"20004","",,""
"211865334020004","247063223010661",2012,39,35,575,3,2012,0.4,0.4,0.3,0.3,0,0,1.1,1.1,0.2,0.2,1,2,,,14,1,"",2013-07-15,"20004","",,""
"211865335020004","247063223010661",2012,39,35,575,4,2012,0.55,0.55,0.6,0.6,0.6,0.6,0,0,1,1,1,2,,,5.1,1,"",2013-07-15,"20004","",,""
"211873907020004","247063844010661",2012,39,53,778,2,2012,0.925,0.925,0.9,0.9,0.9,0.9,1.1,1.1,0.8,0.8,1,2,1,2,0.9,1,"",2013-07-15,"20004","",,""
"211873908020004","247063844010661",2012,39,53,778,3,2012,2.1,0,2.5,0,0.7,0,2.4,0,2.8,0,1,2,,,1.1,1,"",2013-07-15,"20004","",,""
"211873909020004","247063844010661",2012,39,53,778,4,2012,1.125,1.125,0.6,0.6,1.2,1.2,1.1,1.1,1.6,1.6,1,2,,,1.1,1,"",2013-07-15,"20004","",,""
"211874544020004","247063864010661",2012,39,59,225,2,2012,0.4,0.4,0.3,0.3,0.3,0.3,0.6,0.6,0.4,0.4,1,1,2,2,5.1,1,"",2013-07-15,"20004","",,""
"211874545020004","247063864010661",2012,39,59,225,3,2012,0.325,0.325,0.2,0.2,0.5,0.5,0.2,0.2,0.4,0.4,1,1,,,6.4,1,"",2013-07-15,"20004","",,""
"211874546020004","247063864010661",2012,39,59,225,4,2012,0.55,0.55,1.1,1.1,0.5,0.5,0.2,0.2,0.4,0.4,1,1,,,6.6,1,"",2013-07-15,"20004","",,""
"211866476020004","247063340010661",2012,39,61,506,2,2012,0.325,0.325,0.4,0.4,0.1,0.1,0.1,0.1,0.7,0.7,1,2,2,2,0.5,1,"",2013-07-15,"20004","",,""
"211866477020004","247063340010661",2012,39,61,506,3,2012,0.125,0.125,0.4,0.4,0.1,0.1,0,0,0,0,1,2,,,0.5,1,"",2013-07-15,"20004","",,""
"211866478020004","247063340010661",2012,39,61,506,4,2012,0.2,0.2,0.1,0.1,0.4,0.4,0,0,0.3,0.3,1,2,,,0.8,1,"",2013-07-15,"20004","",,""
"211877562020004","247063968010661",2012,39,67,363,2,2012,0.275,0.275,0.4,0.4,0.5,0.5,0.1,0.1,0.1,0.1,1,2,3,3,1.3,1,"",2013-07-15,"20004","",,""
"211877563020004","247063968010661",2012,39,67,363,3,2012,0.95,0.925,0.9,0.9,2.2,2.1,0.1,0.1,0.6,0.6,1,2,,,0.9,1,"",2013-07-15,"20004","",,""
"211877564020004","247063968010661",2012,39,67,363,4,2012,1.25,1.25,0.8,0.8,1.3,1.3,1,1,1.9,1.9,1,2,,,0.7,1,"",2013-07-15,"20004","",,""
"211870601020004","247063725010661",2012,39,73,197,2,2012,3.575,2.3,5.1,2.3,3,2.5,3.1,2,3.1,2.4,1,2,2,2,14.8,1,"",2013-07-15,"20004","",,""
"211870602020004","247063725010661",2012,39,73,197,3,2012,2.15,1.7,1.8,1.4,1.9,1.7,1.9,1.7,3,2,1,2,,,11.7,1,"",2013-07-15,"20004","",,""
"211870603020004","247063725010661",2012,39,73,197,4,2012,1,0.85,1.2,1.1,1.1,0.7,0.9,0.9,0.8,0.7,1,2,,,13,1,"",2013-07-15,"20004","",,""
"211871403020004","247063758010661",2012,39,83,604,2,2012,1.125,0.75,1.1,0.6,1.3,1.1,1.4,1,0.7,0.3,1,2,3,3,2.7,1,"",2013-07-15,"20004","",,""
"211871404020004","247063758010661",2012,39,83,604,3,2012,0.725,0.7,0.5,0.5,0.4,0.4,0.3,0.3,1.7,1.6,1,2,,,5.6,1,"",2013-07-15,"20004","",,""
"211871405020004","247063758010661",2012,39,83,604,4,2012,0.45,0.425,0.6,0.6,0.2,0.2,0.7,0.7,0.3,0.2,1,2,,,2.8,1,"",2013-07-15,"20004","",,""
"211874191020004","247063849010661",2012,39,87,319,2,2012,0.75,0.75,0.7,0.7,0.2,0.2,0.3,0.3,1.8,1.8,1,2,2,2,0.7,1,"",2013-07-15,"20004","",,""
"211874192020004","247063849010661",2012,39,87,319,3,2012,0.825,0.775,0.9,0.8,0.8,0.8,0.4,0.4,1.2,1.1,1,2,,,0.9,1,"",2013-07-15,"20004","",,""
"211874193020004","247063849010661",2012,39,87,319,4,2012,0.95,0.95,0.8,0.8,0.3,0.3,0.3,0.3,2.4,2.4,1,2,,,0.5,1,"",2013-07-15,"20004","",,""
"211876792020004","247063945010661",2012,39,111,537,2,2012,0.525,0.525,1.3,1.3,0.1,0.1,0,0,0.7,0.7,1,2,2,2,8,1,"",2013-07-15,"20004","",,""
"211876793020004","247063945010661",2012,39,111,537,3,2012,1.2,0.95,1.8,1.1,1.8,1.6,0.8,0.7,0.4,0.4,1,2,,,7.2,1,"",2013-07-15,"20004","",,""
"211876794020004","247063945010661",2012,39,111,537,4,2012,,,,,,,,,,,,2,,,,2,"",2013-07-15,"20004","",,""
"211874823020004","247063879010661",2012,39,133,64,2,2012,1.275,0.9,1.4,0.8,1.8,1.1,0.7,0.6,1.2,1.1,1,2,2,2,8.1,1,"",2013-07-15,"20004","",,""
"211874824020004","247063879010661",2012,39,133,64,3,2012,1.325,0.625,1.3,0.7,1.6,0.7,1.4,0.6,1,0.5,1,2,,,14.6,1,"",2013-07-15,"20004","",,""
"211874825020004","247063879010661",2012,39,133,64,4,2012,0.975,0.65,0.9,0.8,1.5,0.9,0.5,0.4,1,0.5,1,2,,,10,1,"",2013-07-15,"20004","",,""
"211869869020004","247063695010661",2012,39,145,33,2,2012,1.7,1.45,2.5,1.9,1.1,1,1.6,1.5,1.6,1.4,1,2,2,2,7.2,1,"",2013-07-15,"20004","",,""
"211869870020004","247063695010661",2012,39,145,33,3,2012,1.825,1.775,1,1,1.6,1.6,3.1,3,1.6,1.5,1,2,,,9.6,1,"",2013-07-15,"20004","",,""
"211869871020004","247063695010661",2012,39,145,33,4,2012,0.875,0.65,0.5,0.5,0,0,2.9,2,0.1,0.1,1,2,,,9.9,1,"",2013-07-15,"20004","",,""
"211877142020004","247063951010661",2012,39,167,404,2,2012,0.6,0.6,0.8,0.8,1.1,1.1,0.1,0.1,0.4,0.4,1,2,2,2,4,1,"",2013-07-15,"20004","",,""
"211877143020004","247063951010661",2012,39,167,404,3,2012,0.475,0.475,0.7,0.7,0.6,0.6,0.4,0.4,0.2,0.2,1,2,,,5.8,1,"",2013-07-15,"20004","",,""
"211877144020004","247063951010661",2012,39,167,404,4,2012,0.875,0.85,1.8,1.8,1.1,1.1,0.1,0.1,0.5,0.4,1,2,,,10.5,1,"",2013-07-15,"20004","",,""
"271061662489998","16232407020004",2013,39,1,5656,2,2013,1.6,0.55,2.3,1,0.6,0.1,1.3,0.4,2.2,0.7,1,2,2,2,14.4,1,"",2014-07-22,"489998","",,""
"271061663489998","16232407020004",2013,39,1,5656,3,2013,2.5,1.45,2.2,1.8,2.8,2,2,0.5,3,1.5,1,2,,,5.8,1,"",2014-07-22,"489998","",,""
"271061664489998","16232407020004",2013,39,1,5656,4,2013,3.675,1.35,4.3,1.2,2.8,1,3.2,1.2,4.4,2,1,2,,,7.3,1,"",2014-07-22,"489998","",,""
"271071031489998","16232912020004",2013,39,13,2644,2,2013,,,,,,,,,,,,2,,,,2,"",2014-07-22,"489998","",,""
"271071032489998","16232912020004",2013,39,13,2644,3,2013,2.2,1.85,2,1.7,2.2,1.8,2.2,1.8,2.4,2.1,1,2,,,10.8,1,"",2014-07-22,"489998","",,""
"271071033489998","16232912020004",2013,39,13,2644,4,2013,3.225,2.225,3.4,2,3.1,2.4,3.6,2.5,2.8,2,1,2,,,5.5,1,"",2014-07-22,"489998","",,""
"271062970489998","16232500020004",2013,39,15,2715,2,2013,,,,,,,,,,,,2,,,,2,"",2014-07-22,"489998","",,""
"271062971489998","16232500020004",2013,39,15,2715,3,2013,,,,,,,,,,,,2,,,,2,"",2014-07-22,"489998","",,""
"271062972489998","16232500020004",2013,39,15,2715,4,2013,1.225,1.225,0.8,0.8,1.9,1.9,0.5,0.5,1.7,1.7,2,2,,,12.2,1,"",2014-07-22,"489998","",,""
"271065370489998","16232740020004",2013,39,31,4927,2,2013,0.425,0.325,0.5,0.4,0.6,0.5,0.3,0.2,0.3,0.2,1,2,2,2,7,1,"",2014-07-22,"489998","",,""
"271065371489998","16232740020004",2013,39,31,4927,3,2013,0.775,0.675,0.8,0.7,0.9,0.8,0.6,0.5,0.8,0.7,1,2,,,0.6,1,"",2014-07-22,"489998","",,""
"271065372489998","16232740020004",2013,39,31,4927,4,2013,0.375,0.275,0.6,0.5,0.3,0.2,0.3,0.2,0.3,0.2,1,2,,,6,1,"",2014-07-22,"489998","",,""
"271070076489998","16232880020004",2013,39,59,1944,2,2013,0.4,0.325,0.5,0.4,0.4,0.3,0.3,0.3,0.4,0.3,1,2,2,2,11,1,"",2014-07-22,"489998","",,""
"271070077489998","16232880020004",2013,39,59,1944,3,2013,,,,,,,,,,,,2,,,,2,"",2014-07-22,"489998","",,""
"271070078489998","16232880020004",2013,39,59,1944,4,2013,0.25,0.225,0.3,0.3,0.2,0.2,0.3,0.2,0.2,0.2,1,2,,,16,1,"",2014-07-22,"489998","",,""
"271075107489998","16233044020004",2013,39,73,4384,2,2013,2.3,0.75,2.4,0.4,1.3,0.6,3.4,1.2,2.1,0.8,1,2,2,2,19.6,1,"",2014-07-22,"489998","",,""
"271075108489998","16233044020004",2013,39,73,4384,3,2013,0.575,0.575,0.4,0.4,0.5,0.5,0.8,0.8,0.6,0.6,1,2,,,15.4,1,"",2014-07-22,"489998","",,""
"271075109489998","16233044020004",2013,39,73,4384,4,2013,2.425,0.725,2.3,0.8,3.3,1,2.2,0.6,1.9,0.5,1,2,,,12.2,1,"",2014-07-22,"489998","",,""
"271075567489998","16233051020004",2013,39,79,2106,2,2013,0.575,0.575,1.2,1.2,0.5,0.5,0.3,0.3,0.3,0.3,1,2,2,2,19.5,1,"",2014-07-22,"489998","",,""
"271075568489998","16233051020004",2013,39,79,2106,3,2013,1.25,1.25,1.3,1.3,1.3,1.3,1.5,1.5,0.9,0.9,1,2,,,19.9,1,"",2014-07-22,"489998","",,""
"271075569489998","16233051020004",2013,39,79,2106,4,2013,1.225,1.225,0.8,0.8,1.2,1.2,2.2,2.2,0.7,0.7,1,2,,,16.5,1,"",2014-07-22,"489998","",,""
"271074820489998","16233038020004",2013,39,99,5047,2,2013,,,,,,,,,,,,2,,,,2,"",2014-07-22,"489998","",,""
"271074821489998","16233038020004",2013,39,99,5047,3,2013,,,,,,,,,,,,2,,,,2,"",2014-07-22,"489998","",,""
"271074822489998","16233038020004",2013,39,99,5047,4,2013,,,,,,,,,,,,2,,,,2,"",2014-07-22,"489998","",,""
"271074393489998","16233029020004",2013,39,105,2981,2,2013,1.55,1.55,0.5,0.5,1.9,1.9,1.2,1.2,2.6,2.6,1,2,1,4,0.8,1,"",2014-07-22,"489998","",,""
"271074394489998","16233029020004",2013,39,105,2981,3,2013,2.25,1.825,0.7,0.6,2.7,2.4,4.4,4.2,1.2,0.1,1,2,,,0.7,1,"",2014-07-22,"489998","",,""
"271074395489998","16233029020004",2013,39,105,2981,4,2013,0.9,0.875,0.5,0.4,0.9,0.9,2,2,0.2,0.2,1,2,,,1.2,1,"",2014-07-22,"489998","",,""
"271071336489998","16232918020004",2013,39,111,3407,2,2013,0.75,0.75,0.8,0.8,0.1,0.1,0.1,0.1,2,2,1,2,2,2,1.6,1,"",2014-07-22,"489998","",,""
"271071337489998","16232918020004",2013,39,111,3407,3,2013,0.7,0.7,0,0,1.5,1.5,0.7,0.7,0.6,0.6,1,2,,,0.7,1,"",2014-07-22,"489998","",,""
"271071338489998","16232918020004",2013,39,111,3407,4,2013,0.9,0.6,0.8,0.8,1.3,0.5,0.7,0.7,0.8,0.4,1,2,,,0.6,1,"",2014-07-22,"489998","",,""
"271073740489998","16233015020004",2013,39,119,1949,2,2013,0.55,0.45,0.9,0.8,0.4,0.3,0.5,0.4,0.4,0.3,1,2,2,2,4,1,"",2014-07-22,"489998","",,""
"271073741489998","16233015020004",2013,39,119,1949,3,2013,1.85,1.7,1.8,1.7,2.1,1.9,2.6,2.4,0.9,0.8,1,2,,,7,1,"",2014-07-22,"489998","",,""
"271073742489998","16233015020004",2013,39,119,1949,4,2013,1.325,1.225,0.6,0.5,2.2,2.1,0.6,0.5,1.9,1.8,1,2,,,8,1,"",2014-07-22,"489998","",,""
"271073926489998","16233019020004",2013,39,127,918,2,2013,0.5,0.4,0.5,0.4,0.4,0.3,0.7,0.6,0.4,0.3,1,1,2,2,16,1,"",2014-07-22,"489998","",,""
"271073927489998","16233019020004",2013,39,127,918,3,2013,0.375,0.275,0.5,0.4,0.4,0.3,0.2,0.1,0.4,0.3,1,1,,,16,1,"",2014-07-22,"489998","",,""
"271073928489998","16233019020004",2013,39,127,918,4,2013,,,,,,,,,,,,1,,,,2,"",2014-07-22,"489998","",,""
"271061290489998","16232402020004",2013,39,131,2188,2,2013,3.275,1.925,4,1.5,2.8,1.7,2.5,1.7,3.8,2.8,1,2,2,2,14.9,1,"",2014-07-22,"489998","",,""
"271061291489998","16232402020004",2013,39,131,2188,3,2013,1.6,1.55,1,1,2.3,2.3,2,1.8,1.1,1.1,1,2,,,11.1,1,"",2014-07-22,"489998","",,""
"271061292489998","16232402020004",2013,39,131,2188,4,2013,0.875,0.8,1.1,0.8,0.4,0.4,0.9,0.9,1.1,1.1,1,2,,,5.6,1,"",2014-07-22,"489998","",,""
"271061754489998","16232416020004",2013,39,139,3570,2,2013,,,,,,,,,,,,1,,,,2,"",2014-07-22,"489998","",,""
"271061755489998","16232416020004",2013,39,139,3570,3,2013,,,,,,,,,,,,1,,,,2,"",2014-07-22,"489998","",,""
"271061756489998","16232416020004",2013,39,139,3570,4,2013,,,,,,,,,,,,1,,,,2,"",2014-07-22,"489998","",,""
"271065856489998","16232760020004",2013,39,141,5316,2,2013,1.2,1.2,0.1,0.1,1,1,2.5,2.5,1.2,1.2,1,2,2,2,7.9,1,"",2014-07-22,"489998","",,""
"271065857489998","16232760020004",2013,39,141,5316,3,2013,0.425,0.425,0.1,0.1,0.1,0.1,1,1,0.5,0.5,1,2,,,3.5,1,"",2014-07-22,"489998","",,""
"271065858489998","16232760020004",2013,39,141,5316,4,2013,0.9,0.9,0.9,0.9,1.1,1.1,0.4,0.4,1.2,1.2,1,2,,,5.8,1,"",2014-07-22,"489998","",,""
"271069410489998","16232862020004",2013,39,145,2227,2,2013,1.35,0.75,1.7,0.6,0.9,0.4,1,1,1.8,1,3,2,2,2,19.1,1,"",2014-07-22,"489998","",,""
"271069411489998","16232862020004",2013,39,145,2227,3,2013,2.575,2.1,3.5,3,2,1.9,2.8,2,2,1.5,1,2,,,8.1,1,"",2014-07-22,"489998","",,""
"271069412489998","16232862020004",2013,39,145,2227,4,2013,2.3,0.85,2,0.1,2.9,1.5,1.3,0.8,3,1,1,2,,,11.3,1,"",2014-07-22,"489998","",,""
"271075684489998","16233054020004",2013,39,153,3576,2,2013,2.525,2.425,2.8,2.7,1.8,1.7,2.4,2.3,3.1,3,1,2,2,2,20,1,"",2014-07-22,"489998","",,""
"271075685489998","16233054020004",2013,39,153,3576,3,2013,0.375,0.275,0.5,0.4,0.3,0.2,0.4,0.3,0.3,0.2,2,2,,,15,1,"",2014-07-22,"489998","",,""
"271075686489998","16233054020004",2013,39,153,3576,4,2013,2.475,2.375,1.2,1.1,2.6,2.5,3,2.9,3.1,3,1,2,,,18,1,"",2014-07-22,"489998","",,""
"271074550489998","16233032020004",2013,39,155,5061,2,2013,1.55,1.525,2,2,1.8,1.8,0.9,0.9,1.5,1.4,1,2,2,2,20,1,"",2014-07-22,"489998","",,""
"271074551489998","16233032020004",2013,39,155,5061,3,2013,2.675,2.625,1.8,1.8,3.7,3.6,3.6,3.5,1.6,1.6,1,2,,,20,1,"",2014-07-22,"489998","",,""
"271074552489998","16233032020004",2013,39,155,5061,4,2013,0.575,0.575,0.2,0.2,0.7,0.7,0.4,0.4,1,1,1,2,,,20,1,"",2014-07-22,"489998","",,""
"271076609489998","16233083020004",2013,39,167,2110,2,2013,1.225,0.8,0.9,0.6,0.9,0.7,1.2,0.7,1.9,1.2,1,2,3,1,1.4,1,"",2014-07-22,"489998","",,""
"271076610489998","16233083020004",2013,39,167,2110,3,2013,1.025,0.45,1.6,1.5,1.3,0.1,0.5,0.1,0.7,0.1,1,2,,,1.5,1,"",2014-07-22,"489998","",,""
"271076611489998","16233083020004",2013,39,167,2110,4,2013,1.5,0.475,1.2,1,0.2,0.2,3.9,0.1,0.7,0.6,1,2,,,2,1,"",2014-07-22,"489998","",,""
"334955713489998","171867917020004",2014,39,5,4827,2,2014,0.2,0.1,0.2,0.1,0.2,0.1,0.2,0.1,0.2,0.1,1,2,2,2,3,1,"",2015-06-01,"489998","",,""
"334955714489998","171867917020004",2014,39,5,4827,3,2014,0.2,0.1,0.2,0.1,0.2,0.1,0.2,0.1,0.2,0.1,1,2,,,18,1,"",2015-06-01,"489998","",,""
"334955715489998","171867917020004",2014,39,5,4827,4,2014,,,,,,,,,,,,2,,,,2,"",2015-06-01,"489998","",,""
"334960949489998","171868088020004",2014,39,9,2380,2,2014,0.125,0.125,0.1,0.1,0.3,0.3,0.1,0.1,0,0,1,2,1,1,1.7,1,"",2015-06-01,"489998","",,""
"334960950489998","171868088020004",2014,39,9,2380,3,2014,0.825,0.825,0.2,0.2,0.5,0.5,1.1,1.1,1.5,1.5,2,2,,,0.8,1,"",2015-06-01,"489998","",,""
"334960951489998","171868088020004",2014,39,9,2380,4,2014,,,,,,,,,,,,2,,,,4,"",2015-06-01,"489998","",,""
"334951669489998","171867720020004",2014,39,11,2083,2,2014,0.375,0.375,0.7,0.7,0.2,0.2,0.6,0.6,0,0,2,2,2,2,20,1,"",2015-06-01,"489998","",,""
"334951670489998","171867720020004",2014,39,11,2083,3,2014,,,,,,,,,,,,2,,,,2,"",2015-06-01,"489998","",,""
"334951671489998","171867720020004",2014,39,11,2083,4,2014,,,,,,,,,,,,2,,,,2,"",2015-06-01,"489998","",,""
"334952042489998","171867746020004",2014,39,15,3247,2,2014,3.45,3.35,2.6,2.5,6.1,6,2.8,2.7,2.3,2.2,1,2,2,2,5.7,1,"",2015-06-01,"489998","",,""
"334952043489998","171867746020004",2014,39,15,3247,3,2014,1.675,1.575,2.6,2.5,1.9,1.8,1,0.9,1.2,1.1,1,2,,,6.2,1,"",2015-06-01,"489998","",,""
"334956802489998","171867937020004",2014,39,19,2633,4,2014,0.175,0.175,0.1,0.1,0.3,0.3,0.1,0.1,0.2,0.2,1,2,,,11.8,1,"",2015-06-01,"489998","",,""
"334952044489998","171867746020004",2014,39,15,3247,4,2014,0.45,0.45,0.8,0.8,0,0,0.9,0.9,0.1,0.1,1,2,,,8.7,1,"",2015-06-01,"489998","",,""
"334956800489998","171867937020004",2014,39,19,2633,2,2014,1.55,1.55,1.5,1.5,2,2,2,2,0.7,0.7,1,2,2,2,1.1,1,"",2015-06-01,"489998","",,""
"334956801489998","171867937020004",2014,39,19,2633,3,2014,1.3,0.575,0.8,0.3,1.3,0.8,1.8,0.9,1.3,0.3,1,2,,,20,1,"",2015-06-01,"489998","",,""
"334959776489998","171868044020004",2014,39,29,5665,2,2014,,,,,,,,,,,,2,,,,2,"",2015-06-01,"489998","",,""
"334959777489998","171868044020004",2014,39,29,5665,3,2014,,,,,,,,,,,,2,,,,2,"",2015-06-01,"489998","",,""
"334959778489998","171868044020004",2014,39,29,5665,4,2014,,,,,,,,,,,,2,,,,2,"",2015-06-01,"489998","",,""
"334949973489998","171867601020004",2014,39,49,1720,2,2014,0.575,0.575,0.7,0.7,0.8,0.8,0.2,0.2,0.6,0.6,1,2,2,2,6.7,1,"",2015-06-01,"489998","",,""
"334949974489998","171867601020004",2014,39,49,1720,3,2014,,,,,,,,,,,,2,,,,2,"",2015-06-01,"489998","",,""
"334949975489998","171867601020004",2014,39,49,1720,4,2014,0.175,0.175,0.2,0.2,0,0,0.2,0.2,0.3,0.3,1,2,,,15.3,1,"",2015-06-01,"489998","",,""
"334953973489998","171867849020004",2014,39,55,1176,2,2014,0.825,0.675,0.8,0.6,1.1,0.9,0.7,0.6,0.7,0.6,1,2,1,2,17.3,1,"",2015-06-01,"489998","",,""
"334953974489998","171867849020004",2014,39,55,1176,3,2014,,,,,,,,,,,,2,,,,2,"",2015-06-01,"489998","",,""
"334953975489998","171867849020004",2014,39,55,1176,4,2014,0.95,0.8,1.1,1,0.7,0.6,0.9,0.7,1.1,0.9,1,2,,,15.5,1,"",2015-06-01,"489998","",,""
"334956019489998","171867923020004",2014,39,87,2049,2,2014,1.425,1.225,1.9,1.3,0.9,0.9,0.4,0.4,2.5,2.3,2,2,2,2,7.9,1,"",2015-06-01,"489998","",,""
"334956020489998","171867923020004",2014,39,87,2049,3,2014,1.9,1.775,1.8,1.6,2.4,2.3,1.8,1.7,1.6,1.5,1,2,,,6.6,1,"",2015-06-01,"489998","",,""
"334956021489998","171867923020004",2014,39,87,2049,4,2014,0.95,0.95,1,1,2.3,2.3,0.5,0.5,0,0,1,2,,,18.1,1,"",2015-06-01,"489998","",,""
"334949187489998","171867451020004",2014,39,91,4513,2,2014,0.275,0.275,0.2,0.2,0.4,0.4,0.2,0.2,0.3,0.3,1,2,2,2,8.7,1,"",2015-06-01,"489998","",,""
"334949188489998","171867451020004",2014,39,91,4513,3,2014,,,,,,,,,,,,2,,,,2,"",2015-06-01,"489998","",,""
"334949189489998","171867451020004",2014,39,91,4513,4,2014,0.8,0.8,1.1,1.1,0.7,0.7,0.8,0.8,0.6,0.6,1,2,,,7.6,1,"",2015-06-01,"489998","",,""
"334950242489998","171867622020004",2014,39,95,3536,2,2014,1.725,1.45,1.3,1.2,2.6,2,1.7,1.5,1.3,1.1,1,2,3,3,20,1,"",2015-06-01,"489998","",,""
"334950243489998","171867622020004",2014,39,95,3536,3,2014,0.575,0.475,0.4,0.3,0.8,0.7,0.4,0.3,0.7,0.6,2,2,,,20,1,"",2015-06-01,"489998","",,""
"334950244489998","171867622020004",2014,39,95,3536,4,2014,0.525,0.425,0.9,0.8,0.3,0.2,0.1,0,0.8,0.7,2,2,,,20,1,"",2015-06-01,"489998","",,""
"334948900489998","171867407020004",2014,39,117,3433,2,2014,0.225,0.225,0.2,0.2,0.3,0.3,0.2,0.2,0.2,0.2,1,2,2,2,10.4,1,"",2015-06-01,"489998","",,""
"334948901489998","171867407020004",2014,39,117,3433,3,2014,0.275,0.275,0.4,0.4,0.3,0.3,0.2,0.2,0.2,0.2,2,2,,,10.3,1,"",2015-06-01,"489998","",,""
"334948902489998","171867407020004",2014,39,117,3433,4,2014,1.675,1.675,1.7,1.7,1.3,1.3,1.9,1.9,1.8,1.8,2,2,,,8.2,1,"",2015-06-01,"489998","",,""
"334947782489998","171867303020004",2014,39,127,3072,2,2014,0.35,0.25,0.4,0.3,0.2,0.1,0.6,0.5,0.2,0.1,1,2,2,2,16,1,"",2015-06-01,"489998","",,""
"334947783489998","171867303020004",2014,39,127,3072,3,2014,0.2,0.1,0.2,0.1,0.2,0.1,0.2,0.1,0.2,0.1,2,2,,,20,1,"",2015-06-01,"489998","",,""
"334947784489998","171867303020004",2014,39,127,3072,4,2014,0.275,0.175,0.2,0.1,0.3,0.2,0.3,0.2,0.3,0.2,1,2,,,10,1,"",2015-06-01,"489998","",,""
"334953080489998","171867816020004",2014,39,141,3077,2,2014,0.25,0.25,0.2,0.2,0.1,0.1,0,0,0.7,0.7,1,2,2,2,2.6,1,"",2015-06-01,"489998","",,""
"334953081489998","171867816020004",2014,39,141,3077,3,2014,2.75,2.325,3.6,2.7,2.3,2.2,1.8,1.2,3.3,3.2,1,2,,,4,1,"",2015-06-01,"489998","",,""
"334953082489998","171867816020004",2014,39,141,3077,4,2014,,,,,,,,,,,,2,,,,2,"",2015-06-01,"489998","",,""
"381537282489998","251630448489998",2015,39,25,5374,2,2015,0.475,0.475,0.7,0.7,0,0,0.8,0.8,0.4,0.4,1,2,2,2,20,1,"",2016-03-25,"489998","",,""
"381537283489998","251630448489998",2015,39,25,5374,3,2015,0.525,0.525,0.8,0.8,0.3,0.3,0.8,0.8,0.2,0.2,1,2,,,20,1,"",2016-03-25,"489998","",,""
"381537284489998","251630448489998",2015,39,25,5374,4,2015,2.025,2.025,2.3,2.3,1.3,1.3,1.4,1.4,3.1,3.1,1,2,,,18.3,1,"",2016-03-25,"489998","",,""
"381532210489998","171867797020004",2015,39,31,1154,2,2015,0.25,0.15,0.3,0.2,0.2,0.1,0.2,0.1,0.3,0.2,1,2,2,2,13,1,"",2016-03-25,"489998","",,""
"381532211489998","171867797020004",2015,39,31,1154,3,2015,0.325,0.225,0.4,0.3,0.3,0.2,0.3,0.2,0.3,0.2,1,2,,,16,1,"",2016-03-25,"489998","",,""
"381532212489998","171867797020004",2015,39,31,1154,4,2015,0.175,0.075,0.2,0.1,0.2,0.1,0.1,0,0.2,0.1,1,2,,,15,1,"",2016-03-25,"489998","",,""
"381531633489998","171867643020004",2015,39,57,2961,2,2015,0.05,0.05,0,0,0.1,0.1,0.1,0.1,0,0,1,2,2,2,10.5,1,"",2016-03-25,"489998","",,""
"381531634489998","171867643020004",2015,39,57,2961,3,2015,0.075,0.075,0,0,0.1,0.1,0,0,0.2,0.2,1,2,,,15.7,1,"",2016-03-25,"489998","",,""
"381531635489998","171867643020004",2015,39,57,2961,4,2015,1,1,0.1,0.1,0.7,0.7,1.1,1.1,2.1,2.1,1,2,,,16.4,1,"",2016-03-25,"489998","",,""
"381537606489998","251630477489998",2015,39,61,2063,2,2015,0.225,0.225,0.7,0.7,0.2,0.2,0,0,0,0,1,2,2,2,13,1,"",2016-03-25,"489998","",,""
"381537607489998","251630477489998",2015,39,61,2063,3,2015,0.175,0.175,0,0,0.7,0.7,0,0,0,0,1,2,,,11.8,1,"",2016-03-25,"489998","",,""
"381537608489998","251630477489998",2015,39,61,2063,4,2015,0.175,0.175,0.2,0.2,0.2,0.2,0,0,0.3,0.3,1,2,,,17,1,"",2016-03-25,"489998","",,""
"381531880489998","171867740020004",2015,39,71,5390,2,2015,0.4,0.4,0.1,0.1,0.4,0.4,0.8,0.8,0.3,0.3,1,2,1,2,6,1,"",2016-03-25,"489998","",,""
"381531881489998","171867740020004",2015,39,71,5390,3,2015,1,0.9,2,1.9,0.7,0.6,0.3,0.2,1,0.9,1,2,,,6,1,"",2016-03-25,"489998","",,""
"381531882489998","171867740020004",2015,39,71,5390,4,2015,1.525,1.425,1.8,1.7,0.8,0.7,2.1,2,1.4,1.3,1,2,,,20,1,"",2016-03-25,"489998","",,""
"381540814489998","251630631489998",2015,39,73,5262,2,2015,1.575,1.2,1.3,0.9,2.5,1.7,1.5,1.2,1,1,1,2,2,2,11.8,1,"",2016-03-25,"489998","",,""
"381540815489998","251630631489998",2015,39,73,5262,3,2015,0.225,0.125,0.2,0.1,0.1,0.1,0.3,0.2,0.3,0.1,1,2,,,4.5,1,"",2016-03-25,"489998","",,""
"381540816489998","251630631489998",2015,39,73,5262,4,2015,2.3,1.2,2.2,0.8,2.5,1.5,1.5,0.8,3,1.7,1,2,,,8.3,1,"",2016-03-25,"489998","",,""
"381536646489998","251630364489998",2015,39,103,4704,2,2015,0.2,0.1,0.2,0.1,0.2,0.1,0.2,0.1,0.2,0.1,1,2,2,2,7,1,"",2016-03-25,"489998","",,""
"381536647489998","251630364489998",2015,39,103,4704,3,2015,0.3,0.2,0.4,0.3,0.2,0.1,0.3,0.2,0.3,0.2,1,2,,,12,1,"",2016-03-25,"489998","",,""
"381536648489998","251630364489998",2015,39,103,4704,4,2015,,,,,,,,,,,,2,,,,2,"",2016-03-25,"489998","",,""
"381533627489998","171867900020004",2015,39,119,1245,2,2015,,,,,,,,,,,,2,,,,2,"",2016-03-25,"489998","",,""
"381533628489998","171867900020004",2015,39,119,1245,3,2015,0.3,0.2,0.3,0.2,0.3,0.2,0.3,0.2,0.3,0.2,2,2,,,20,1,"",2016-03-25,"489998","",,""
"381533629489998","171867900020004",2015,39,119,1245,4,2015,,,,,,,,,,,,2,,,,2,"",2016-03-25,"489998","",,""
"381531499489998","171867616020004",2015,39,135,1422,2,2015,0.625,0.625,1.8,1.8,0,0,0.7,0.7,0,0,1,2,1,2,12.2,1,"",2016-03-25,"489998","",,""
"381531500489998","171867616020004",2015,39,135,1422,3,2015,0.275,0.275,0.2,0.2,0.3,0.3,0.3,0.3,0.3,0.3,1,2,,,12.2,1,"",2016-03-25,"489998","",,""
"381531501489998","171867616020004",2015,39,135,1422,4,2015,0.2,0.2,0,0,0.5,0.5,0,0,0.3,0.3,1,2,,,13.5,1,"",2016-03-25,"489998","",,""
"381534378489998","171867977020004",2015,39,145,4951,2,2015,2.425,2.375,3.5,3.4,1.2,1.2,2.9,2.8,2.1,2.1,1,2,2,2,5.8,1,"",2016-03-25,"489998","",,""
"381534379489998","171867977020004",2015,39,145,4951,3,2015,4.1,3.425,4,3.2,4,3.4,3.8,3.4,4.6,3.7,1,2,,,4.8,1,"",2016-03-25,"489998","",,""
"381534380489998","171867977020004",2015,39,145,4951,4,2015,2.625,1.575,2.8,1.8,2.8,1.5,2.8,1.7,2.1,1.3,1,2,,,6.1,1,"",2016-03-25,"489998","",,""
"381532091489998","171867791020004",2015,39,157,3047,2,2015,0.35,0.25,0.2,0.1,0.4,0.3,0.4,0.3,0.4,0.3,2,2,2,2,13,1,"",2016-03-25,"489998","",,""
"381532092489998","171867791020004",2015,39,157,3047,3,2015,,,,,,,,,,,,2,,,,6,"",2016-03-25,"489998","",,""
"381532093489998","171867791020004",2015,39,157,3047,4,2015,0.475,0.375,0.5,0.4,0.5,0.4,0.5,0.4,0.4,0.3,1,2,,,1,1,"",2016-03-25,"489998","",,""
"469327590489998","306266633489998",2016,39,13,4479,2,2016,1.075,1.075,1.5,1.5,1.1,1.1,0.7,0.7,1,1,2,2,1,2,20,1,"",2017-05-11,"489998","",,""
"469327591489998","306266633489998",2016,39,13,4479,3,2016,1.375,0.725,1.1,0.6,1.7,0.8,1.3,0.8,1.4,0.7,1,2,,,3,1,"",2017-05-11,"489998","",,""
"469327592489998","306266633489998",2016,39,13,4479,4,2016,1.825,1.225,1.6,1.1,1.8,1.1,1.9,1.3,2,1.4,2,2,,,20,1,"",2017-05-11,"489998","",,""
"469318089489998","306266188489998",2016,39,27,3456,2,2016,0.05,0.05,0.1,0.1,0.1,0.1,0,0,0,0,1,2,2,2,20,1,"",2017-05-11,"489998","",,""
"469318090489998","306266188489998",2016,39,27,3456,3,2016,0.05,0.05,0,0,0,0,0.1,0.1,0.1,0.1,1,2,,,20,1,"",2017-05-11,"489998","",,""
"469318091489998","306266188489998",2016,39,27,3456,4,2016,0.65,0.65,0.8,0.8,1.1,1.1,0.6,0.6,0.1,0.1,1,2,,,20,1,"",2017-05-11,"489998","",,""
"469328164489998","306266649489998",2016,39,41,3878,2,2016,,,,,,,,,,,,2,,,,2,"",2017-05-11,"489998","",,""
"469328165489998","306266649489998",2016,39,41,3878,3,2016,0.325,0.225,0.3,0.2,0.4,0.3,0.3,0.2,0.3,0.2,2,2,,,7,1,"",2017-05-11,"489998","",,""
"469328166489998","306266649489998",2016,39,41,3878,4,2016,,,,,,,,,,,,2,,,,2,"",2017-05-11,"489998","",,""
"469326113489998","306266580489998",2016,39,53,3579,2,2016,0.25,0.15,0.2,0.1,0.3,0.2,0.2,0.1,0.3,0.2,1,2,2,2,6,1,"",2017-05-11,"489998","",,""
"469326114489998","306266580489998",2016,39,53,3579,3,2016,0.3,0.2,0.3,0.2,0.3,0.2,0.3,0.2,0.3,0.2,1,2,,,5,1,"",2017-05-11,"489998","",,""
"469326115489998","306266580489998",2016,39,53,3579,4,2016,0.325,0.225,0.3,0.2,0.4,0.3,0.3,0.2,0.3,0.2,1,2,,,0.6,1,"",2017-05-11,"489998","",,""
"469322603489998","306266465489998",2016,39,59,2204,2,2016,0.375,0.275,0.4,0.3,0.4,0.3,0.3,0.2,0.4,0.3,2,1,2,2,20,1,"",2017-05-11,"489998","",,""
"469322604489998","306266465489998",2016,39,59,2204,3,2016,0.725,0.625,1,0.9,0.6,0.5,0.6,0.5,0.7,0.6,1,1,,,9,1,"",2017-05-11,"489998","",,""
"469322605489998","306266465489998",2016,39,59,2204,4,2016,0.225,0.125,0.3,0.2,0.2,0.1,0.2,0.1,0.2,0.1,2,1,,,20,1,"",2017-05-11,"489998","",,""
"469322455489998","306266461489998",2016,39,59,2535,2,2016,0.225,0.125,0.2,0.1,0.3,0.2,0.2,0.1,0.2,0.1,2,2,2,2,6,1,"",2017-05-11,"489998","",,""
"469322456489998","306266461489998",2016,39,59,2535,3,2016,,,,,,,,,,,,2,,,,5,"",2017-05-11,"489998","",,""
"469322457489998","306266461489998",2016,39,59,2535,4,2016,,,,,,,,,,,,2,,,,5,"",2017-05-11,"489998","",,""
"469319973489998","306266365489998",2016,39,61,2287,2,2016,1.15,1.15,0.6,0.6,0.7,0.7,2.1,2.1,1.2,1.2,1,2,2,2,11.9,1,"",2017-05-11,"489998","",,""
"469319974489998","306266365489998",2016,39,61,2287,3,2016,,,,,,,,,,,,2,,,,2,"",2017-05-11,"489998","",,""
"469319975489998","306266365489998",2016,39,61,2287,4,2016,0.025,0.025,0,0,0.1,0.1,0,0,0,0,1,2,,,14,1,"",2017-05-11,"489998","",,""
"469323054489998","306266486489998",2016,39,75,1717,2,2016,0.725,0.625,0.6,0.5,0.8,0.7,0.8,0.7,0.7,0.6,1,2,2,2,4,1,"",2017-05-11,"489998","",,""
"469323055489998","306266486489998",2016,39,75,1717,3,2016,0.6,0.5,0.5,0.4,0.8,0.7,0.5,0.4,0.6,0.5,2,2,,,2,1,"",2017-05-11,"489998","",,""
"469323056489998","306266486489998",2016,39,75,1717,4,2016,0.3,0.2,0.4,0.3,0.3,0.2,0.3,0.2,0.2,0.1,1,2,,,3,1,"",2017-05-11,"489998","",,""
"469320611489998","306266387489998",2016,39,77,3789,2,2016,,,,,,,,,,,,2,,,,2,"",2017-05-11,"489998","",,""
"469320612489998","306266387489998",2016,39,77,3789,3,2016,,,,,,,,,,,,2,,,,2,"",2017-05-11,"489998","",,""
"469320613489998","306266387489998",2016,39,77,3789,4,2016,,,,,,,,,,,,2,,,,2,"",2017-05-11,"489998","",,""
"469322144489998","306266444489998",2016,39,89,1536,2,2016,,,,,,,,,,,,2,,,,9,"",2017-05-11,"489998","",,""
"469322145489998","306266444489998",2016,39,89,1536,3,2016,0.875,0.775,0.8,0.7,0.9,0.8,1,0.9,0.8,0.7,2,2,,,5,1,"",2017-05-11,"489998","",,""
"469322146489998","306266444489998",2016,39,89,1536,4,2016,,,,,,,,,,,,2,,,,9,"",2017-05-11,"489998","",,""
"469321088489998","306266415489998",2016,39,105,2390,2,2016,0.625,0.525,0.8,0.7,0.5,0.4,0.7,0.6,0.5,0.4,1,2,2,2,6,1,"",2017-05-11,"489998","",,""
"469321089489998","306266415489998",2016,39,105,2390,3,2016,0.725,0.625,0.9,0.8,0.8,0.7,0.7,0.6,0.5,0.4,1,2,,,20,1,"",2017-05-11,"489998","",,""
"469321090489998","306266415489998",2016,39,105,2390,4,2016,0.5,0.4,0.3,0.2,0.8,0.7,0.5,0.4,0.4,0.3,1,2,,,7,1,"",2017-05-11,"489998","",,""
"469319154489998","306266282489998",2016,39,107,4902,2,2016,0.3,0.2,0.3,0.2,0.2,0.1,0.4,0.3,0.3,0.2,2,2,2,2,5,1,"",2017-05-11,"489998","",,""
"469319155489998","306266282489998",2016,39,107,4902,3,2016,,,,,,,,,,,,2,,,,2,"",2017-05-11,"489998","",,""
"469319156489998","306266282489998",2016,39,107,4902,4,2016,,,,,,,,,,,,2,,,,2,"",2017-05-11,"489998","",,""
"469317910489998","306266171489998",2016,39,113,1116,2,2016,1.425,1.425,1,1,1.7,1.7,1.2,1.2,1.8,1.8,1,2,2,2,15.6,1,"",2017-05-11,"489998","",,""
"469317911489998","306266171489998",2016,39,113,1116,3,2016,0.625,0.625,0.7,0.7,0,0,0.6,0.6,1.2,1.2,1,2,,,20,1,"",2017-05-11,"489998","",,""
"469317912489998","306266171489998",2016,39,113,1116,4,2016,0.95,0.95,1.1,1.1,0.5,0.5,1.2,1.2,1,1,1,2,,,12.5,1,"",2017-05-11,"489998","",,""
"469316972489998","306266116489998",2016,39,141,4924,2,2016,0.15,0.1,0.2,0.1,0.4,0.3,0,0,0,0,2,2,2,2,12.5,1,"",2017-05-11,"489998","",,""
"469316973489998","306266116489998",2016,39,141,4924,3,2016,2.675,2.25,2.7,2,2,1.6,2,1.8,4,3.6,1,2,,,6.8,1,"",2017-05-11,"489998","",,""
"469316974489998","306266116489998",2016,39,141,4924,4,2016,0.8,0.75,0.9,0.9,0,0,1.3,1.2,1,0.9,1,2,,,13.2,1,"",2017-05-11,"489998","",,""
"469318661489998","306266244489998",2016,39,147,4302,2,2016,,,,,,,,,,,,2,,,,2,"",2017-05-11,"489998","",,""
"469318662489998","306266244489998",2016,39,147,4302,3,2016,,,,,,,,,,,,2,,,,2,"",2017-05-11,"489998","",,""
"469318663489998","306266244489998",2016,39,147,4302,4,2016,0.525,0.425,0.5,0.4,0.5,0.4,0.6,0.5,0.5,0.4,2,2,,,7,1,"",2017-05-11,"489998","",,""
"469326545489998","306266590489998",2016,39,155,4794,2,2016,1.45,1.45,1.1,1.1,1.7,1.7,2.1,2.1,0.9,0.9,1,2,1,2,20,1,"",2017-05-11,"489998","",,""
"469326546489998","306266590489998",2016,39,155,4794,3,2016,1.4,1.275,1.9,1.8,1.5,1.4,0.8,0.7,1.4,1.2,1,2,,,20,1,"",2017-05-11,"489998","",,""
"469326547489998","306266590489998",2016,39,155,4794,4,2016,0.15,0.15,0,0,0.2,0.2,0,0,0.4,0.4,1,2,,,20,1,"",2017-05-11,"489998","",,""
"469324424489998","306266530489998",2016,39,167,2121,2,2016,0.55,0.45,0.7,0.6,0.6,0.5,0.5,0.4,0.4,0.3,1,2,2,2,9,1,"",2017-05-11,"489998","",,""
"469324425489998","306266530489998",2016,39,167,2121,3,2016,0.35,0.25,0.4,0.3,0.3,0.2,0.4,0.3,0.3,0.2,1,2,,,4,1,"",2017-05-11,"489998","",,""
"469324426489998","306266530489998",2016,39,167,2121,4,2016,0.75,0.65,0.8,0.7,0.7,0.6,0.9,0.8,0.6,0.5,1,2,,,0.5,1,"",2017-05-11,"489998","",,""
"469324517489998","306266531489998",2016,39,167,3682,2,2016,,,,,,,,,,,,2,,,,2,"",2017-05-11,"489998","",,""
"469324518489998","306266531489998",2016,39,167,3682,3,2016,,,,,,,,,,,,2,,,,2,"",2017-05-11,"489998","",,""
"469324519489998","306266531489998",2016,39,167,3682,4,2016,,,,,,,,,,,,2,,,,2,"",2017-05-11,"489998","",,""
"530818821126144","375549848489998",2017,39,19,1299,4,2017,,,,,,,,,,,,2,,,,6,"",2018-04-17,"126144","",,""
"530825050126144","375550013489998",2017,39,15,4442,2,2017,,,,,,,,,,,,2,,,,2,"",2018-04-17,"126144","",,""
"530825051126144","375550013489998",2017,39,15,4442,3,2017,,,,,,,,,,,,2,,,,2,"",2018-04-17,"126144","",,""
"530825052126144","375550013489998",2017,39,15,4442,4,2017,0.225,0.125,0.2,0.1,0.2,0.1,0.3,0.2,0.2,0.1,1,2,,,8,1,"",2018-04-17,"126144","",,""
"530818819126144","375549848489998",2017,39,19,1299,2,2017,0.1,0.1,0.2,0.2,0,0,0,0,0.2,0.2,3,2,2,2,0.7,1,"",2018-04-17,"126144","",,""
"530818820126144","375549848489998",2017,39,19,1299,3,2017,,,,,,,,,,,,2,,,,6,"",2018-04-17,"126144","",,""
"530821449126144","375549475489998",2017,39,37,1088,2,2017,,,,,,,,,,,,2,,,,2,"",2018-04-17,"126144","",,""
"530821450126144","375549475489998",2017,39,37,1088,3,2017,0.225,0.125,0.3,0.2,0.2,0.1,0.2,0.1,0.2,0.1,2,2,,,13,1,"",2018-04-17,"126144","",,""
"530821451126144","375549475489998",2017,39,37,1088,4,2017,,,,,,,,,,,,2,,,,2,"",2018-04-17,"126144","",,""
"530827926126144","375549669489998",2017,39,43,1882,2,2017,0.375,0.375,0.5,0.5,0.1,0.1,0.7,0.7,0.2,0.2,1,1,3,3,20,1,"",2018-04-17,"126144","",,""
"530827927126144","375549669489998",2017,39,43,1882,3,2017,0,0,0,0,0,0,0,0,0,0,1,1,,,0,1,"",2018-04-17,"126144","",,""
"530827928126144","375549669489998",2017,39,43,1882,4,2017,0.175,0.175,0.1,0.1,0.5,0.5,0,0,0.1,0.1,1,1,,,20,1,"",2018-04-17,"126144","",,""
"530824246126144","375549981489998",2017,39,59,5447,2,2017,,,,,,,,,,,,2,,,,2,"",2018-04-17,"126144","",,""
"530824247126144","375549981489998",2017,39,59,5447,3,2017,,,,,,,,,,,,2,,,,2,"",2018-04-17,"126144","",,""
"530824248126144","375549981489998",2017,39,59,5447,4,2017,,,,,,,,,,,,2,,,,6,"",2018-04-17,"126144","",,""
"530824102126144","375549978489998",2017,39,67,1501,2,2017,,,,,,,,,,,,2,,,,2,"",2018-04-17,"126144","",,""
"530824103126144","375549978489998",2017,39,67,1501,3,2017,,,,,,,,,,,,2,,,,2,"",2018-04-17,"126144","",,""
"530824104126144","375549978489998",2017,39,67,1501,4,2017,1.325,1.325,1,1,1.6,1.6,1.4,1.4,1.3,1.3,1,2,,,15.6,1,"",2018-04-17,"126144","",,""
"530826733126144","375549579489998",2017,39,69,5636,2,2017,1.65,1.65,2.4,2.4,0.7,0.7,1.2,1.2,2.3,2.3,1,2,1,1,17.4,1,"",2018-04-17,"126144","",,""
"530826734126144","375549579489998",2017,39,69,5636,3,2017,0.425,0.425,0.8,0.8,0.3,0.3,0.5,0.5,0.1,0.1,1,2,,,2,1,"",2018-04-17,"126144","",,""
"530826735126144","375549579489998",2017,39,69,5636,4,2017,,,,,,,,,,,,2,,,,2,"",2018-04-17,"126144","",,""
"530824822126144","375550002489998",2017,39,73,1771,2,2017,,,,,,,,,,,,2,,,,2,"",2018-04-17,"126144","",,""
"530824823126144","375550002489998",2017,39,73,1771,3,2017,0.375,0.275,0.4,0.3,0.2,0.1,0.5,0.4,0.4,0.3,1,2,,,9,1,"",2018-04-17,"126144","",,""
"530824824126144","375550002489998",2017,39,73,1771,4,2017,0.3,0.2,0.3,0.2,0.3,0.2,0.4,0.3,0.2,0.1,1,2,,,4,1,"",2018-04-17,"126144","",,""
"530818604126144","375549844489998",2017,39,87,1355,2,2017,0.2,0.1,0.2,0.1,0.2,0.1,0.2,0.1,0.2,0.1,2,2,2,2,4,1,"",2018-04-17,"126144","",,""
"530818605126144","375549844489998",2017,39,87,1355,3,2017,,,,,,,,,,,,2,,,,6,"",2018-04-17,"126144","",,""
"530818606126144","375549844489998",2017,39,87,1355,4,2017,0.2,0.1,0.2,0.1,0.2,0.1,0.2,0.1,0.2,0.1,1,2,,,18,1,"",2018-04-17,"126144","",,""
"530823747126144","375549512489998",2017,39,113,3539,2,2017,0.5,0.4,0.6,0.5,0.5,0.4,0.5,0.4,0.4,0.3,1,2,2,2,8,1,"",2018-04-17,"126144","",,""
"530823748126144","375549512489998",2017,39,113,3539,3,2017,0.625,0.4,0.7,0.5,0.6,0.3,0.5,0.3,0.7,0.5,1,2,,,10,1,"",2018-04-17,"126144","",,""
"530823749126144","375549512489998",2017,39,113,3539,4,2017,,,,,,,,,,,,2,,,,2,"",2018-04-17,"126144","",,""
"530821955126144","375549936489998",2017,39,119,2977,2,2017,0.2,0.1,0.2,0.1,0.2,0.1,0.2,0.1,0.2,0.1,1,2,2,2,20,1,"",2018-04-17,"126144","",,""
"530821956126144","375549936489998",2017,39,119,2977,3,2017,0.475,0.375,0.6,0.5,0.4,0.3,0.3,0.2,0.6,0.5,1,2,,,18,1,"",2018-04-17,"126144","",,""
"530821957126144","375549936489998",2017,39,119,2977,4,2017,0.425,0.325,0.4,0.3,0.4,0.3,0.7,0.6,0.2,0.1,1,2,,,8,1,"",2018-04-17,"126144","",,""
"530828257126144","375549739489998",2017,39,129,4055,2,2017,,,,,,,,,,,,2,,,,2,"",2018-04-17,"126144","",,""
"530828258126144","375549739489998",2017,39,129,4055,3,2017,,,,,,,,,,,,2,,,,2,"",2018-04-17,"126144","",,""
"530828259126144","375549739489998",2017,39,129,4055,4,2017,0.3,0.2,0.3,0.2,0.3,0.2,0.3,0.2,0.3,0.2,1,2,,,20,1,"",2018-04-17,"126144","",,""
"530816476126144","375549770489998",2017,39,145,2326,2,2017,0.6,0.5,0.8,0.7,0.4,0.3,1,0.9,0.2,0.1,1,2,2,2,9,1,"",2018-04-17,"126144","",,""
"530816477126144","375549770489998",2017,39,145,2326,3,2017,0.35,0.25,0.4,0.3,0.4,0.3,0.3,0.2,0.3,0.2,1,2,,,2,1,"",2018-04-17,"126144","",,""
"530816478126144","375549770489998",2017,39,145,2326,4,2017,0.325,0.225,0.3,0.2,0.2,0.1,0.4,0.3,0.4,0.3,1,2,,,4,1,"",2018-04-17,"126144","",,""
"530823031126144","375549962489998",2017,39,163,2417,2,2017,0.625,0.525,0.6,0.5,0.5,0.4,0.8,0.7,0.6,0.5,1,2,2,2,3,1,"",2018-04-17,"126144","",,""
"530823032126144","375549962489998",2017,39,163,2417,3,2017,0.325,0.225,0.3,0.2,0.4,0.3,0.3,0.2,0.3,0.2,1,2,,,3,1,"",2018-04-17,"126144","",,""
"530823033126144","375549962489998",2017,39,163,2417,4,2017,0.325,0.225,0.3,0.2,0.3,0.2,0.4,0.3,0.3,0.2,1,2,,,3,1,"",2018-04-17,"126144","",,""
"657547236126144","463048805489998",2018,39,1,599,2,2018,1.1,0.9,0.9,0.8,1.1,0.9,1.3,1.1,1.1,0.8,1,1,2,2,3.8,1,"",2019-04-26,"126144","",,""
"657547237126144","463048805489998",2018,39,1,599,3,2018,0.5,0.45,0.9,0.9,0.5,0.4,0.1,0.1,0.5,0.4,1,1,,,3.3,1,"",2019-04-26,"126144","",,""
"657547238126144","463048805489998",2018,39,1,599,4,2018,0.8,0.45,1,0.5,0.4,0.3,0.9,0.4,0.9,0.6,1,1,,,2.8,1,"",2019-04-26,"126144","",,""
"657540326126144","463048962489998",2018,39,11,41,2,2018,0.1,0.1,0.1,0.1,0.1,0.1,0.1,0.1,0.1,0.1,1,1,1,1,15.5,1,"",2019-04-26,"126144","",,""
"657540327126144","463048962489998",2018,39,11,41,3,2018,0.1,0.1,0.1,0.1,0.1,0.1,0.1,0.1,0.1,0.1,1,1,,,14.5,1,"",2019-04-26,"126144","",,""
"657540328126144","463048962489998",2018,39,11,41,4,2018,0.1,0.1,0.1,0.1,0.1,0.1,0.1,0.1,0.1,0.1,1,1,,,16.5,1,"",2019-04-26,"126144","",,""
"657544720126144","463049170489998",2018,39,19,378,2,2018,,,,,,,,,,,,1,,,,5,"",2019-04-26,"126144","",,""
"657544721126144","463049170489998",2018,39,19,378,3,2018,0.1,0.1,0.1,0.1,0.1,0.1,0.1,0.1,0.1,0.1,2,1,,,20,1,"",2019-04-26,"126144","",,""
"657544722126144","463049170489998",2018,39,19,378,4,2018,0.1,0.1,0.1,0.1,0.1,0.1,0.1,0.1,0.1,0.1,2,1,,,18,1,"",2019-04-26,"126144","",,""
"657544911126144","463049176489998",2018,39,29,209,2,2018,,,,,,,,,,,,1,,,,6,"",2019-04-26,"126144","",,""
"657544912126144","463049176489998",2018,39,29,209,3,2018,,,,,,,,,,,,1,,,,6,"",2019-04-26,"126144","",,""
"657544913126144","463049176489998",2018,39,29,209,4,2018,,,,,,,,,,,,1,,,,2,"",2019-04-26,"126144","",,""
"657540568126144","463048985489998",2018,39,67,651,2,2018,1.75,1.5,1.7,1.7,2,2,1.5,1.5,1.8,0.8,1,1,1,1,20,1,"",2019-04-26,"126144","",,""
"657540569126144","463048985489998",2018,39,67,651,3,2018,0.825,0.825,0.8,0.8,1,1,0.7,0.7,0.8,0.8,1,1,,,9.8,1,"",2019-04-26,"126144","",,""
"657540570126144","463048985489998",2018,39,67,651,4,2018,0.825,0.825,0.8,0.8,1,1,0.7,0.7,0.8,0.8,1,1,,,12.6,1,"",2019-04-26,"126144","",,""
"657544158126144","463049144489998",2018,39,105,556,2,2018,1.375,1.125,1,0.8,1.2,0.9,1.6,1.4,1.7,1.4,1,1,2,2,2.6,1,"",2019-04-26,"126144","",,""
"657544159126144","463049144489998",2018,39,105,556,3,2018,0.85,0.675,0.8,0.6,0.9,0.7,0.8,0.6,0.9,0.8,1,1,,,2.5,1,"",2019-04-26,"126144","",,""
"657544160126144","463049144489998",2018,39,105,556,4,2018,0.625,0.525,0.4,0.3,0.1,0.1,0.8,0.7,1.2,1,1,1,,,3.8,1,"",2019-04-26,"126144","",,""
"657549427126144","463048680489998",2018,39,121,4839,2,2018,,,,,,,,,,,,2,,,,2,"",2019-04-26,"126144","",,""
"657549428126144","463048680489998",2018,39,121,4839,3,2018,,,,,,,,,,,,2,,,,2,"",2019-04-26,"126144","",,""
"657549429126144","463048680489998",2018,39,121,4839,4,2018,,,,,,,,,,,,2,,,,2,"",2019-04-26,"126144","",,""
"657543639126144","463049114489998",2018,39,141,691,2,2018,0.65,0.45,0.8,0.6,0.9,0.6,0.5,0.3,0.4,0.3,1,1,2,2,3.5,1,"",2019-04-26,"126144","",,""
"657543640126144","463049114489998",2018,39,141,691,3,2018,1.2,0.8,0.8,0.5,1.8,1.4,1.2,0.8,1,0.5,1,1,,,3.8,1,"",2019-04-26,"126144","",,""
"657543641126144","463049114489998",2018,39,141,691,4,2018,1.15,0.825,1.5,1,0.6,0.5,1.4,1,1.1,0.8,1,1,,,5.2,1,"",2019-04-26,"126144","",,""
"657545038126144","463049180489998",2018,39,155,542,2,2018,,,,,,,,,,,,1,,,,2,"",2019-04-26,"126144","",,""
"657545039126144","463049180489998",2018,39,155,542,3,2018,,,,,,,,,,,,1,,,,2,"",2019-04-26,"126144","",,""
"657545040126144","463049180489998",2018,39,155,542,4,2018,,,,,,,,,,,,1,,,,2,"",2019-04-26,"126144","",,""
"657540906126144","463049012489998",2018,39,155,866,2,2018,,,,,,,,,,,,1,,,,2,"",2019-04-26,"126144","",,""
"657540907126144","463049012489998",2018,39,155,866,3,2018,,,,,,,,,,,,1,,,,2,"",2019-04-26,"126144","",,""
"657540908126144","463049012489998",2018,39,155,866,4,2018,,,,,,,,,,,,1,,,,2,"",2019-04-26,"126144","",,""
"657546437126144","463048616489998",2018,39,165,644,2,2018,0.2,0.2,0.1,0.1,0.2,0.2,0.1,0.1,0.4,0.4,1,1,3,3,3.3,1,"",2019-04-26,"126144","",,""
"657546438126144","463048616489998",2018,39,165,644,3,2018,0.4,0.35,0.3,0.3,0.1,0.1,0.8,0.7,0.4,0.3,1,1,,,5.1,1,"",2019-04-26,"126144","",,""
"657546439126144","463048616489998",2018,39,165,644,4,2018,0.85,0.65,1,0.8,1.3,0.8,0.6,0.5,0.5,0.5,1,1,,,5.6,1,"",2019-04-26,"126144","",,""
