,state_county,physiographic_class_code,growingstock_stocking_code,state_code,county_code
0,009009,2.0,2.0,9,9
1,009005,2.0,2.0,9,5
2,009011,2.0,3.0,9,11
3,009013,2.0,2.0,9,13
4,024045,2.0,2.0,24,45
5,024025,2.0,2.0,24,25
6,024039,2.0,2.0,24,39
7,024001,2.0,2.0,24,1
8,024037,2.0,2.0,24,37
9,024003,2.0,2.0,24,3
10,024015,2.0,2.0,24,15
11,033017,2.0,3.0,33,17
12,033007,2.0,2.0,33,7
13,033011,2.0,2.0,33,11
14,033019,2.0,2.0,33,19
15,033013,2.0,2.0,33,13
16,033009,2.0,2.0,33,9
17,034023,2.0,2.0,34,23
18,034027,2.0,2.0,34,27
19,034015,2.0,2.0,34,15
20,034037,2.0,2.0,34,37
21,034019,2.0,2.0,34,19
22,034005,2.0,3.0,34,5
23,034035,2.0,3.0,34,35
24,050003,2.0,2.0,50,3
25,050025,2.0,2.0,50,25
26,050005,2.0,2.0,50,5
27,050021,2.0,2.0,50,21
28,050009,2.0,3.0,50,9
29,033003,2.0,2.0,33,3
30,033005,2.0,2.0,33,5
31,033015,2.0,2.0,33,15
32,025003,2.0,2.0,25,3
33,025009,2.0,2.0,25,9
34,025023,2.0,3.0,25,23
35,025027,2.0,2.0,25,27
36,025011,2.0,2.0,25,11
37,024047,2.0,2.0,24,47
38,024019,2.0,2.0,24,19
39,024013,2.0,2.0,24,13
40,024021,2.0,3.0,24,21
41,024005,2.0,2.0,24,5
42,024023,2.0,3.0,24,23
43,034025,2.0,3.0,34,25
44,034031,2.0,2.0,34,31
45,034033,2.0,2.0,34,33
46,034007,2.0,3.0,34,7
47,034021,2.0,2.0,34,21
48,034001,2.0,3.0,34,1
49,009007,2.0,2.0,9,7
50,034029,2.0,3.0,34,29
51,034011,2.0,3.0,34,11
52,050027,2.0,2.0,50,27
53,050019,2.0,2.0,50,19
54,050017,2.0,2.0,50,17
55,050015,2.0,2.0,50,15
56,010005,2.0,2.0,10,5
57,010001,2.0,2.0,10,1
58,010003,2.0,3.0,10,3
59,033001,2.0,2.0,33,1
60,025017,2.0,2.0,25,17
61,024031,2.0,3.0,24,31
62,024033,2.0,2.0,24,33
63,024029,2.0,2.0,24,29
64,050001,2.0,2.0,50,1
65,024043,2.0,3.0,24,43
66,025015,2.0,2.0,25,15
67,025013,2.0,3.0,25,13
68,009003,2.0,2.0,9,3
69,024017,2.0,2.0,24,17
70,034041,2.0,3.0,34,41
71,034009,2.0,3.0,34,9
72,050011,2.0,2.0,50,11
73,050023,2.0,3.0,50,23
74,024009,2.0,2.0,24,9
75,024041,2.0,2.0,24,41
76,009015,2.0,2.0,9,15
77,025005,2.0,3.0,25,5
78,025021,2.0,3.0,25,21
79,025001,2.0,4.0,25,1
80,044007,2.0,2.0,44,7
81,044003,2.0,2.0,44,3
82,044009,2.0,2.0,44,9
83,044005,2.0,3.0,44,5
84,034003,2.0,2.0,34,3
85,024035,2.0,3.0,24,35
86,024027,2.0,2.0,24,27
87,009001,2.0,2.0,9,1
88,050007,2.0,2.0,50,7
89,050013,2.0,2.0,50,13
90,025007,2.0,5.0,25,7
91,024011,2.0,2.0,24,11
92,015001,2.0,2.0,15,1
93,044001,2.0,2.0,44,1
94,015003,2.0,2.0,15,3
95,015009,2.0,2.0,15,9
96,015007,2.0,2.0,15,7
97,024510,2.0,4.0,24,510
98,025019,2.0,5.0,25,19
99,034039,2.0,3.0,34,39
100,034013,2.0,3.0,34,13
101,034017,2.0,4.0,34,17
102,025025,0.0,0.0,25,25
103,015005,0.0,0.0,15,5
104,001023,2.0,3.0,1,23
105,001125,2.0,3.0,1,125
106,001127,2.0,3.0,1,127
107,001123,2.0,3.0,1,123
108,001119,2.0,3.0,1,119
109,001121,2.0,3.0,1,121
110,001081,2.0,3.0,1,81
111,001027,2.0,3.0,1,27
112,001117,2.0,2.0,1,117
113,001041,2.0,3.0,1,41
114,001013,2.0,3.0,1,13
115,001053,2.0,3.0,1,53
116,001065,2.0,3.0,1,65
117,001007,2.0,3.0,1,7
118,001063,2.0,3.0,1,63
119,001131,2.0,3.0,1,131
120,001075,2.0,3.0,1,75
121,001017,2.0,3.0,1,17
122,001093,2.0,3.0,1,93
123,001047,2.0,3.0,1,47
124,001099,2.0,3.0,1,99
125,001105,2.0,3.0,1,105
126,001025,2.0,3.0,1,25
127,001031,2.0,3.0,1,31
128,001037,2.0,3.0,1,37
129,001107,2.0,3.0,1,107
130,001005,2.0,3.0,1,5
131,001059,2.0,3.0,1,59
132,001129,2.0,3.0,1,129
133,001003,2.0,3.0,1,3
134,001101,2.0,3.0,1,101
135,001001,2.0,3.0,1,1
136,001021,2.0,3.0,1,21
137,001019,2.0,3.0,1,19
138,001097,2.0,3.0,1,97
139,001049,2.0,3.0,1,49
140,001051,2.0,3.0,1,51
141,001085,2.0,3.0,1,85
142,001073,2.0,3.0,1,73
143,001089,2.0,3.0,1,89
144,001067,2.0,3.0,1,67
145,001091,2.0,3.0,1,91
146,001015,2.0,3.0,1,15
147,001111,2.0,3.0,1,111
148,001039,2.0,3.0,1,39
149,001035,2.0,3.0,1,35
150,001029,2.0,3.0,1,29
151,001043,2.0,3.0,1,43
152,001109,2.0,3.0,1,109
153,001057,2.0,3.0,1,57
154,001113,2.0,3.0,1,113
155,001133,2.0,3.0,1,133
156,001061,2.0,3.0,1,61
157,001115,2.0,3.0,1,115
158,001009,2.0,3.0,1,9
159,001011,2.0,3.0,1,11
160,001103,2.0,3.0,1,103
161,001069,2.0,3.0,1,69
162,001087,2.0,3.0,1,87
163,001079,2.0,3.0,1,79
164,001077,2.0,3.0,1,77
165,001071,2.0,3.0,1,71
166,001033,2.0,3.0,1,33
167,001045,2.0,3.0,1,45
168,001055,2.0,3.0,1,55
169,001095,2.0,3.0,1,95
170,001083,2.0,3.0,1,83
171,002110,2.0,3.0,2,110
172,002232,2.0,3.0,2,232
173,002280,2.0,3.0,2,280
174,002201,2.0,3.0,2,201
175,002130,2.0,3.0,2,130
176,002220,2.0,3.0,2,220
177,002282,2.0,3.0,2,282
178,002122,2.0,2.0,2,122
179,002261,2.0,3.0,2,261
180,002100,2.0,2.0,2,100
181,002150,2.0,2.0,2,150
182,002020,2.0,2.0,2,20
183,002170,0.0,0.0,2,170
184,004009,1.0,5.0,4,9
185,004003,1.0,5.0,4,3
186,004025,1.0,5.0,4,25
187,004005,1.0,5.0,4,5
188,004015,1.0,5.0,4,15
189,004001,1.0,5.0,4,1
190,004023,1.0,5.0,4,23
191,004019,1.0,5.0,4,19
192,004011,1.0,5.0,4,11
193,004017,1.0,5.0,4,17
194,004007,1.0,5.0,4,7
195,004021,1.0,5.0,4,21
196,004013,1.0,5.0,4,13
197,004027,1.0,5.0,4,27
198,004012,2.0,5.0,4,12
199,005103,2.0,3.0,5,103
200,005013,2.0,3.0,5,13
201,005069,2.0,2.0,5,69
202,005051,2.0,3.0,5,51
203,005113,2.0,3.0,5,113
204,005061,2.0,3.0,5,61
205,005025,2.0,3.0,5,25
206,005107,2.0,3.0,5,107
207,005071,2.0,3.0,5,71
208,005007,2.0,3.0,5,7
209,005089,2.0,3.0,5,89
210,005031,2.0,3.0,5,31
211,005039,2.0,3.0,5,39
212,005043,2.0,3.0,5,43
213,005079,2.0,3.0,5,79
214,005057,2.0,3.0,5,57
215,005027,2.0,3.0,5,27
216,005101,2.0,3.0,5,101
217,005081,2.0,2.0,5,81
218,005003,2.0,3.0,5,3
219,005125,2.0,3.0,5,125
220,005085,2.0,3.0,5,85
221,005011,2.0,3.0,5,11
222,005099,2.0,3.0,5,99
223,005059,2.0,3.0,5,59
224,005119,2.0,3.0,5,119
225,005149,2.0,3.0,5,149
226,005139,2.0,3.0,5,139
227,005053,2.0,2.0,5,53
228,005133,2.0,3.0,5,133
229,005105,2.0,3.0,5,105
230,005019,2.0,2.0,5,19
231,005109,2.0,3.0,5,109
232,005097,2.0,3.0,5,97
233,005127,2.0,3.0,5,127
234,005145,2.0,3.0,5,145
235,005023,2.0,3.0,5,23
236,005073,2.0,2.0,5,73
237,005091,2.0,3.0,5,91
238,005005,2.0,3.0,5,5
239,005047,2.0,3.0,5,47
240,005083,2.0,3.0,5,83
241,005063,2.0,3.0,5,63
242,005033,2.0,3.0,5,33
243,005029,2.0,3.0,5,29
244,005021,2.0,3.0,5,21
245,005143,2.0,3.0,5,143
246,005115,2.0,3.0,5,115
247,005049,2.0,3.0,5,49
248,005015,2.0,3.0,5,15
249,005087,2.0,3.0,5,87
250,005131,2.0,3.0,5,131
251,005041,2.0,3.0,5,41
252,005045,2.0,3.0,5,45
253,005065,2.0,3.0,5,65
254,005141,2.0,3.0,5,141
255,005129,2.0,3.0,5,129
256,005009,2.0,3.0,5,9
257,005095,2.0,2.0,5,95
258,005017,2.0,4.0,5,17
259,005001,2.0,2.0,5,1
260,005117,2.0,2.0,5,117
261,005121,2.0,3.0,5,121
262,005067,2.0,2.0,5,67
263,005077,2.0,3.0,5,77
264,005055,2.0,3.0,5,55
265,005147,2.0,4.0,5,147
266,005075,2.0,3.0,5,75
267,005123,2.0,3.0,5,123
268,005137,2.0,3.0,5,137
269,005135,2.0,3.0,5,135
270,005093,2.0,2.0,5,93
271,005037,2.0,3.0,5,37
272,005111,2.0,3.0,5,111
273,005035,2.0,2.0,5,35
274,006045,2.0,2.0,6,45
275,006023,2.0,2.0,6,23
276,006049,1.0,4.0,6,49
277,006089,2.0,2.0,6,89
278,006091,2.0,2.0,6,91
279,006079,2.0,2.0,6,79
280,006111,1.0,5.0,6,111
281,006093,2.0,2.0,6,93
282,006105,2.0,2.0,6,105
283,006017,2.0,2.0,6,17
284,006043,2.0,2.0,6,43
285,006063,2.0,2.0,6,63
286,006107,1.0,2.0,6,107
287,006021,1.0,2.0,6,21
288,006019,2.0,3.0,6,19
289,006033,1.0,2.0,6,33
290,006035,2.0,3.0,6,35
291,006071,1.0,5.0,6,71
292,006103,2.0,2.0,6,103
293,006069,1.0,4.0,6,69
294,006109,2.0,2.0,6,109
295,006027,1.0,5.0,6,27
296,006083,1.0,4.0,6,83
297,006081,2.0,2.0,6,81
298,006015,2.0,2.0,6,15
299,006051,1.0,5.0,6,51
300,006055,2.0,2.0,6,55
301,006053,1.0,4.0,6,53
302,006061,2.0,2.0,6,61
303,006009,2.0,2.0,6,9
304,006057,2.0,2.0,6,57
305,006007,2.0,2.0,6,7
306,006029,1.0,5.0,6,29
307,006003,2.0,3.0,6,3
308,006097,2.0,2.0,6,97
309,006013,1.0,2.0,6,13
310,006005,2.0,2.0,6,5
311,006039,2.0,2.0,6,39
312,006087,2.0,2.0,6,87
313,006037,1.0,5.0,6,37
314,006085,2.0,3.0,6,85
315,006099,1.0,5.0,6,99
316,006001,1.0,2.0,6,1
317,006115,2.0,2.0,6,115
318,006041,2.0,2.0,6,41
319,006011,1.0,4.0,6,11
320,006073,1.0,4.0,6,73
321,006065,1.0,5.0,6,65
322,006101,1.0,3.0,6,101
323,006025,1.0,5.0,6,25
324,006067,1.0,4.0,6,67
325,006077,2.0,5.0,6,77
326,006113,2.0,4.0,6,113
327,006047,1.0,5.0,6,47
328,006095,2.0,4.0,6,95
329,006059,1.0,4.0,6,59
330,006031,0.0,0.0,6,31
331,006075,0.0,0.0,6,75
332,008079,2.0,2.0,8,79
333,008021,2.0,2.0,8,21
334,008015,1.0,2.0,8,15
335,008045,1.0,5.0,8,45
336,008081,1.0,5.0,8,81
337,008097,2.0,2.0,8,97
338,008067,1.0,5.0,8,67
339,008103,1.0,5.0,8,103
340,008083,1.0,5.0,8,83
341,008059,1.0,3.0,8,59
342,008023,2.0,2.0,8,23
343,008007,2.0,4.0,8,7
344,008057,2.0,3.0,8,57
345,008037,2.0,5.0,8,37
346,008093,1.0,3.0,8,93
347,008049,2.0,3.0,8,49
348,008051,2.0,2.0,8,51
349,008077,1.0,5.0,8,77
350,008109,2.0,3.0,8,109
351,008113,1.0,5.0,8,113
352,008065,2.0,3.0,8,65
353,008069,2.0,3.0,8,69
354,008053,2.0,3.0,8,53
355,008055,1.0,5.0,8,55
356,008107,2.0,3.0,8,107
357,008029,1.0,5.0,8,29
358,008035,1.0,5.0,8,35
359,008117,2.0,3.0,8,117
360,008043,1.0,5.0,8,43
361,008119,1.0,4.0,8,119
362,008033,2.0,5.0,8,33
363,008085,1.0,5.0,8,85
364,008101,1.0,5.0,8,101
365,008039,1.0,3.0,8,39
366,008011,1.0,5.0,8,11
367,008019,2.0,3.0,8,19
368,008091,2.0,5.0,8,91
369,008013,1.0,3.0,8,13
370,008071,1.0,5.0,8,71
371,008105,2.0,2.0,8,105
372,008047,1.0,2.0,8,47
373,008041,1.0,4.0,8,41
374,008089,1.0,5.0,8,89
375,008027,2.0,3.0,8,27
376,008111,2.0,2.0,8,111
377,008005,2.0,4.0,8,5
378,008003,2.0,5.0,8,3
379,008009,1.0,5.0,8,9
380,008031,2.0,2.0,8,31
381,008061,0.0,0.0,8,61
382,008125,2.0,3.0,8,125
383,008001,2.0,5.0,8,1
384,008121,0.0,0.0,8,121
385,008063,0.0,0.0,8,63
386,008075,2.0,3.0,8,75
387,008087,2.0,5.0,8,87
388,008095,0.0,0.0,8,95
389,008073,0.0,0.0,8,73
390,008123,0.0,0.0,8,123
391,008099,0.0,0.0,8,99
392,008017,0.0,0.0,8,17
393,008025,0.0,0.0,8,25
394,008115,0.0,0.0,8,115
395,012003,2.0,3.0,12,3
396,012031,2.0,3.0,12,31
397,012075,2.0,3.0,12,75
398,012035,2.0,3.0,12,35
399,012063,2.0,3.0,12,63
400,012067,2.0,3.0,12,67
401,012109,2.0,3.0,12,109
402,012125,2.0,3.0,12,125
403,012007,2.0,3.0,12,7
404,012073,2.0,3.0,12,73
405,012093,2.0,5.0,12,93
406,012039,2.0,3.0,12,39
407,012113,2.0,3.0,12,113
408,012071,2.0,4.0,12,71
409,012065,2.0,3.0,12,65
410,012129,2.0,3.0,12,129
411,012029,2.0,3.0,12,29
412,012037,2.0,3.0,12,37
413,012131,2.0,3.0,12,131
414,012133,2.0,3.0,12,133
415,012077,2.0,3.0,12,77
416,012079,2.0,3.0,12,79
417,012105,2.0,4.0,12,105
418,012005,2.0,3.0,12,5
419,012033,2.0,3.0,12,33
420,012059,2.0,3.0,12,59
421,012127,2.0,4.0,12,127
422,012045,2.0,3.0,12,45
423,012013,2.0,3.0,12,13
424,012121,2.0,3.0,12,121
425,012083,1.0,4.0,12,83
426,012023,2.0,3.0,12,23
427,012047,2.0,3.0,12,47
428,012101,2.0,4.0,12,101
429,012091,1.0,4.0,12,91
430,012021,2.0,5.0,12,21
431,012123,2.0,3.0,12,123
432,012089,2.0,2.0,12,89
433,012119,2.0,3.0,12,119
434,012001,2.0,3.0,12,1
435,012019,2.0,3.0,12,19
436,012107,2.0,4.0,12,107
437,012041,2.0,4.0,12,41
438,012097,3.0,4.0,12,97
439,012043,2.0,5.0,12,43
440,012017,1.0,4.0,12,17
441,012081,2.0,5.0,12,81
442,012099,2.0,4.0,12,99
443,012069,2.0,4.0,12,69
444,012053,2.0,4.0,12,53
445,012015,2.0,4.0,12,15
446,012057,2.0,4.0,12,57
447,012095,2.0,4.0,12,95
448,012049,2.0,5.0,12,49
449,012009,2.0,5.0,12,9
450,012111,2.0,4.0,12,111
451,012025,3.0,5.0,12,25
452,012085,2.0,4.0,12,85
453,012011,3.0,5.0,12,11
454,012055,2.0,4.0,12,55
455,012087,3.0,5.0,12,87
456,012051,2.0,5.0,12,51
457,012117,2.0,4.0,12,117
458,012103,3.0,2.0,12,103
459,012115,2.0,5.0,12,115
460,012027,2.0,5.0,12,27
461,012061,2.0,5.0,12,61
462,013083,2.0,3.0,13,83
463,013219,2.0,3.0,13,219
464,013207,2.0,3.0,13,207
465,013141,2.0,3.0,13,141
466,013225,2.0,3.0,13,225
467,013003,2.0,3.0,13,3
468,013251,2.0,2.0,13,251
469,013079,2.0,3.0,13,79
470,013107,2.0,3.0,13,107
471,013131,2.0,3.0,13,131
472,013185,2.0,3.0,13,185
473,013271,2.0,3.0,13,271
474,013031,2.0,3.0,13,31
475,013103,2.0,2.0,13,103
476,013023,2.0,2.0,13,23
477,013285,2.0,3.0,13,285
478,013015,2.0,3.0,13,15
479,013259,2.0,3.0,13,259
480,013025,2.0,3.0,13,25
481,013017,2.0,3.0,13,17
482,013045,2.0,2.0,13,45
483,013299,2.0,3.0,13,299
484,013307,2.0,3.0,13,307
485,013065,2.0,3.0,13,65
486,013263,2.0,2.0,13,263
487,013057,2.0,3.0,13,57
488,013241,1.0,3.0,13,241
489,013009,2.0,3.0,13,9
490,013197,2.0,3.0,13,197
491,013211,2.0,3.0,13,211
492,013175,2.0,3.0,13,175
493,013209,2.0,3.0,13,209
494,013195,2.0,3.0,13,195
495,013087,2.0,3.0,13,87
496,013133,2.0,2.0,13,133
497,013169,2.0,3.0,13,169
498,013279,2.0,3.0,13,279
499,013249,2.0,3.0,13,249
500,013091,2.0,3.0,13,91
501,013199,2.0,3.0,13,199
502,013147,2.0,3.0,13,147
503,013265,2.0,2.0,13,265
504,013177,2.0,3.0,13,177
505,013287,2.0,3.0,13,287
506,013019,2.0,3.0,13,19
507,013269,2.0,3.0,13,269
508,013255,2.0,3.0,13,255
509,013233,2.0,3.0,13,233
510,013109,2.0,3.0,13,109
511,013171,2.0,2.0,13,171
512,013189,2.0,3.0,13,189
513,013153,2.0,3.0,13,153
514,013163,2.0,3.0,13,163
515,013221,2.0,2.0,13,221
516,013261,2.0,3.0,13,261
517,013301,2.0,2.0,13,301
518,013129,2.0,3.0,13,129
519,013235,2.0,3.0,13,235
520,013139,2.0,3.0,13,139
521,013115,2.0,3.0,13,115
522,013069,2.0,3.0,13,69
523,013099,2.0,3.0,13,99
524,013237,2.0,3.0,13,237
525,013029,2.0,3.0,13,29
526,013145,2.0,3.0,13,145
527,013043,2.0,2.0,13,43
528,013181,2.0,3.0,13,181
529,013071,2.0,3.0,13,71
530,013061,2.0,3.0,13,61
531,013125,2.0,3.0,13,125
532,013033,2.0,3.0,13,33
533,013303,2.0,3.0,13,303
534,013149,2.0,3.0,13,149
535,013055,2.0,3.0,13,55
536,013183,2.0,2.0,13,183
537,013127,2.0,2.0,13,127
538,013073,2.0,2.0,13,73
539,013143,2.0,3.0,13,143
540,013317,2.0,2.0,13,317
541,013049,2.0,3.0,13,49
542,013243,2.0,3.0,13,243
543,013119,2.0,3.0,13,119
544,013165,2.0,2.0,13,165
545,013039,2.0,3.0,13,39
546,013101,2.0,3.0,13,101
547,013167,2.0,3.0,13,167
548,013315,2.0,3.0,13,315
549,013229,2.0,2.0,13,229
550,013223,2.0,3.0,13,223
551,013239,2.0,3.0,13,239
552,013179,2.0,3.0,13,179
553,013273,2.0,3.0,13,273
554,013319,2.0,3.0,13,319
555,013077,2.0,2.0,13,77
556,013267,2.0,3.0,13,267
557,013001,2.0,3.0,13,1
558,013161,2.0,3.0,13,161
559,013193,2.0,3.0,13,193
560,013173,2.0,3.0,13,173
561,013227,2.0,3.0,13,227
562,013289,2.0,3.0,13,289
563,013191,2.0,2.0,13,191
564,013051,2.0,2.0,13,51
565,013277,2.0,2.0,13,277
566,013213,2.0,3.0,13,213
567,013231,2.0,3.0,13,231
568,013205,2.0,3.0,13,205
569,013159,2.0,3.0,13,159
570,013305,2.0,3.0,13,305
571,013093,2.0,3.0,13,93
572,013283,2.0,3.0,13,283
573,013097,2.0,3.0,13,97
574,013121,2.0,2.0,13,121
575,013007,2.0,3.0,13,7
576,013037,2.0,2.0,13,37
577,013155,2.0,3.0,13,155
578,013313,2.0,3.0,13,313
579,013309,2.0,3.0,13,309
580,013005,2.0,3.0,13,5
581,013013,2.0,3.0,13,13
582,013027,2.0,3.0,13,27
583,013123,2.0,3.0,13,123
584,013295,2.0,3.0,13,295
585,013321,2.0,3.0,13,321
586,013201,2.0,3.0,13,201
587,013075,2.0,3.0,13,75
588,013245,2.0,3.0,13,245
589,013275,2.0,3.0,13,275
590,013105,2.0,3.0,13,105
591,013035,2.0,3.0,13,35
592,013293,2.0,3.0,13,293
593,013095,2.0,3.0,13,95
594,013137,2.0,3.0,13,137
595,013059,2.0,3.0,13,59
596,013157,2.0,3.0,13,157
597,013297,2.0,3.0,13,297
598,013111,2.0,3.0,13,111
599,013253,2.0,3.0,13,253
600,013187,2.0,3.0,13,187
601,013085,2.0,3.0,13,85
602,013053,2.0,3.0,13,53
603,013117,2.0,3.0,13,117
604,013113,2.0,2.0,13,113
605,013151,2.0,2.0,13,151
606,013257,2.0,3.0,13,257
607,013081,2.0,3.0,13,81
608,013291,2.0,3.0,13,291
609,013135,2.0,3.0,13,135
610,013011,2.0,3.0,13,11
611,013311,1.0,3.0,13,311
612,013021,2.0,3.0,13,21
613,013215,2.0,3.0,13,215
614,013047,2.0,3.0,13,47
615,013281,2.0,3.0,13,281
616,013063,2.0,3.0,13,63
617,013067,2.0,2.0,13,67
618,013089,2.0,2.0,13,89
619,013247,2.0,3.0,13,247
620,013217,2.0,2.0,13,217
621,016009,2.0,3.0,16,9
622,016055,2.0,3.0,16,55
623,016019,1.0,4.0,16,19
624,016059,1.0,3.0,16,59
625,016003,2.0,3.0,16,3
626,016049,2.0,3.0,16,49
627,016015,2.0,4.0,16,15
628,016037,2.0,3.0,16,37
629,016031,1.0,5.0,16,31
630,016085,2.0,4.0,16,85
631,016007,1.0,3.0,16,7
632,016039,2.0,4.0,16,39
633,016017,2.0,3.0,16,17
634,016079,2.0,3.0,16,79
635,016029,1.0,3.0,16,29
636,016021,2.0,3.0,16,21
637,016035,2.0,3.0,16,35
638,016033,2.0,4.0,16,33
639,016065,2.0,3.0,16,65
640,016025,2.0,3.0,16,25
641,016013,2.0,3.0,16,13
642,016043,2.0,3.0,16,43
643,016011,1.0,1.0,16,11
644,016005,1.0,5.0,16,5
645,016057,2.0,3.0,16,57
646,016071,1.0,5.0,16,71
647,016087,2.0,3.0,16,87
648,016069,2.0,4.0,16,69
649,016073,1.0,5.0,16,73
650,016023,1.0,5.0,16,23
651,016041,1.0,5.0,16,41
652,016061,2.0,4.0,16,61
653,016081,2.0,4.0,16,81
654,016077,1.0,5.0,16,77
655,016045,2.0,3.0,16,45
656,016083,1.0,2.0,16,83
657,016051,2.0,2.0,16,51
658,016063,0.0,0.0,16,63
659,016075,0.0,0.0,16,75
660,016047,0.0,0.0,16,47
661,016001,1.0,5.0,16,1
662,016027,0.0,0.0,16,27
663,016053,0.0,0.0,16,53
664,016067,0.0,0.0,16,67
665,017163,2.0,3.0,17,163
666,017027,2.0,3.0,17,27
667,017137,2.0,2.0,17,137
668,017025,2.0,3.0,17,25
669,017169,2.0,3.0,17,169
670,017183,2.0,3.0,17,183
671,017003,2.0,3.0,17,3
672,017013,2.0,3.0,17,13
673,017077,2.0,2.0,17,77
674,017001,2.0,2.0,17,1
675,017069,2.0,3.0,17,69
676,017029,2.0,2.0,17,29
677,017161,2.0,2.0,17,161
678,017071,2.0,3.0,17,71
679,017151,2.0,2.0,17,151
680,017177,2.0,3.0,17,177
681,017181,2.0,3.0,17,181
682,017193,2.0,3.0,17,193
683,017111,2.0,3.0,17,111
684,017037,2.0,3.0,17,37
685,017149,2.0,3.0,17,149
686,017097,2.0,2.0,17,97
687,017009,2.0,2.0,17,9
688,017023,2.0,3.0,17,23
689,017157,2.0,3.0,17,157
690,017141,2.0,3.0,17,141
691,017087,2.0,3.0,17,87
692,017195,2.0,3.0,17,195
693,017033,2.0,3.0,17,33
694,017113,2.0,3.0,17,113
695,017119,2.0,2.0,17,119
696,017143,2.0,3.0,17,143
697,017021,2.0,3.0,17,21
698,017073,2.0,4.0,17,73
699,017057,2.0,3.0,17,57
700,017067,2.0,3.0,17,67
701,017185,2.0,3.0,17,185
702,017127,2.0,3.0,17,127
703,017011,2.0,4.0,17,11
704,017005,2.0,3.0,17,5
705,017165,2.0,3.0,17,165
706,017065,2.0,2.0,17,65
707,017191,2.0,2.0,17,191
708,017049,2.0,3.0,17,49
709,017117,2.0,3.0,17,117
710,017059,2.0,2.0,17,59
711,017135,2.0,3.0,17,135
712,017085,2.0,3.0,17,85
713,017015,2.0,3.0,17,15
714,017187,2.0,2.0,17,187
715,017125,2.0,5.0,17,125
716,017051,2.0,2.0,17,51
717,017079,2.0,2.0,17,79
718,017145,2.0,3.0,17,145
719,017081,2.0,2.0,17,81
720,017121,2.0,3.0,17,121
721,017055,2.0,2.0,17,55
722,017101,2.0,3.0,17,101
723,017031,2.0,5.0,17,31
724,017153,2.0,3.0,17,153
725,017095,2.0,4.0,17,95
726,017063,2.0,5.0,17,63
727,017189,2.0,2.0,17,189
728,017159,2.0,3.0,17,159
729,017039,2.0,5.0,17,39
730,017109,2.0,2.0,17,109
731,017133,2.0,3.0,17,133
732,017061,2.0,3.0,17,61
733,017179,2.0,3.0,17,179
734,017083,2.0,3.0,17,83
735,017173,2.0,2.0,17,173
736,017203,2.0,4.0,17,203
737,017199,2.0,2.0,17,199
738,017047,2.0,3.0,17,47
739,017099,2.0,3.0,17,99
740,017201,2.0,4.0,17,201
741,017167,2.0,3.0,17,167
742,017197,2.0,4.0,17,197
743,017129,2.0,2.0,17,129
744,017123,2.0,3.0,17,123
745,017019,2.0,3.0,17,19
746,017139,2.0,5.0,17,139
747,017075,2.0,2.0,17,75
748,017089,2.0,3.0,17,89
749,017131,2.0,4.0,17,131
750,017017,2.0,2.0,17,17
751,017105,2.0,5.0,17,105
752,017107,2.0,4.0,17,107
753,017045,2.0,2.0,17,45
754,017115,2.0,2.0,17,115
755,017043,2.0,5.0,17,43
756,017171,2.0,5.0,17,171
757,017155,2.0,4.0,17,155
758,017093,2.0,2.0,17,93
759,017091,2.0,4.0,17,91
760,017035,2.0,3.0,17,35
761,017007,2.0,4.0,17,7
762,017103,2.0,3.0,17,103
763,017041,2.0,2.0,17,41
764,017147,2.0,2.0,17,147
765,017175,2.0,4.0,17,175
766,017053,0.0,0.0,17,53
767,018175,2.0,3.0,18,175
768,018125,2.0,3.0,18,125
769,018121,2.0,3.0,18,121
770,018133,2.0,3.0,18,133
771,018041,2.0,3.0,18,41
772,018123,2.0,3.0,18,123
773,018109,2.0,2.0,18,109
774,018157,2.0,4.0,18,157
775,018065,2.0,4.0,18,65
776,018137,2.0,3.0,18,137
777,018051,2.0,3.0,18,51
778,018075,2.0,2.0,18,75
779,018013,2.0,2.0,18,13
780,018079,2.0,2.0,18,79
781,018019,2.0,3.0,18,19
782,018099,2.0,3.0,18,99
783,018029,2.0,3.0,18,29
784,018083,2.0,3.0,18,83
785,018055,2.0,3.0,18,55
786,018037,2.0,3.0,18,37
787,018151,2.0,3.0,18,151
788,018119,2.0,3.0,18,119
789,018033,2.0,3.0,18,33
790,018039,2.0,4.0,18,39
791,018101,2.0,3.0,18,101
792,018147,2.0,3.0,18,147
793,018047,2.0,3.0,18,47
794,018183,2.0,3.0,18,183
795,018127,2.0,3.0,18,127
796,018063,2.0,3.0,18,63
797,018071,2.0,3.0,18,71
798,018025,2.0,2.0,18,25
799,018153,2.0,3.0,18,153
800,018117,2.0,2.0,18,117
801,018093,2.0,2.0,18,93
802,018017,2.0,3.0,18,17
803,018105,2.0,3.0,18,105
804,018087,2.0,3.0,18,87
805,018001,2.0,2.0,18,1
806,018043,2.0,2.0,18,43
807,018111,2.0,4.0,18,111
808,018171,2.0,2.0,18,171
809,018053,2.0,3.0,18,53
810,018061,2.0,3.0,18,61
811,018129,2.0,2.0,18,129
812,018077,2.0,3.0,18,77
813,018003,2.0,2.0,18,3
814,018005,2.0,2.0,18,5
815,018107,2.0,3.0,18,107
816,018155,2.0,4.0,18,155
817,018167,2.0,3.0,18,167
818,018027,2.0,2.0,18,27
819,018161,2.0,2.0,18,161
820,018081,2.0,3.0,18,81
821,018169,2.0,3.0,18,169
822,018035,2.0,4.0,18,35
823,018089,2.0,3.0,18,89
824,018015,2.0,3.0,18,15
825,018177,2.0,4.0,18,177
826,018163,2.0,3.0,18,163
827,018069,2.0,3.0,18,69
828,018131,2.0,2.0,18,131
829,018073,2.0,3.0,18,73
830,018141,2.0,2.0,18,141
831,018031,2.0,2.0,18,31
832,018113,2.0,3.0,18,113
833,018091,2.0,3.0,18,91
834,018049,2.0,2.0,18,49
835,018181,2.0,3.0,18,181
836,018059,2.0,3.0,18,59
837,018143,2.0,2.0,18,143
838,018179,2.0,3.0,18,179
839,018021,2.0,3.0,18,21
840,018173,2.0,3.0,18,173
841,018095,2.0,3.0,18,95
842,018135,2.0,2.0,18,135
843,018149,2.0,2.0,18,149
844,018057,2.0,3.0,18,57
845,018045,2.0,3.0,18,45
846,018103,2.0,3.0,18,103
847,018009,2.0,2.0,18,9
848,018139,2.0,3.0,18,139
849,018115,2.0,4.0,18,115
850,018145,2.0,3.0,18,145
851,018159,2.0,4.0,18,159
852,018085,2.0,2.0,18,85
853,018011,2.0,3.0,18,11
854,018165,2.0,2.0,18,165
855,018097,2.0,3.0,18,97
856,018067,2.0,3.0,18,67
857,018007,2.0,5.0,18,7
858,018023,2.0,5.0,18,23
859,019111,2.0,2.0,19,111
860,019049,2.0,4.0,19,49
861,019043,2.0,4.0,19,43
862,019173,2.0,4.0,19,173
863,019101,2.0,4.0,19,101
864,019097,2.0,3.0,19,97
865,019013,2.0,4.0,19,13
866,019145,2.0,3.0,19,145
867,019139,2.0,4.0,19,139
868,019057,2.0,4.0,19,57
869,019005,2.0,3.0,19,5
870,019161,2.0,5.0,19,161
871,019155,2.0,4.0,19,155
872,019061,2.0,3.0,19,61
873,019191,2.0,3.0,19,191
874,019129,2.0,5.0,19,129
875,019045,2.0,2.0,19,45
876,019121,2.0,4.0,19,121
877,019113,2.0,4.0,19,113
878,019007,2.0,3.0,19,7
879,019133,2.0,4.0,19,133
880,019055,2.0,2.0,19,55
881,019159,2.0,4.0,19,159
882,019135,2.0,4.0,19,135
883,019053,2.0,4.0,19,53
884,019103,2.0,3.0,19,103
885,019037,2.0,4.0,19,37
886,019071,2.0,4.0,19,71
887,019177,2.0,3.0,19,177
888,019087,2.0,4.0,19,87
889,019011,2.0,4.0,19,11
890,019089,2.0,3.0,19,89
891,019077,2.0,3.0,19,77
892,019181,2.0,4.0,19,181
893,019105,2.0,3.0,19,105
894,019001,2.0,4.0,19,1
895,019197,2.0,5.0,19,197
896,019185,2.0,4.0,19,185
897,019039,2.0,5.0,19,39
898,019163,2.0,3.0,19,163
899,019085,2.0,5.0,19,85
900,019015,2.0,3.0,19,15
901,019115,2.0,2.0,19,115
902,019117,2.0,4.0,19,117
903,019153,2.0,4.0,19,153
904,019065,2.0,4.0,19,65
905,019067,2.0,4.0,19,67
906,019127,2.0,5.0,19,127
907,019009,2.0,3.0,19,9
908,019069,2.0,3.0,19,69
909,019051,2.0,4.0,19,51
910,019175,2.0,5.0,19,175
911,019095,2.0,3.0,19,95
912,019017,2.0,4.0,19,17
913,019157,2.0,5.0,19,157
914,019169,2.0,3.0,19,169
915,019073,2.0,4.0,19,73
916,019179,2.0,3.0,19,179
917,019079,2.0,3.0,19,79
918,019123,2.0,3.0,19,123
919,019187,2.0,4.0,19,187
920,019003,2.0,4.0,19,3
921,019093,2.0,5.0,19,93
922,019125,2.0,4.0,19,125
923,019035,2.0,5.0,19,35
924,019023,2.0,3.0,19,23
925,019031,2.0,3.0,19,31
926,019107,2.0,3.0,19,107
927,019063,2.0,3.0,19,63
928,019171,2.0,4.0,19,171
929,019193,2.0,5.0,19,193
930,019021,2.0,2.0,19,21
931,019029,2.0,2.0,19,29
932,019083,2.0,3.0,19,83
933,019033,2.0,5.0,19,33
934,019183,2.0,2.0,19,183
935,019141,2.0,5.0,19,141
936,019131,2.0,3.0,19,131
937,019099,2.0,3.0,19,99
938,019165,2.0,5.0,19,165
939,019119,2.0,4.0,19,119
940,019109,2.0,2.0,19,109
941,019059,2.0,3.0,19,59
942,019019,2.0,5.0,19,19
943,019149,2.0,4.0,19,149
944,019137,2.0,5.0,19,137
945,019081,2.0,5.0,19,81
946,019151,2.0,5.0,19,151
947,019047,2.0,4.0,19,47
948,019147,2.0,4.0,19,147
949,019195,2.0,5.0,19,195
950,019075,2.0,3.0,19,75
951,019143,2.0,4.0,19,143
952,019091,2.0,4.0,19,91
953,019041,2.0,3.0,19,41
954,019025,0.0,0.0,19,25
955,019167,0.0,0.0,19,167
956,019027,0.0,0.0,19,27
957,019189,0.0,0.0,19,189
958,020125,2.0,4.0,20,125
959,020141,2.0,5.0,20,141
960,020041,2.0,4.0,20,41
961,020089,2.0,4.0,20,89
962,020205,2.0,4.0,20,205
963,020107,2.0,4.0,20,107
964,020019,2.0,4.0,20,19
965,020149,2.0,4.0,20,149
966,020139,2.0,4.0,20,139
967,020009,2.0,4.0,20,9
968,020011,2.0,4.0,20,11
969,020013,2.0,4.0,20,13
970,020111,2.0,5.0,20,111
971,020131,2.0,4.0,20,131
972,020085,2.0,4.0,20,85
973,020021,2.0,4.0,20,21
974,020167,2.0,4.0,20,167
975,020073,2.0,4.0,20,73
976,020043,2.0,4.0,20,43
977,020095,2.0,4.0,20,95
978,020037,2.0,4.0,20,37
979,020117,2.0,4.0,20,117
980,020053,2.0,5.0,20,53
981,020127,2.0,4.0,20,127
982,020003,2.0,4.0,20,3
983,020147,2.0,5.0,20,147
984,020059,2.0,4.0,20,59
985,020015,2.0,4.0,20,15
986,020161,2.0,4.0,20,161
987,020145,2.0,5.0,20,145
988,020007,2.0,5.0,20,7
989,020197,2.0,4.0,20,197
990,020121,2.0,4.0,20,121
991,020045,2.0,4.0,20,45
992,020027,2.0,4.0,20,27
993,020151,2.0,5.0,20,151
994,020103,2.0,4.0,20,103
995,020049,2.0,5.0,20,49
996,020035,2.0,4.0,20,35
997,020201,2.0,4.0,20,201
998,020029,2.0,4.0,20,29
999,020159,2.0,4.0,20,159
1000,020061,2.0,4.0,20,61
1001,020163,2.0,5.0,20,163
1002,020191,2.0,5.0,20,191
1003,020099,2.0,4.0,20,99
1004,020091,2.0,4.0,20,91
1005,020133,2.0,4.0,20,133
1006,020155,2.0,5.0,20,155
1007,020065,2.0,2.0,20,65
1008,020087,2.0,4.0,20,87
1009,020005,2.0,4.0,20,5
1010,020207,2.0,3.0,20,207
1011,020017,2.0,3.0,20,17
1012,020177,2.0,4.0,20,177
1013,020183,2.0,4.0,20,183
1014,020173,2.0,4.0,20,173
1015,020039,2.0,4.0,20,39
1016,020113,2.0,5.0,20,113
1017,020169,2.0,5.0,20,169
1018,020209,2.0,4.0,20,209
1019,020157,2.0,5.0,20,157
1020,020031,2.0,4.0,20,31
1021,020143,2.0,4.0,20,143
1022,020165,2.0,4.0,20,165
1023,020123,2.0,3.0,20,123
1024,020077,2.0,5.0,20,77
1025,020137,2.0,4.0,20,137
1026,020001,2.0,4.0,20,1
1027,020069,1.0,5.0,20,69
1028,020115,2.0,4.0,20,115
1029,020051,2.0,5.0,20,51
1030,020195,2.0,4.0,20,195
1031,020105,2.0,3.0,20,105
1032,020023,2.0,4.0,20,23
1033,020025,2.0,4.0,20,25
1034,020079,2.0,5.0,20,79
1035,020033,2.0,5.0,20,33
1036,020075,1.0,5.0,20,75
1037,020175,2.0,5.0,20,175
1038,020199,0.0,0.0,20,199
1039,020135,2.0,4.0,20,135
1040,020097,1.0,5.0,20,97
1041,020119,2.0,4.0,20,119
1042,020185,2.0,4.0,20,185
1043,020047,2.0,4.0,20,47
1044,020153,0.0,0.0,20,153
1045,020193,0.0,0.0,20,193
1046,020129,0.0,0.0,20,129
1047,020109,0.0,0.0,20,109
1048,020055,0.0,0.0,20,55
1049,020067,0.0,0.0,20,67
1050,020093,0.0,0.0,20,93
1051,020063,0.0,0.0,20,63
1052,020179,0.0,0.0,20,179
1053,020203,0.0,0.0,20,203
1054,020081,0.0,0.0,20,81
1055,020181,0.0,0.0,20,181
1056,020083,0.0,0.0,20,83
1057,020071,0.0,0.0,20,71
1058,020101,0.0,0.0,20,101
1059,020189,0.0,5.0,20,189
1060,020187,0.0,0.0,20,187
1061,020057,2.0,4.0,20,57
1062,020171,0.0,0.0,20,171
1063,021031,2.0,3.0,21,31
1064,021183,2.0,3.0,21,183
1065,021071,2.0,4.0,21,71
1066,021035,2.0,3.0,21,35
1067,021195,2.0,3.0,21,195
1068,021135,2.0,3.0,21,135
1069,021153,2.0,3.0,21,153
1070,021163,2.0,4.0,21,163
1071,021087,2.0,2.0,21,87
1072,021177,2.0,3.0,21,177
1073,021115,2.0,3.0,21,115
1074,021045,2.0,3.0,21,45
1075,021235,2.0,3.0,21,235
1076,021043,2.0,3.0,21,43
1077,021013,2.0,3.0,21,13
1078,021061,2.0,3.0,21,61
1079,021199,2.0,3.0,21,199
1080,021231,2.0,3.0,21,231
1081,021027,2.0,3.0,21,27
1082,021119,2.0,3.0,21,119
1083,021165,2.0,3.0,21,165
1084,021207,2.0,3.0,21,207
1085,021009,2.0,3.0,21,9
1086,021065,2.0,3.0,21,65
1087,021015,2.0,4.0,21,15
1088,021003,2.0,3.0,21,3
1089,021145,2.0,2.0,21,145
1090,021187,2.0,4.0,21,187
1091,021169,2.0,3.0,21,169
1092,021109,2.0,3.0,21,109
1093,021175,2.0,2.0,21,175
1094,021047,2.0,3.0,21,47
1095,021147,2.0,3.0,21,147
1096,021001,2.0,3.0,21,1
1097,021117,2.0,4.0,21,117
1098,021221,2.0,3.0,21,221
1099,021191,2.0,3.0,21,191
1100,021081,2.0,4.0,21,81
1101,021143,2.0,3.0,21,143
1102,021051,2.0,3.0,21,51
1103,021229,2.0,3.0,21,229
1104,021091,2.0,3.0,21,91
1105,021025,2.0,3.0,21,25
1106,021063,2.0,3.0,21,63
1107,021205,2.0,3.0,21,205
1108,021131,2.0,3.0,21,131
1109,021005,2.0,3.0,21,5
1110,021053,2.0,3.0,21,53
1111,021021,2.0,3.0,21,21
1112,021121,2.0,3.0,21,121
1113,021029,2.0,3.0,21,29
1114,021089,2.0,3.0,21,89
1115,021211,2.0,3.0,21,211
1116,021057,2.0,3.0,21,57
1117,021151,2.0,4.0,21,151
1118,021011,2.0,3.0,21,11
1119,021105,2.0,4.0,21,105
1120,021133,2.0,3.0,21,133
1121,021141,2.0,2.0,21,141
1122,021139,2.0,3.0,21,139
1123,021019,2.0,4.0,21,19
1124,021111,2.0,3.0,21,111
1125,021223,2.0,3.0,21,223
1126,021007,2.0,3.0,21,7
1127,021181,2.0,3.0,21,181
1128,021215,2.0,2.0,21,215
1129,021185,2.0,4.0,21,185
1130,021203,2.0,3.0,21,203
1131,021085,2.0,2.0,21,85
1132,021171,2.0,3.0,21,171
1133,021197,2.0,2.0,21,197
1134,021227,2.0,3.0,21,227
1135,021179,2.0,3.0,21,179
1136,021155,2.0,3.0,21,155
1137,021017,2.0,4.0,21,17
1138,021097,2.0,3.0,21,97
1139,021107,2.0,3.0,21,107
1140,021083,2.0,3.0,21,83
1141,021055,2.0,2.0,21,55
1142,021123,2.0,3.0,21,123
1143,021193,2.0,3.0,21,193
1144,021225,2.0,3.0,21,225
1145,021093,2.0,3.0,21,93
1146,021039,2.0,2.0,21,39
1147,021237,2.0,3.0,21,237
1148,021159,2.0,3.0,21,159
1149,021041,2.0,3.0,21,41
1150,021127,2.0,3.0,21,127
1151,021233,2.0,4.0,21,233
1152,021217,2.0,3.0,21,217
1153,021069,2.0,3.0,21,69
1154,021101,2.0,4.0,21,101
1155,021037,2.0,3.0,21,37
1156,021103,2.0,3.0,21,103
1157,021167,2.0,4.0,21,167
1158,021129,2.0,3.0,21,129
1159,021099,2.0,3.0,21,99
1160,021219,2.0,3.0,21,219
1161,021201,2.0,4.0,21,201
1162,021157,2.0,4.0,21,157
1163,021075,2.0,4.0,21,75
1164,021137,2.0,3.0,21,137
1165,021023,2.0,3.0,21,23
1166,021125,2.0,3.0,21,125
1167,021095,2.0,3.0,21,95
1168,021149,2.0,4.0,21,149
1169,021059,2.0,3.0,21,59
1170,021161,2.0,3.0,21,161
1171,021213,2.0,1.0,21,213
1172,021067,2.0,3.0,21,67
1173,021189,2.0,3.0,21,189
1174,021049,2.0,3.0,21,49
1175,021073,2.0,4.0,21,73
1176,021077,2.0,3.0,21,77
1177,021239,2.0,3.0,21,239
1178,021113,2.0,3.0,21,113
1179,021209,2.0,3.0,21,209
1180,021173,2.0,2.0,21,173
1181,021033,2.0,3.0,21,33
1182,021079,2.0,3.0,21,79
1183,022013,2.0,2.0,22,13
1184,022119,2.0,3.0,22,119
1185,022043,2.0,3.0,22,43
1186,022061,2.0,3.0,22,61
1187,022115,2.0,3.0,22,115
1188,022117,2.0,3.0,22,117
1189,022067,2.0,3.0,22,67
1190,022081,2.0,3.0,22,81
1191,022015,2.0,3.0,22,15
1192,022017,2.0,3.0,22,17
1193,022059,2.0,3.0,22,59
1194,022003,2.0,3.0,22,3
1195,022049,2.0,3.0,22,49
1196,022063,2.0,3.0,22,63
1197,022011,2.0,3.0,22,11
1198,022105,2.0,3.0,22,105
1199,022027,2.0,3.0,22,27
1200,022127,2.0,3.0,22,127
1201,022021,2.0,3.0,22,21
1202,022069,2.0,3.0,22,69
1203,022091,2.0,3.0,22,91
1204,022033,2.0,4.0,22,33
1205,022009,2.0,3.0,22,9
1206,022103,2.0,3.0,22,103
1207,022001,2.0,4.0,22,1
1208,022085,2.0,3.0,22,85
1209,022057,3.0,3.0,22,57
1210,022031,2.0,3.0,22,31
1211,022041,2.0,3.0,22,41
1212,022037,2.0,3.0,22,37
1213,022111,2.0,3.0,22,111
1214,022079,2.0,3.0,22,79
1215,022019,2.0,3.0,22,19
1216,022083,2.0,3.0,22,83
1217,022107,2.0,3.0,22,107
1218,022053,2.0,3.0,22,53
1219,022039,2.0,2.0,22,39
1220,022025,2.0,3.0,22,25
1221,022093,3.0,3.0,22,93
1222,022073,2.0,3.0,22,73
1223,022097,2.0,3.0,22,97
1224,022007,3.0,3.0,22,7
1225,022109,3.0,2.0,22,109
1226,022045,2.0,4.0,22,45
1227,022047,2.0,4.0,22,47
1228,022123,2.0,2.0,22,123
1229,022099,2.0,3.0,22,99
1230,022101,2.0,4.0,22,101
1231,022029,2.0,3.0,22,29
1232,022095,3.0,3.0,22,95
1233,022125,2.0,3.0,22,125
1234,022077,2.0,3.0,22,77
1235,022113,2.0,4.0,22,113
1236,022089,2.0,3.0,22,89
1237,022065,2.0,3.0,22,65
1238,022051,3.0,4.0,22,51
1239,022055,2.0,3.0,22,55
1240,022035,2.0,3.0,22,35
1241,022005,2.0,4.0,22,5
1242,022121,2.0,3.0,22,121
1243,022087,2.0,5.0,22,87
1244,022075,2.0,5.0,22,75
1245,022071,2.0,5.0,22,71
1246,022023,3.0,5.0,22,23
1247,023025,2.0,2.0,23,25
1248,023003,2.0,2.0,23,3
1249,023015,2.0,2.0,23,15
1250,023005,2.0,2.0,23,5
1251,023021,2.0,2.0,23,21
1252,023017,2.0,2.0,23,17
1253,023009,2.0,2.0,23,9
1254,023007,2.0,2.0,23,7
1255,023029,2.0,2.0,23,29
1256,023031,2.0,2.0,23,31
1257,023019,2.0,2.0,23,19
1258,023011,2.0,2.0,23,11
1259,023027,2.0,2.0,23,27
1260,023023,2.0,3.0,23,23
1261,023013,2.0,2.0,23,13
1262,023001,2.0,2.0,23,1
1263,026085,2.0,2.0,26,85
1264,026095,2.0,2.0,26,95
1265,026133,2.0,2.0,26,133
1266,026127,2.0,2.0,26,127
1267,026063,2.0,2.0,26,63
1268,026013,2.0,2.0,26,13
1269,026097,2.0,2.0,26,97
1270,026109,2.0,2.0,26,109
1271,026003,2.0,2.0,26,3
1272,026007,2.0,2.0,26,7
1273,026129,2.0,2.0,26,129
1274,026059,2.0,3.0,26,59
1275,026033,2.0,2.0,26,33
1276,026103,2.0,2.0,26,103
1277,026061,2.0,2.0,26,61
1278,026043,2.0,2.0,26,43
1279,026131,2.0,2.0,26,131
1280,026143,2.0,2.0,26,143
1281,026151,2.0,3.0,26,151
1282,026065,2.0,3.0,26,65
1283,026089,2.0,2.0,26,89
1284,026047,2.0,2.0,26,47
1285,026005,2.0,2.0,26,5
1286,026113,2.0,2.0,26,113
1287,026105,2.0,2.0,26,105
1288,026083,2.0,2.0,26,83
1289,026155,2.0,3.0,26,155
1290,026039,2.0,3.0,26,39
1291,026135,2.0,2.0,26,135
1292,026137,2.0,2.0,26,137
1293,026001,2.0,2.0,26,1
1294,026071,2.0,2.0,26,71
1295,026121,2.0,2.0,26,121
1296,026141,2.0,2.0,26,141
1297,026079,2.0,2.0,26,79
1298,026119,2.0,2.0,26,119
1299,026019,2.0,2.0,26,19
1300,026117,2.0,2.0,26,117
1301,026041,2.0,2.0,26,41
1302,026145,2.0,2.0,26,145
1303,026159,2.0,3.0,26,159
1304,026015,2.0,2.0,26,15
1305,026053,2.0,2.0,26,53
1306,026025,2.0,3.0,26,25
1307,026115,2.0,2.0,26,115
1308,026123,2.0,2.0,26,123
1309,026157,2.0,3.0,26,157
1310,026069,2.0,3.0,26,69
1311,026009,2.0,2.0,26,9
1312,026165,2.0,2.0,26,165
1313,026081,2.0,3.0,26,81
1314,026017,2.0,3.0,26,17
1315,026031,2.0,2.0,26,31
1316,026029,2.0,2.0,26,29
1317,026107,2.0,2.0,26,107
1318,026111,2.0,3.0,26,111
1319,026125,2.0,3.0,26,125
1320,026153,2.0,2.0,26,153
1321,026021,2.0,2.0,26,21
1322,026051,2.0,3.0,26,51
1323,026045,2.0,2.0,26,45
1324,026091,2.0,2.0,26,91
1325,026011,2.0,3.0,26,11
1326,026077,2.0,2.0,26,77
1327,026161,2.0,3.0,26,161
1328,026101,2.0,2.0,26,101
1329,026027,2.0,3.0,26,27
1330,026035,2.0,2.0,26,35
1331,026087,2.0,3.0,26,87
1332,026057,2.0,3.0,26,57
1333,026037,2.0,3.0,26,37
1334,026075,2.0,2.0,26,75
1335,026023,2.0,3.0,26,23
1336,026147,2.0,2.0,26,147
1337,026055,2.0,2.0,26,55
1338,026093,2.0,3.0,26,93
1339,026067,2.0,2.0,26,67
1340,026139,2.0,2.0,26,139
1341,026073,2.0,3.0,26,73
1342,026163,2.0,2.0,26,163
1343,026049,2.0,4.0,26,49
1344,026149,2.0,3.0,26,149
1345,026099,2.0,3.0,26,99
1346,027001,2.0,3.0,27,1
1347,027029,2.0,3.0,27,29
1348,027021,2.0,2.0,27,21
1349,027169,2.0,3.0,27,169
1350,027153,2.0,3.0,27,153
1351,027013,2.0,3.0,27,13
1352,027061,2.0,2.0,27,61
1353,027007,2.0,2.0,27,7
1354,027077,2.0,3.0,27,77
1355,027135,2.0,3.0,27,135
1356,027065,2.0,3.0,27,65
1357,027017,2.0,2.0,27,17
1358,027159,2.0,3.0,27,159
1359,027031,2.0,2.0,27,31
1360,027075,2.0,3.0,27,75
1361,027115,2.0,3.0,27,115
1362,027137,2.0,3.0,27,137
1363,027145,2.0,3.0,27,145
1364,027119,2.0,3.0,27,119
1365,027005,2.0,3.0,27,5
1366,027027,2.0,2.0,27,27
1367,027035,2.0,2.0,27,35
1368,027059,2.0,3.0,27,59
1369,027095,2.0,3.0,27,95
1370,027079,2.0,2.0,27,79
1371,027045,2.0,3.0,27,45
1372,027071,2.0,2.0,27,71
1373,027097,2.0,2.0,27,97
1374,027055,2.0,3.0,27,55
1375,027125,2.0,3.0,27,125
1376,027163,2.0,3.0,27,163
1377,027069,2.0,3.0,27,69
1378,027057,2.0,3.0,27,57
1379,027089,2.0,3.0,27,89
1380,027131,2.0,3.0,27,131
1381,027009,2.0,2.0,27,9
1382,027171,2.0,3.0,27,171
1383,027103,2.0,3.0,27,103
1384,027157,2.0,3.0,27,157
1385,027037,2.0,4.0,27,37
1386,027025,2.0,3.0,27,25
1387,027165,2.0,3.0,27,165
1388,027141,2.0,3.0,27,141
1389,027087,2.0,3.0,27,87
1390,027111,2.0,3.0,27,111
1391,027049,2.0,3.0,27,49
1392,027041,2.0,2.0,27,41
1393,027109,2.0,3.0,27,109
1394,027099,2.0,3.0,27,99
1395,027121,2.0,4.0,27,121
1396,027113,2.0,2.0,27,113
1397,027151,2.0,4.0,27,151
1398,027127,2.0,3.0,27,127
1399,027003,2.0,4.0,27,3
1400,027091,2.0,4.0,27,91
1401,027161,2.0,3.0,27,161
1402,027093,2.0,3.0,27,93
1403,027139,2.0,4.0,27,139
1404,027067,2.0,3.0,27,67
1405,027073,2.0,3.0,27,73
1406,027053,2.0,4.0,27,53
1407,027085,2.0,4.0,27,85
1408,027063,2.0,4.0,27,63
1409,027143,2.0,3.0,27,143
1410,027107,2.0,3.0,27,107
1411,027051,2.0,4.0,27,51
1412,027011,2.0,5.0,27,11
1413,027033,2.0,5.0,27,33
1414,027039,2.0,3.0,27,39
1415,027015,2.0,4.0,27,15
1416,027147,2.0,4.0,27,147
1417,027129,2.0,4.0,27,129
1418,027173,2.0,4.0,27,173
1419,027047,2.0,2.0,27,47
1420,027083,2.0,4.0,27,83
1421,027043,2.0,3.0,27,43
1422,027167,2.0,3.0,27,167
1423,027149,2.0,4.0,27,149
1424,027019,2.0,3.0,27,19
1425,027155,2.0,1.0,27,155
1426,027101,2.0,3.0,27,101
1427,027081,2.0,4.0,27,81
1428,027023,2.0,4.0,27,23
1429,027123,2.0,5.0,27,123
1430,027133,0.0,0.0,27,133
1431,027105,0.0,0.0,27,105
1432,027117,2.0,2.0,27,117
1433,028097,2.0,3.0,28,97
1434,028117,2.0,3.0,28,117
1435,028123,2.0,3.0,28,123
1436,028111,2.0,3.0,28,111
1437,028077,2.0,3.0,28,77
1438,028051,2.0,3.0,28,51
1439,028109,2.0,3.0,28,109
1440,028115,2.0,3.0,28,115
1441,028007,2.0,3.0,28,7
1442,028103,2.0,3.0,28,103
1443,028091,2.0,3.0,28,91
1444,028157,2.0,3.0,28,157
1445,028099,2.0,3.0,28,99
1446,028129,2.0,3.0,28,129
1447,028041,2.0,3.0,28,41
1448,028159,2.0,3.0,28,159
1449,028035,2.0,3.0,28,35
1450,028155,2.0,3.0,28,155
1451,028079,2.0,3.0,28,79
1452,028029,2.0,3.0,28,29
1453,028049,2.0,3.0,28,49
1454,028013,2.0,3.0,28,13
1455,028005,2.0,3.0,28,5
1456,028015,2.0,3.0,28,15
1457,028019,2.0,3.0,28,19
1458,028139,2.0,3.0,28,139
1459,028073,2.0,3.0,28,73
1460,028153,2.0,3.0,28,153
1461,028131,2.0,3.0,28,131
1462,028089,2.0,3.0,28,89
1463,028105,2.0,3.0,28,105
1464,028069,2.0,3.0,28,69
1465,028107,2.0,3.0,28,107
1466,028101,2.0,3.0,28,101
1467,028017,2.0,3.0,28,17
1468,028121,2.0,3.0,28,121
1469,028037,2.0,3.0,28,37
1470,028071,2.0,3.0,28,71
1471,028021,2.0,3.0,28,21
1472,028031,2.0,3.0,28,31
1473,028003,2.0,3.0,28,3
1474,028087,2.0,3.0,28,87
1475,028067,2.0,3.0,28,67
1476,028059,2.0,3.0,28,59
1477,028141,2.0,3.0,28,141
1478,028025,2.0,3.0,28,25
1479,028147,2.0,3.0,28,147
1480,028057,2.0,3.0,28,57
1481,028063,2.0,3.0,28,63
1482,028127,2.0,3.0,28,127
1483,028095,2.0,3.0,28,95
1484,028023,2.0,3.0,28,23
1485,028039,2.0,3.0,28,39
1486,028061,2.0,3.0,28,61
1487,028093,2.0,3.0,28,93
1488,028075,2.0,3.0,28,75
1489,028085,2.0,3.0,28,85
1490,028065,2.0,3.0,28,65
1491,028047,2.0,3.0,28,47
1492,028009,2.0,3.0,28,9
1493,028161,2.0,3.0,28,161
1494,028145,2.0,3.0,28,145
1495,028113,2.0,3.0,28,113
1496,028163,2.0,4.0,28,163
1497,028081,2.0,3.0,28,81
1498,028083,2.0,3.0,28,83
1499,028043,2.0,3.0,28,43
1500,028045,2.0,4.0,28,45
1501,028135,2.0,3.0,28,135
1502,028001,2.0,3.0,28,1
1503,028149,2.0,3.0,28,149
1504,028137,2.0,3.0,28,137
1505,028053,2.0,3.0,28,53
1506,028133,2.0,4.0,28,133
1507,028125,2.0,3.0,28,125
1508,028055,2.0,3.0,28,55
1509,028151,2.0,4.0,28,151
1510,028011,2.0,3.0,28,11
1511,028033,2.0,3.0,28,33
1512,028119,2.0,4.0,28,119
1513,028143,2.0,4.0,28,143
1514,028027,2.0,3.0,28,27
1515,029053,2.0,4.0,29,53
1516,029055,1.0,3.0,29,55
1517,029035,1.0,3.0,29,35
1518,029203,1.0,3.0,29,203
1519,029027,2.0,3.0,29,27
1520,029179,1.0,3.0,29,179
1521,029181,1.0,3.0,29,181
1522,029039,2.0,3.0,29,39
1523,029139,2.0,3.0,29,139
1524,029045,2.0,4.0,29,45
1525,029101,2.0,3.0,29,101
1526,029177,2.0,3.0,29,177
1527,029109,2.0,3.0,29,109
1528,029089,2.0,3.0,29,89
1529,029213,1.0,3.0,29,213
1530,029129,2.0,4.0,29,129
1531,029017,2.0,3.0,29,17
1532,029067,1.0,3.0,29,67
1533,029195,2.0,3.0,29,195
1534,029221,1.0,3.0,29,221
1535,029059,1.0,3.0,29,59
1536,029091,1.0,3.0,29,91
1537,029161,1.0,3.0,29,161
1538,029099,2.0,3.0,29,99
1539,029119,1.0,3.0,29,119
1540,029123,1.0,3.0,29,123
1541,029219,2.0,3.0,29,219
1542,029229,1.0,3.0,29,229
1543,029175,2.0,3.0,29,175
1544,029009,1.0,3.0,29,9
1545,029157,2.0,3.0,29,157
1546,029037,2.0,2.0,29,37
1547,029065,1.0,3.0,29,65
1548,029215,1.0,3.0,29,215
1549,029205,2.0,3.0,29,205
1550,029149,1.0,3.0,29,149
1551,029209,1.0,3.0,29,209
1552,029173,2.0,3.0,29,173
1553,029073,1.0,3.0,29,73
1554,029095,2.0,3.0,29,95
1555,029169,1.0,3.0,29,169
1556,029185,2.0,4.0,29,185
1557,029186,1.0,3.0,29,186
1558,029225,1.0,3.0,29,225
1559,029183,2.0,3.0,29,183
1560,029187,1.0,3.0,29,187
1561,029093,1.0,3.0,29,93
1562,029029,1.0,3.0,29,29
1563,029111,2.0,3.0,29,111
1564,029083,2.0,4.0,29,83
1565,029125,1.0,3.0,29,125
1566,029163,2.0,3.0,29,163
1567,029131,2.0,3.0,29,131
1568,029141,1.0,3.0,29,141
1569,029085,1.0,3.0,29,85
1570,029113,2.0,3.0,29,113
1571,029033,2.0,4.0,29,33
1572,029081,2.0,3.0,29,81
1573,029211,2.0,3.0,29,211
1574,029041,2.0,3.0,29,41
1575,029117,2.0,3.0,29,117
1576,029043,1.0,3.0,29,43
1577,029153,1.0,3.0,29,153
1578,029151,2.0,3.0,29,151
1579,029097,2.0,3.0,29,97
1580,029199,2.0,4.0,29,199
1581,029105,1.0,3.0,29,105
1582,029015,1.0,3.0,29,15
1583,029167,2.0,3.0,29,167
1584,029189,2.0,2.0,29,189
1585,029121,2.0,3.0,29,121
1586,029155,2.0,2.0,29,155
1587,029023,2.0,3.0,29,23
1588,029011,2.0,4.0,29,11
1589,029145,1.0,3.0,29,145
1590,029061,2.0,3.0,29,61
1591,029223,1.0,3.0,29,223
1592,029115,2.0,5.0,29,115
1593,029071,2.0,3.0,29,71
1594,029171,2.0,3.0,29,171
1595,029051,2.0,3.0,29,51
1596,029147,2.0,4.0,29,147
1597,029019,2.0,3.0,29,19
1598,029207,2.0,2.0,29,207
1599,029127,2.0,3.0,29,127
1600,029107,2.0,4.0,29,107
1601,029165,2.0,4.0,29,165
1602,029001,2.0,4.0,29,1
1603,029077,2.0,3.0,29,77
1604,029013,2.0,4.0,29,13
1605,029075,2.0,3.0,29,75
1606,029133,2.0,4.0,29,133
1607,029031,2.0,3.0,29,31
1608,029159,2.0,4.0,29,159
1609,029021,2.0,3.0,29,21
1610,029007,2.0,3.0,29,7
1611,029103,2.0,3.0,29,103
1612,029057,1.0,4.0,29,57
1613,029003,2.0,3.0,29,3
1614,029047,2.0,4.0,29,47
1615,029135,2.0,3.0,29,135
1616,029197,2.0,3.0,29,197
1617,029143,2.0,4.0,29,143
1618,029063,2.0,4.0,29,63
1619,029217,2.0,4.0,29,217
1620,029005,2.0,3.0,29,5
1621,029137,2.0,3.0,29,137
1622,029049,2.0,4.0,29,49
1623,029201,2.0,3.0,29,201
1624,029025,2.0,4.0,29,25
1625,029087,2.0,4.0,29,87
1626,029079,2.0,4.0,29,79
1627,029069,2.0,4.0,29,69
1628,029227,2.0,3.0,29,227
1629,029510,0.0,0.0,29,510
1630,030089,2.0,3.0,30,89
1631,030077,2.0,3.0,30,77
1632,030053,2.0,3.0,30,53
1633,030009,1.0,5.0,30,9
1634,030029,2.0,3.0,30,29
1635,030059,2.0,3.0,30,59
1636,030043,2.0,3.0,30,43
1637,030067,2.0,3.0,30,67
1638,030049,2.0,3.0,30,49
1639,030063,2.0,3.0,30,63
1640,030001,2.0,3.0,30,1
1641,030081,2.0,3.0,30,81
1642,030087,2.0,5.0,30,87
1643,030111,2.0,4.0,30,111
1644,030011,2.0,4.0,30,11
1645,030031,2.0,3.0,30,31
1646,030057,2.0,2.0,30,57
1647,030035,2.0,2.0,30,35
1648,030061,2.0,3.0,30,61
1649,030013,2.0,3.0,30,13
1650,030093,2.0,3.0,30,93
1651,030027,2.0,2.0,30,27
1652,030047,2.0,3.0,30,47
1653,030045,2.0,2.0,30,45
1654,030039,2.0,2.0,30,39
1655,030099,2.0,2.0,30,99
1656,030095,2.0,4.0,30,95
1657,030007,2.0,5.0,30,7
1658,030051,2.0,3.0,30,51
1659,030003,2.0,4.0,30,3
1660,030071,2.0,5.0,30,71
1661,030023,2.0,2.0,30,23
1662,030065,2.0,4.0,30,65
1663,030075,2.0,5.0,30,75
1664,030097,2.0,5.0,30,97
1665,030005,2.0,4.0,30,5
1666,030107,2.0,3.0,30,107
1667,030021,1.0,5.0,30,21
1668,030103,2.0,4.0,30,103
1669,030017,2.0,5.0,30,17
1670,030033,2.0,5.0,30,33
1671,030069,2.0,5.0,30,69
1672,030037,2.0,3.0,30,37
1673,030073,2.0,2.0,30,73
1674,030015,2.0,3.0,30,15
1675,030105,2.0,5.0,30,105
1676,030041,2.0,3.0,30,41
1677,030085,2.0,5.0,30,85
1678,030079,1.0,5.0,30,79
1679,030055,2.0,5.0,30,55
1680,030109,2.0,5.0,30,109
1681,030091,0.0,0.0,30,91
1682,030019,0.0,0.0,30,19
1683,030083,2.0,3.0,30,83
1684,030025,0.0,0.0,30,25
1685,030101,2.0,4.0,30,101
1686,031107,2.0,4.0,31,107
1687,031043,2.0,3.0,31,43
1688,031125,2.0,5.0,31,125
1689,031159,2.0,5.0,31,159
1690,031037,2.0,5.0,31,37
1691,031019,2.0,5.0,31,19
1692,031061,2.0,5.0,31,61
1693,031017,2.0,4.0,31,17
1694,031161,1.0,4.0,31,161
1695,031045,1.0,4.0,31,45
1696,031099,2.0,1.0,31,99
1697,031181,2.0,4.0,31,181
1698,031169,2.0,3.0,31,169
1699,031183,2.0,4.0,31,183
1700,031133,2.0,4.0,31,133
1701,031111,1.0,5.0,31,111
1702,031119,2.0,4.0,31,119
1703,031065,2.0,5.0,31,65
1704,031131,2.0,4.0,31,131
1705,031147,2.0,4.0,31,147
1706,031063,1.0,4.0,31,63
1707,031153,2.0,3.0,31,153
1708,031093,2.0,5.0,31,93
1709,031067,2.0,5.0,31,67
1710,031021,2.0,4.0,31,21
1711,031167,2.0,5.0,31,167
1712,031157,1.0,4.0,31,157
1713,031041,2.0,5.0,31,41
1714,031003,2.0,5.0,31,3
1715,031097,2.0,5.0,31,97
1716,031053,2.0,4.0,31,53
1717,031115,1.0,5.0,31,115
1718,031103,2.0,4.0,31,103
1719,031029,2.0,4.0,31,29
1720,031083,2.0,2.0,31,83
1721,031031,1.0,4.0,31,31
1722,031127,2.0,4.0,31,127
1723,031055,2.0,4.0,31,55
1724,031089,2.0,5.0,31,89
1725,031047,2.0,4.0,31,47
1726,031051,2.0,4.0,31,51
1727,031151,2.0,5.0,31,151
1728,031023,2.0,4.0,31,23
1729,031155,2.0,2.0,31,155
1730,031165,1.0,5.0,31,165
1731,031177,2.0,4.0,31,177
1732,031039,2.0,4.0,31,39
1733,031109,2.0,5.0,31,109
1734,031129,2.0,4.0,31,129
1735,031059,2.0,3.0,31,59
1736,031143,2.0,4.0,31,143
1737,031163,2.0,4.0,31,163
1738,031027,2.0,5.0,31,27
1739,031011,2.0,5.0,31,11
1740,031173,2.0,3.0,31,173
1741,031149,2.0,4.0,31,149
1742,031007,1.0,5.0,31,7
1743,031015,2.0,4.0,31,15
1744,031095,2.0,4.0,31,95
1745,031123,1.0,5.0,31,123
1746,031139,2.0,4.0,31,139
1747,031069,1.0,5.0,31,69
1748,031025,2.0,4.0,31,25
1749,031091,1.0,5.0,31,91
1750,031001,2.0,5.0,31,1
1751,031171,1.0,3.0,31,171
1752,031079,2.0,5.0,31,79
1753,031071,2.0,5.0,31,71
1754,031121,2.0,4.0,31,121
1755,031101,2.0,5.0,31,101
1756,031081,2.0,4.0,31,81
1757,031073,1.0,4.0,31,73
1758,031087,2.0,4.0,31,87
1759,031057,2.0,3.0,31,57
1760,031117,0.0,5.0,31,117
1761,031141,2.0,4.0,31,141
1762,031033,0.0,0.0,31,33
1763,031105,0.0,0.0,31,105
1764,031013,0.0,0.0,31,13
1765,031135,0.0,0.0,31,135
1766,031005,0.0,0.0,31,5
1767,031185,0.0,0.0,31,185
1768,031113,0.0,0.0,31,113
1769,031075,0.0,0.0,31,75
1770,031035,2.0,2.0,31,35
1771,031145,2.0,5.0,31,145
1772,031085,0.0,0.0,31,85
1773,031175,2.0,4.0,31,175
1774,031009,1.0,5.0,31,9
1775,031137,0.0,0.0,31,137
1776,031049,2.0,5.0,31,49
1777,031077,0.0,0.0,31,77
1778,031179,0.0,0.0,31,179
1779,032021,1.0,5.0,32,21
1780,032001,1.0,5.0,32,1
1781,032007,1.0,5.0,32,7
1782,032033,1.0,5.0,32,33
1783,032023,1.0,5.0,32,23
1784,032017,1.0,5.0,32,17
1785,032009,1.0,5.0,32,9
1786,032011,1.0,5.0,32,11
1787,032015,1.0,5.0,32,15
1788,032003,1.0,5.0,32,3
1789,032510,1.0,5.0,32,510
1790,032031,1.0,5.0,32,31
1791,032019,1.0,5.0,32,19
1792,032027,1.0,5.0,32,27
1793,032005,1.0,5.0,32,5
1794,032013,1.0,5.0,32,13
1795,032029,1.0,5.0,32,29
1796,035003,1.0,5.0,35,3
1797,035059,1.0,5.0,35,59
1798,035039,1.0,5.0,35,39
1799,035053,1.0,5.0,35,53
1800,035051,1.0,5.0,35,51
1801,035006,1.0,5.0,35,6
1802,035031,1.0,5.0,35,31
1803,035047,1.0,5.0,35,47
1804,035049,1.0,5.0,35,49
1805,035037,1.0,5.0,35,37
1806,035025,1.0,5.0,35,25
1807,035027,1.0,5.0,35,27
1808,035057,1.0,5.0,35,57
1809,035043,1.0,5.0,35,43
1810,035035,1.0,5.0,35,35
1811,035015,1.0,5.0,35,15
1812,035029,1.0,5.0,35,29
1813,035011,1.0,5.0,35,11
1814,035013,1.0,5.0,35,13
1815,035017,1.0,5.0,35,17
1816,035045,1.0,5.0,35,45
1817,035033,1.0,5.0,35,33
1818,035007,1.0,5.0,35,7
1819,035055,1.0,5.0,35,55
1820,035005,1.0,5.0,35,5
1821,035021,1.0,5.0,35,21
1822,035001,1.0,5.0,35,1
1823,035019,1.0,5.0,35,19
1824,035023,1.0,5.0,35,23
1825,035028,1.0,5.0,35,28
1826,035061,1.0,5.0,35,61
1827,035041,1.0,5.0,35,41
1828,035009,0.0,0.0,35,9
1829,036029,2.0,3.0,36,29
1830,036031,2.0,2.0,36,31
1831,036075,2.0,2.0,36,75
1832,036017,2.0,2.0,36,17
1833,036105,2.0,2.0,36,105
1834,036007,2.0,2.0,36,7
1835,036041,2.0,2.0,36,41
1836,036115,2.0,3.0,36,115
1837,036013,2.0,3.0,36,13
1838,036033,2.0,2.0,36,33
1839,036079,2.0,3.0,36,79
1840,036035,2.0,2.0,36,35
1841,036045,2.0,3.0,36,45
1842,036043,2.0,3.0,36,43
1843,036027,2.0,3.0,36,27
1844,036113,2.0,2.0,36,113
1845,036101,2.0,2.0,36,101
1846,036009,2.0,2.0,36,9
1847,036071,2.0,2.0,36,71
1848,036083,2.0,2.0,36,83
1849,036039,2.0,2.0,36,39
1850,036089,2.0,3.0,36,89
1851,036107,2.0,2.0,36,107
1852,036077,2.0,3.0,36,77
1853,036069,2.0,3.0,36,69
1854,036065,2.0,3.0,36,65
1855,036003,2.0,3.0,36,3
1856,036025,2.0,3.0,36,25
1857,036021,2.0,2.0,36,21
1858,036037,2.0,4.0,36,37
1859,036097,2.0,2.0,36,97
1860,036095,2.0,2.0,36,95
1861,036067,2.0,3.0,36,67
1862,036049,2.0,3.0,36,49
1863,036121,2.0,2.0,36,121
1864,036111,2.0,2.0,36,111
1865,036019,2.0,3.0,36,19
1866,036011,2.0,2.0,36,11
1867,036063,2.0,2.0,36,63
1868,036109,2.0,2.0,36,109
1869,036091,2.0,2.0,36,91
1870,036119,2.0,2.0,36,119
1871,036053,2.0,3.0,36,53
1872,036001,2.0,3.0,36,1
1873,036073,2.0,4.0,36,73
1874,036099,2.0,4.0,36,99
1875,036093,2.0,2.0,36,93
1876,036123,2.0,3.0,36,123
1877,036051,2.0,2.0,36,51
1878,036103,2.0,3.0,36,103
1879,036117,2.0,3.0,36,117
1880,036059,2.0,4.0,36,59
1881,036087,2.0,3.0,36,87
1882,036023,2.0,2.0,36,23
1883,036057,2.0,2.0,36,57
1884,036015,2.0,2.0,36,15
1885,036055,2.0,2.0,36,55
1886,036085,2.0,5.0,36,85
1887,036061,2.0,5.0,36,61
1888,036005,2.0,2.0,36,5
1889,036081,0.0,0.0,36,81
1890,036047,0.0,0.0,36,47
1891,037019,2.0,2.0,37,19
1892,037073,2.0,2.0,37,73
1893,037077,2.0,2.0,37,77
1894,037113,2.0,3.0,37,113
1895,037091,2.0,2.0,37,91
1896,037165,2.0,3.0,37,165
1897,037083,2.0,2.0,37,83
1898,037117,2.0,2.0,37,117
1899,037013,2.0,2.0,37,13
1900,037017,2.0,3.0,37,17
1901,037145,2.0,2.0,37,145
1902,037127,2.0,2.0,37,127
1903,037047,2.0,2.0,37,47
1904,037141,2.0,2.0,37,141
1905,037151,2.0,3.0,37,151
1906,037007,2.0,3.0,37,7
1907,037045,2.0,3.0,37,45
1908,037131,2.0,2.0,37,131
1909,037033,2.0,2.0,37,33
1910,037069,2.0,2.0,37,69
1911,037061,2.0,3.0,37,61
1912,037163,2.0,3.0,37,163
1913,037095,3.0,3.0,37,95
1914,037155,2.0,2.0,37,155
1915,037133,2.0,3.0,37,133
1916,037107,2.0,3.0,37,107
1917,037137,2.0,2.0,37,137
1918,037079,2.0,3.0,37,79
1919,037119,2.0,3.0,37,119
1920,037125,2.0,3.0,37,125
1921,037161,2.0,2.0,37,161
1922,037015,2.0,2.0,37,15
1923,037097,2.0,3.0,37,97
1924,037167,2.0,3.0,37,167
1925,037185,2.0,2.0,37,185
1926,037057,2.0,3.0,37,57
1927,037063,2.0,2.0,37,63
1928,037123,2.0,3.0,37,123
1929,037049,2.0,2.0,37,49
1930,037031,2.0,3.0,37,31
1931,037037,2.0,2.0,37,37
1932,037187,2.0,2.0,37,187
1933,037105,2.0,2.0,37,105
1934,037195,2.0,2.0,37,195
1935,037143,2.0,2.0,37,143
1936,037157,2.0,2.0,37,157
1937,037101,2.0,3.0,37,101
1938,037181,2.0,2.0,37,181
1939,037103,2.0,2.0,37,103
1940,037085,2.0,2.0,37,85
1941,037193,2.0,3.0,37,193
1942,037065,2.0,2.0,37,65
1943,037153,2.0,3.0,37,153
1944,037129,2.0,3.0,37,129
1945,037139,2.0,2.0,37,139
1946,037027,2.0,3.0,37,27
1947,037169,2.0,2.0,37,169
1948,037039,2.0,3.0,37,39
1949,037051,2.0,3.0,37,51
1950,037041,2.0,2.0,37,41
1951,037175,2.0,3.0,37,175
1952,037191,2.0,3.0,37,191
1953,037135,2.0,2.0,37,135
1954,037093,2.0,3.0,37,93
1955,037179,2.0,3.0,37,179
1956,037001,2.0,3.0,37,1
1957,037009,2.0,3.0,37,9
1958,037035,2.0,3.0,37,35
1959,037177,3.0,2.0,37,177
1960,037025,2.0,3.0,37,25
1961,037149,2.0,2.0,37,149
1962,037183,2.0,2.0,37,183
1963,037059,2.0,2.0,37,59
1964,037089,2.0,3.0,37,89
1965,037075,2.0,2.0,37,75
1966,037109,2.0,2.0,37,109
1967,037111,2.0,3.0,37,111
1968,037023,2.0,3.0,37,23
1969,037171,2.0,3.0,37,171
1970,037099,2.0,3.0,37,99
1971,037043,2.0,3.0,37,43
1972,037071,2.0,2.0,37,71
1973,037087,2.0,3.0,37,87
1974,037067,2.0,3.0,37,67
1975,037173,2.0,3.0,37,173
1976,037029,3.0,2.0,37,29
1977,037081,2.0,2.0,37,81
1978,037011,2.0,3.0,37,11
1979,037159,2.0,2.0,37,159
1980,037147,2.0,2.0,37,147
1981,037189,2.0,2.0,37,189
1982,037197,2.0,2.0,37,197
1983,037121,2.0,2.0,37,121
1984,037021,2.0,3.0,37,21
1985,037005,2.0,3.0,37,5
1986,037199,2.0,3.0,37,199
1987,037003,2.0,3.0,37,3
1988,037055,3.0,2.0,37,55
1989,037115,2.0,3.0,37,115
1990,037053,3.0,2.0,37,53
1991,038105,2.0,3.0,38,105
1992,038033,2.0,5.0,38,33
1993,038009,2.0,3.0,38,9
1994,038057,2.0,4.0,38,57
1995,038049,2.0,4.0,38,49
1996,038019,2.0,4.0,38,19
1997,038007,1.0,5.0,38,7
1998,038079,2.0,3.0,38,79
1999,038053,2.0,5.0,38,53
2000,038005,2.0,4.0,38,5
2001,038089,2.0,5.0,38,89
2002,038065,2.0,5.0,38,65
2003,038025,1.0,5.0,38,25
2004,038085,2.0,4.0,38,85
2005,038067,2.0,4.0,38,67
2006,038013,2.0,2.0,38,13
2007,038045,2.0,5.0,38,45
2008,038077,2.0,3.0,38,77
2009,038021,2.0,5.0,38,21
2010,038071,2.0,4.0,38,71
2011,038099,2.0,4.0,38,99
2012,038101,2.0,4.0,38,101
2013,038035,2.0,5.0,38,35
2014,038037,2.0,4.0,38,37
2015,038055,2.0,5.0,38,55
2016,038029,2.0,4.0,38,29
2017,038003,2.0,4.0,38,3
2018,038097,2.0,4.0,38,97
2019,038017,2.0,4.0,38,17
2020,038073,2.0,4.0,38,73
2021,038081,2.0,4.0,38,81
2022,038103,2.0,5.0,38,103
2023,038059,2.0,4.0,38,59
2024,038015,2.0,4.0,38,15
2025,038031,2.0,5.0,38,31
2026,038061,2.0,5.0,38,61
2027,038091,2.0,4.0,38,91
2028,038087,1.0,4.0,38,87
2029,038075,2.0,4.0,38,75
2030,038027,2.0,5.0,38,27
2031,038083,2.0,4.0,38,83
2032,038039,2.0,3.0,38,39
2033,038069,2.0,5.0,38,69
2034,038001,0.0,0.0,38,1
2035,038023,0.0,0.0,38,23
2036,038093,2.0,4.0,38,93
2037,038011,0.0,0.0,38,11
2038,038095,0.0,0.0,38,95
2039,038043,0.0,0.0,38,43
2040,038051,0.0,0.0,38,51
2041,038063,2.0,3.0,38,63
2042,038041,0.0,0.0,38,41
2043,038047,0.0,0.0,38,47
2044,039035,2.0,2.0,39,35
2045,039051,2.0,2.0,39,51
2046,039093,2.0,3.0,39,93
2047,039141,2.0,3.0,39,141
2048,039127,2.0,2.0,39,127
2049,039031,2.0,3.0,39,31
2050,039105,2.0,3.0,39,105
2051,039073,2.0,3.0,39,73
2052,039163,2.0,2.0,39,163
2053,039145,2.0,2.0,39,145
2054,039005,2.0,2.0,39,5
2055,039079,2.0,2.0,39,79
2056,039111,2.0,4.0,39,111
2057,039029,2.0,3.0,39,29
2058,039109,2.0,2.0,39,109
2059,039001,2.0,3.0,39,1
2060,039139,2.0,3.0,39,139
2061,039075,2.0,3.0,39,75
2062,039151,2.0,2.0,39,151
2063,039159,2.0,3.0,39,159
2064,039059,2.0,4.0,39,59
2065,039087,2.0,3.0,39,87
2066,039077,2.0,3.0,39,77
2067,039119,2.0,3.0,39,119
2068,039033,2.0,4.0,39,33
2069,039013,2.0,4.0,39,13
2070,039157,2.0,3.0,39,157
2071,039167,2.0,3.0,39,167
2072,039055,2.0,2.0,39,55
2073,039025,2.0,3.0,39,25
2074,039065,2.0,2.0,39,65
2075,039053,2.0,3.0,39,53
2076,039091,2.0,4.0,39,91
2077,039089,2.0,3.0,39,89
2078,039081,2.0,4.0,39,81
2079,039131,2.0,3.0,39,131
2080,039019,2.0,3.0,39,19
2081,039003,2.0,2.0,39,3
2082,039009,2.0,3.0,39,9
2083,039135,2.0,2.0,39,135
2084,039133,2.0,3.0,39,133
2085,039043,2.0,4.0,39,43
2086,039123,2.0,2.0,39,123
2087,039023,2.0,4.0,39,23
2088,039155,2.0,2.0,39,155
2089,039015,2.0,3.0,39,15
2090,039169,2.0,3.0,39,169
2091,039061,2.0,2.0,39,61
2092,039041,2.0,4.0,39,41
2093,039069,2.0,3.0,39,69
2094,039117,2.0,2.0,39,117
2095,039067,2.0,3.0,39,67
2096,039129,2.0,3.0,39,129
2097,039011,2.0,3.0,39,11
2098,039121,2.0,4.0,39,121
2099,039143,2.0,3.0,39,143
2100,039115,2.0,3.0,39,115
2101,039057,2.0,2.0,39,57
2102,039007,2.0,2.0,39,7
2103,039071,2.0,3.0,39,71
2104,039175,2.0,3.0,39,175
2105,039153,2.0,3.0,39,153
2106,039113,2.0,4.0,39,113
2107,039099,2.0,3.0,39,99
2108,039017,2.0,3.0,39,17
2109,039039,2.0,3.0,39,39
2110,039101,2.0,2.0,39,101
2111,039037,2.0,3.0,39,37
2112,039165,2.0,3.0,39,165
2113,039063,2.0,2.0,39,63
2114,039161,2.0,2.0,39,161
2115,039125,2.0,2.0,39,125
2116,039173,2.0,3.0,39,173
2117,039103,2.0,2.0,39,103
2118,039085,2.0,2.0,39,85
2119,039149,2.0,3.0,39,149
2120,039045,2.0,2.0,39,45
2121,039083,2.0,4.0,39,83
2122,039147,2.0,3.0,39,147
2123,039171,2.0,3.0,39,171
2124,039137,2.0,1.0,39,137
2125,039049,2.0,2.0,39,49
2126,039095,2.0,2.0,39,95
2127,039047,2.0,3.0,39,47
2128,039021,2.0,2.0,39,21
2129,039027,2.0,3.0,39,27
2130,039097,2.0,3.0,39,97
2131,039107,2.0,2.0,39,107
2132,040023,2.0,4.0,40,23
2133,040089,2.0,3.0,40,89
2134,040127,2.0,3.0,40,127
2135,040091,2.0,4.0,40,91
2136,040115,2.0,4.0,40,115
2137,040041,2.0,4.0,40,41
2138,040079,2.0,3.0,40,79
2139,040121,2.0,4.0,40,121
2140,040005,2.0,4.0,40,5
2141,040021,2.0,4.0,40,21
2142,040029,2.0,4.0,40,29
2143,040077,2.0,4.0,40,77
2144,040125,2.0,4.0,40,125
2145,040101,2.0,4.0,40,101
2146,040133,2.0,4.0,40,133
2147,040137,2.0,5.0,40,137
2148,040085,2.0,5.0,40,85
2149,040113,2.0,4.0,40,113
2150,040001,2.0,3.0,40,1
2151,040135,2.0,4.0,40,135
2152,040013,2.0,4.0,40,13
2153,040031,2.0,5.0,40,31
2154,040015,2.0,4.0,40,15
2155,040055,1.0,5.0,40,55
2156,040037,2.0,4.0,40,37
2157,040049,2.0,5.0,40,49
2158,040109,2.0,5.0,40,109
2159,040033,2.0,5.0,40,33
2160,040063,2.0,4.0,40,63
2161,040069,2.0,4.0,40,69
2162,040119,2.0,4.0,40,119
2163,040131,2.0,5.0,40,131
2164,040061,2.0,4.0,40,61
2165,040051,2.0,5.0,40,51
2166,040099,2.0,5.0,40,99
2167,040027,2.0,4.0,40,27
2168,040019,2.0,5.0,40,19
2169,040097,2.0,4.0,40,97
2170,040143,2.0,4.0,40,143
2171,040093,2.0,5.0,40,93
2172,040111,2.0,5.0,40,111
2173,040117,2.0,5.0,40,117
2174,040129,2.0,5.0,40,129
2175,040151,2.0,5.0,40,151
2176,040057,1.0,5.0,40,57
2177,040075,1.0,5.0,40,75
2178,040123,2.0,4.0,40,123
2179,040067,2.0,5.0,40,67
2180,040025,1.0,5.0,40,25
2181,040053,2.0,5.0,40,53
2182,040071,2.0,5.0,40,71
2183,040065,1.0,5.0,40,65
2184,040081,2.0,5.0,40,81
2185,040087,2.0,5.0,40,87
2186,040107,2.0,5.0,40,107
2187,040039,2.0,5.0,40,39
2188,040009,1.0,5.0,40,9
2189,040145,2.0,4.0,40,145
2190,040035,2.0,4.0,40,35
2191,040141,1.0,5.0,40,141
2192,040153,1.0,5.0,40,153
2193,040149,2.0,5.0,40,149
2194,040011,2.0,4.0,40,11
2195,040043,2.0,4.0,40,43
2196,040045,1.0,4.0,40,45
2197,040083,2.0,5.0,40,83
2198,040147,2.0,3.0,40,147
2199,040105,2.0,5.0,40,105
2200,040095,2.0,4.0,40,95
2201,040103,2.0,5.0,40,103
2202,040047,2.0,5.0,40,47
2203,040017,2.0,5.0,40,17
2204,040073,2.0,5.0,40,73
2205,040003,2.0,5.0,40,3
2206,040059,2.0,5.0,40,59
2207,040139,0.0,0.0,40,139
2208,040007,0.0,0.0,40,7
2209,041035,2.0,3.0,41,35
2210,041025,1.0,4.0,41,25
2211,041013,1.0,4.0,41,13
2212,041049,2.0,4.0,41,49
2213,041031,1.0,4.0,41,31
2214,041037,1.0,3.0,41,37
2215,041023,2.0,3.0,41,23
2216,041011,2.0,2.0,41,11
2217,041039,2.0,2.0,41,39
2218,041071,2.0,2.0,41,71
2219,041017,1.0,4.0,41,17
2220,041005,2.0,2.0,41,5
2221,041019,2.0,2.0,41,19
2222,041029,2.0,2.0,41,29
2223,041033,2.0,2.0,41,33
2224,041063,2.0,3.0,41,63
2225,041059,2.0,4.0,41,59
2226,041061,2.0,3.0,41,61
2227,041069,2.0,4.0,41,69
2228,041065,2.0,3.0,41,65
2229,041001,2.0,4.0,41,1
2230,041047,2.0,2.0,41,47
2231,041027,2.0,2.0,41,27
2232,041041,2.0,2.0,41,41
2233,041067,2.0,2.0,41,67
2234,041015,2.0,2.0,41,15
2235,041043,2.0,2.0,41,43
2236,041009,2.0,2.0,41,9
2237,041007,2.0,2.0,41,7
2238,041051,2.0,2.0,41,51
2239,041057,2.0,2.0,41,57
2240,041053,2.0,2.0,41,53
2241,041003,2.0,2.0,41,3
2242,041045,1.0,4.0,41,45
2243,041021,1.0,4.0,41,21
2244,041055,0.0,0.0,41,55
2245,042127,2.0,2.0,42,127
2246,042117,2.0,2.0,42,117
2247,042089,2.0,2.0,42,89
2248,042027,2.0,2.0,42,27
2249,042129,2.0,3.0,42,129
2250,042023,2.0,2.0,42,23
2251,042037,2.0,2.0,42,37
2252,042061,2.0,3.0,42,61
2253,042051,2.0,3.0,42,51
2254,042081,2.0,2.0,42,81
2255,042033,2.0,3.0,42,33
2256,042123,2.0,2.0,42,123
2257,042011,2.0,2.0,42,11
2258,042053,2.0,2.0,42,53
2259,042005,2.0,3.0,42,5
2260,042047,2.0,2.0,42,47
2261,042015,2.0,3.0,42,15
2262,042077,2.0,2.0,42,77
2263,042031,2.0,2.0,42,31
2264,042039,2.0,2.0,42,39
2265,042079,2.0,2.0,42,79
2266,042083,2.0,2.0,42,83
2267,042075,2.0,2.0,42,75
2268,042059,2.0,3.0,42,59
2269,042105,2.0,2.0,42,105
2270,042043,2.0,3.0,42,43
2271,042133,2.0,3.0,42,133
2272,042107,2.0,2.0,42,107
2273,042049,2.0,2.0,42,49
2274,042095,2.0,2.0,42,95
2275,042063,2.0,2.0,42,63
2276,042115,2.0,3.0,42,115
2277,042131,2.0,3.0,42,131
2278,042087,2.0,2.0,42,87
2279,042103,2.0,2.0,42,103
2280,042013,2.0,2.0,42,13
2281,042121,2.0,3.0,42,121
2282,042071,2.0,2.0,42,71
2283,042035,2.0,2.0,42,35
2284,042021,2.0,3.0,42,21
2285,042009,2.0,3.0,42,9
2286,042085,2.0,3.0,42,85
2287,042025,2.0,2.0,42,25
2288,042065,2.0,2.0,42,65
2289,042125,2.0,4.0,42,125
2290,042019,2.0,3.0,42,19
2291,042067,2.0,3.0,42,67
2292,042069,2.0,3.0,42,69
2293,042029,2.0,3.0,42,29
2294,042057,2.0,3.0,42,57
2295,042111,2.0,2.0,42,111
2296,042097,2.0,2.0,42,97
2297,042003,2.0,4.0,42,3
2298,042055,2.0,3.0,42,55
2299,042099,2.0,2.0,42,99
2300,042017,2.0,3.0,42,17
2301,042109,2.0,2.0,42,109
2302,042113,2.0,3.0,42,113
2303,042001,2.0,3.0,42,1
2304,042119,2.0,2.0,42,119
2305,042073,2.0,2.0,42,73
2306,042041,2.0,2.0,42,41
2307,042091,2.0,2.0,42,91
2308,042007,2.0,3.0,42,7
2309,042093,2.0,2.0,42,93
2310,042101,2.0,4.0,42,101
2311,042045,2.0,5.0,42,45
2312,045075,2.0,3.0,45,75
2313,045055,2.0,3.0,45,55
2314,045025,2.0,3.0,45,25
2315,045035,2.0,3.0,45,35
2316,045029,2.0,2.0,45,29
2317,045057,2.0,3.0,45,57
2318,045049,2.0,3.0,45,49
2319,045083,2.0,3.0,45,83
2320,045031,2.0,3.0,45,31
2321,045033,2.0,3.0,45,33
2322,045087,2.0,2.0,45,87
2323,045005,2.0,3.0,45,5
2324,045039,2.0,3.0,45,39
2325,045061,2.0,3.0,45,61
2326,045085,2.0,3.0,45,85
2327,045011,2.0,3.0,45,11
2328,045003,2.0,3.0,45,3
2329,045069,2.0,3.0,45,69
2330,045023,2.0,2.0,45,23
2331,045001,2.0,3.0,45,1
2332,045079,2.0,3.0,45,79
2333,045059,2.0,3.0,45,59
2334,045081,2.0,2.0,45,81
2335,045053,2.0,2.0,45,53
2336,045051,2.0,3.0,45,51
2337,045047,2.0,2.0,45,47
2338,045063,2.0,3.0,45,63
2339,045041,2.0,3.0,45,41
2340,045089,2.0,3.0,45,89
2341,045067,2.0,3.0,45,67
2342,045043,2.0,3.0,45,43
2343,045007,2.0,3.0,45,7
2344,045019,2.0,3.0,45,19
2345,045037,2.0,3.0,45,37
2346,045015,2.0,3.0,45,15
2347,045071,2.0,2.0,45,71
2348,045009,2.0,2.0,45,9
2349,045065,2.0,2.0,45,65
2350,045073,2.0,3.0,45,73
2351,045091,2.0,3.0,45,91
2352,045027,2.0,3.0,45,27
2353,045017,2.0,3.0,45,17
2354,045021,2.0,3.0,45,21
2355,045045,2.0,3.0,45,45
2356,045013,2.0,3.0,45,13
2357,045077,2.0,3.0,45,77
2358,046113,2.0,4.0,46,113
2359,046063,1.0,4.0,46,63
2360,046103,2.0,4.0,46,103
2361,046081,2.0,3.0,46,81
2362,046055,2.0,5.0,46,55
2363,046031,2.0,4.0,46,31
2364,046033,1.0,4.0,46,33
2365,046061,2.0,5.0,46,61
2366,046007,2.0,4.0,46,7
2367,046093,2.0,4.0,46,93
2368,046053,2.0,4.0,46,53
2369,046071,2.0,4.0,46,71
2370,046027,2.0,3.0,46,27
2371,046047,1.0,4.0,46,47
2372,046109,2.0,4.0,46,109
2373,046121,2.0,4.0,46,121
2374,046117,2.0,4.0,46,117
2375,046127,2.0,5.0,46,127
2376,046123,2.0,3.0,46,123
2377,046087,2.0,5.0,46,87
2378,046135,2.0,5.0,46,135
2379,046025,2.0,5.0,46,25
2380,046009,2.0,5.0,46,9
2381,046051,2.0,4.0,46,51
2382,046115,2.0,2.0,46,115
2383,046091,2.0,3.0,46,91
2384,046111,2.0,5.0,46,111
2385,046085,2.0,5.0,46,85
2386,046095,2.0,5.0,46,95
2387,046075,2.0,4.0,46,75
2388,046077,2.0,5.0,46,77
2389,046079,2.0,4.0,46,79
2390,046059,2.0,4.0,46,59
2391,046037,2.0,3.0,46,37
2392,046023,2.0,4.0,46,23
2393,046067,2.0,4.0,46,67
2394,046017,2.0,5.0,46,17
2395,046097,2.0,4.0,46,97
2396,046137,2.0,5.0,46,137
2397,046099,2.0,4.0,46,99
2398,046083,2.0,4.0,46,83
2399,046057,2.0,5.0,46,57
2400,046019,2.0,5.0,46,19
2401,046065,2.0,2.0,46,65
2402,046015,1.0,4.0,46,15
2403,046005,2.0,5.0,46,5
2404,046101,2.0,4.0,46,101
2405,046011,2.0,5.0,46,11
2406,046129,2.0,4.0,46,129
2407,046039,2.0,4.0,46,39
2408,046013,2.0,4.0,46,13
2409,046125,2.0,4.0,46,125
2410,046021,2.0,5.0,46,21
2411,046107,0.0,0.0,46,107
2412,046029,2.0,3.0,46,29
2413,046119,0.0,0.0,46,119
2414,046105,2.0,3.0,46,105
2415,046069,0.0,0.0,46,69
2416,046035,1.0,5.0,46,35
2417,046049,2.0,4.0,46,49
2418,046003,2.0,4.0,46,3
2419,046041,2.0,4.0,46,41
2420,046073,2.0,5.0,46,73
2421,046089,1.0,5.0,46,89
2422,046045,2.0,5.0,46,45
2423,046043,0.0,0.0,46,43
2424,047081,2.0,3.0,47,81
2425,047049,2.0,3.0,47,49
2426,047075,2.0,4.0,47,75
2427,047017,2.0,3.0,47,17
2428,047139,2.0,3.0,47,139
2429,047181,2.0,3.0,47,181
2430,047047,2.0,4.0,47,47
2431,047183,2.0,3.0,47,183
2432,047039,2.0,3.0,47,39
2433,047077,2.0,3.0,47,77
2434,047135,2.0,3.0,47,135
2435,047105,2.0,3.0,47,105
2436,047157,2.0,3.0,47,157
2437,047109,2.0,3.0,47,109
2438,047141,2.0,3.0,47,141
2439,047143,2.0,3.0,47,143
2440,047119,2.0,3.0,47,119
2441,047005,2.0,3.0,47,5
2442,047071,2.0,3.0,47,71
2443,047023,2.0,3.0,47,23
2444,047113,2.0,3.0,47,113
2445,047107,2.0,3.0,47,107
2446,047121,2.0,3.0,47,121
2447,047069,2.0,3.0,47,69
2448,047043,2.0,3.0,47,43
2449,047099,2.0,3.0,47,99
2450,047129,2.0,3.0,47,129
2451,047007,2.0,3.0,47,7
2452,047161,2.0,3.0,47,161
2453,047055,2.0,4.0,47,55
2454,047123,2.0,3.0,47,123
2455,047151,2.0,3.0,47,151
2456,047185,2.0,3.0,47,185
2457,047115,2.0,3.0,47,115
2458,047175,2.0,3.0,47,175
2459,047125,2.0,3.0,47,125
2460,047179,2.0,3.0,47,179
2461,047163,2.0,3.0,47,163
2462,047053,2.0,3.0,47,53
2463,047165,2.0,4.0,47,165
2464,047079,2.0,3.0,47,79
2465,047155,2.0,3.0,47,155
2466,047101,2.0,3.0,47,101
2467,047153,2.0,3.0,47,153
2468,047035,2.0,3.0,47,35
2469,047159,2.0,4.0,47,159
2470,047013,2.0,3.0,47,13
2471,047173,2.0,3.0,47,173
2472,047057,2.0,3.0,47,57
2473,047025,2.0,3.0,47,25
2474,047021,2.0,3.0,47,21
2475,047149,2.0,4.0,47,149
2476,047009,2.0,3.0,47,9
2477,047137,2.0,3.0,47,137
2478,047019,2.0,3.0,47,19
2479,047051,2.0,3.0,47,51
2480,047089,2.0,3.0,47,89
2481,047187,2.0,3.0,47,187
2482,047131,2.0,3.0,47,131
2483,047029,2.0,3.0,47,29
2484,047091,2.0,2.0,47,91
2485,047065,2.0,3.0,47,65
2486,047067,2.0,3.0,47,67
2487,047087,2.0,4.0,47,87
2488,047031,2.0,2.0,47,31
2489,047177,2.0,3.0,47,177
2490,047027,2.0,3.0,47,27
2491,047085,2.0,3.0,47,85
2492,047073,2.0,3.0,47,73
2493,047189,2.0,4.0,47,189
2494,047059,2.0,3.0,47,59
2495,047037,2.0,4.0,47,37
2496,047133,2.0,3.0,47,133
2497,047083,2.0,3.0,47,83
2498,047095,2.0,2.0,47,95
2499,047003,2.0,3.0,47,3
2500,047061,2.0,3.0,47,61
2501,047117,2.0,4.0,47,117
2502,047097,2.0,3.0,47,97
2503,047145,2.0,3.0,47,145
2504,047001,2.0,3.0,47,1
2505,047111,2.0,3.0,47,111
2506,047041,2.0,3.0,47,41
2507,047171,2.0,3.0,47,171
2508,047011,2.0,2.0,47,11
2509,047103,2.0,3.0,47,103
2510,047015,2.0,3.0,47,15
2511,047127,2.0,3.0,47,127
2512,047045,2.0,3.0,47,45
2513,047063,2.0,3.0,47,63
2514,047167,2.0,3.0,47,167
2515,047033,2.0,4.0,47,33
2516,047093,2.0,3.0,47,93
2517,047169,2.0,3.0,47,169
2518,047147,2.0,3.0,47,147
2519,048313,2.0,4.0,48,313
2520,048351,2.0,3.0,48,351
2521,048277,2.0,3.0,48,277
2522,048197,1.0,5.0,48,197
2523,048291,2.0,3.0,48,291
2524,048455,2.0,3.0,48,455
2525,048373,2.0,3.0,48,373
2526,048347,2.0,3.0,48,347
2527,048005,2.0,3.0,48,5
2528,048245,2.0,4.0,48,245
2529,048403,2.0,3.0,48,403
2530,048387,2.0,3.0,48,387
2531,048241,2.0,3.0,48,241
2532,048073,2.0,3.0,48,73
2533,048457,2.0,3.0,48,457
2534,048339,2.0,3.0,48,339
2535,048199,2.0,3.0,48,199
2536,048459,2.0,3.0,48,459
2537,048405,2.0,3.0,48,405
2538,048185,2.0,4.0,48,185
2539,048203,2.0,3.0,48,203
2540,048471,2.0,3.0,48,471
2541,048419,2.0,3.0,48,419
2542,048037,2.0,3.0,48,37
2543,048067,2.0,3.0,48,67
2544,048365,2.0,3.0,48,365
2545,048423,2.0,3.0,48,423
2546,048499,2.0,3.0,48,499
2547,048401,2.0,3.0,48,401
2548,048225,2.0,3.0,48,225
2549,048407,2.0,3.0,48,407
2550,048001,2.0,3.0,48,1
2551,048343,2.0,3.0,48,343
2552,048315,2.0,3.0,48,315
2553,048449,2.0,4.0,48,449
2554,048361,2.0,3.0,48,361
2555,048467,2.0,3.0,48,467
2556,048213,2.0,4.0,48,213
2557,048155,1.0,5.0,48,155
2558,048109,1.0,5.0,48,109
2559,048327,1.0,5.0,48,327
2560,048433,1.0,5.0,48,433
2561,048013,1.0,5.0,48,13
2562,048161,2.0,5.0,48,161
2563,048435,1.0,5.0,48,435
2564,048201,2.0,4.0,48,201
2565,048003,1.0,5.0,48,3
2566,048063,2.0,3.0,48,63
2567,048183,2.0,3.0,48,183
2568,048289,2.0,4.0,48,289
2569,048093,1.0,5.0,48,93
2570,048489,1.0,5.0,48,489
2571,048463,1.0,5.0,48,463
2572,048363,1.0,5.0,48,363
2573,048009,1.0,5.0,48,9
2574,048171,1.0,5.0,48,171
2575,048187,1.0,5.0,48,187
2576,048209,1.0,5.0,48,209
2577,048053,1.0,5.0,48,53
2578,048335,1.0,5.0,48,335
2579,048059,1.0,5.0,48,59
2580,048453,1.0,5.0,48,453
2581,048263,1.0,5.0,48,263
2582,048297,1.0,5.0,48,297
2583,048307,1.0,5.0,48,307
2584,048179,1.0,5.0,48,179
2585,048367,1.0,5.0,48,367
2586,048023,1.0,5.0,48,23
2587,048103,1.0,5.0,48,103
2588,048451,1.0,5.0,48,451
2589,048083,1.0,5.0,48,83
2590,048349,2.0,5.0,48,349
2591,048479,1.0,5.0,48,479
2592,048221,1.0,5.0,48,221
2593,048265,1.0,5.0,48,265
2594,048223,2.0,4.0,48,223
2595,048235,1.0,5.0,48,235
2596,048173,1.0,5.0,48,173
2597,048487,1.0,5.0,48,487
2598,048417,1.0,5.0,48,417
2599,048151,1.0,5.0,48,151
2600,048105,1.0,5.0,48,105
2601,048055,1.0,5.0,48,55
2602,048139,1.0,5.0,48,139
2603,048475,1.0,5.0,48,475
2604,048371,1.0,5.0,48,371
2605,048077,1.0,5.0,48,77
2606,048319,1.0,5.0,48,319
2607,048091,1.0,5.0,48,91
2608,048413,1.0,5.0,48,413
2609,048345,1.0,5.0,48,345
2610,048051,2.0,5.0,48,51
2611,048011,1.0,5.0,48,11
2612,048029,1.0,5.0,48,29
2613,048269,1.0,5.0,48,269
2614,048135,1.0,5.0,48,135
2615,048311,1.0,5.0,48,311
2616,048473,2.0,5.0,48,473
2617,048207,1.0,5.0,48,207
2618,048175,1.0,5.0,48,175
2619,048133,1.0,5.0,48,133
2620,048257,2.0,5.0,48,257
2621,048159,2.0,4.0,48,159
2622,048399,1.0,5.0,48,399
2623,048043,1.0,5.0,48,43
2624,048259,1.0,5.0,48,259
2625,048157,2.0,5.0,48,157
2626,048237,1.0,5.0,48,237
2627,048085,2.0,5.0,48,85
2628,048035,1.0,5.0,48,35
2629,048047,1.0,5.0,48,47
2630,048045,1.0,5.0,48,45
2631,048503,1.0,5.0,48,503
2632,048461,1.0,5.0,48,461
2633,048267,1.0,5.0,48,267
2634,048431,1.0,5.0,48,431
2635,048443,1.0,5.0,48,443
2636,048193,1.0,5.0,48,193
2637,048041,2.0,5.0,48,41
2638,048191,1.0,5.0,48,191
2639,048389,1.0,5.0,48,389
2640,048039,2.0,5.0,48,39
2641,048465,1.0,5.0,48,465
2642,048491,1.0,5.0,48,491
2643,048485,1.0,5.0,48,485
2644,048089,2.0,5.0,48,89
2645,048049,1.0,5.0,48,49
2646,048021,2.0,5.0,48,21
2647,048323,1.0,5.0,48,323
2648,048411,1.0,5.0,48,411
2649,048127,1.0,5.0,48,127
2650,048123,1.0,5.0,48,123
2651,048095,1.0,5.0,48,95
2652,048337,1.0,5.0,48,337
2653,048385,1.0,5.0,48,385
2654,048119,2.0,5.0,48,119
2655,048231,2.0,5.0,48,231
2656,048025,1.0,5.0,48,25
2657,048441,1.0,5.0,48,441
2658,048283,1.0,5.0,48,283
2659,048099,1.0,5.0,48,99
2660,048071,2.0,4.0,48,71
2661,048495,1.0,5.0,48,495
2662,048299,1.0,5.0,48,299
2663,048383,1.0,5.0,48,383
2664,048353,1.0,5.0,48,353
2665,048149,1.0,5.0,48,149
2666,048229,1.0,5.0,48,229
2667,048163,1.0,5.0,48,163
2668,048131,1.0,5.0,48,131
2669,048325,1.0,5.0,48,325
2670,048107,1.0,5.0,48,107
2671,048075,1.0,5.0,48,75
2672,048019,1.0,5.0,48,19
2673,048507,1.0,5.0,48,507
2674,048429,1.0,5.0,48,429
2675,048415,1.0,5.0,48,415
2676,048395,2.0,5.0,48,395
2677,048391,1.0,5.0,48,391
2678,048137,1.0,5.0,48,137
2679,048243,1.0,5.0,48,243
2680,048275,1.0,5.0,48,275
2681,048329,1.0,5.0,48,329
2682,048439,2.0,5.0,48,439
2683,048125,1.0,5.0,48,125
2684,048497,1.0,5.0,48,497
2685,048393,1.0,5.0,48,393
2686,048217,1.0,5.0,48,217
2687,048249,1.0,5.0,48,249
2688,048145,2.0,5.0,48,145
2689,048309,1.0,5.0,48,309
2690,048285,1.0,5.0,48,285
2691,048097,2.0,5.0,48,97
2692,048333,1.0,5.0,48,333
2693,048147,2.0,5.0,48,147
2694,048031,1.0,5.0,48,31
2695,048081,1.0,5.0,48,81
2696,048427,1.0,5.0,48,427
2697,048253,1.0,5.0,48,253
2698,048247,1.0,5.0,48,247
2699,048437,1.0,5.0,48,437
2700,048251,1.0,5.0,48,251
2701,048281,1.0,5.0,48,281
2702,048101,1.0,5.0,48,101
2703,048317,1.0,5.0,48,317
2704,048425,1.0,5.0,48,425
2705,048447,1.0,5.0,48,447
2706,048493,1.0,5.0,48,493
2707,048177,1.0,5.0,48,177
2708,048355,1.0,5.0,48,355
2709,048331,2.0,5.0,48,331
2710,048261,1.0,5.0,48,261
2711,048273,1.0,5.0,48,273
2712,048271,1.0,5.0,48,271
2713,048469,2.0,5.0,48,469
2714,048287,2.0,5.0,48,287
2715,048181,2.0,5.0,48,181
2716,048359,1.0,5.0,48,359
2717,048169,1.0,5.0,48,169
2718,048227,1.0,5.0,48,227
2719,048239,2.0,5.0,48,239
2720,048375,1.0,5.0,48,375
2721,048027,1.0,5.0,48,27
2722,048143,1.0,5.0,48,143
2723,048377,1.0,5.0,48,377
2724,048219,1.0,5.0,48,219
2725,048015,2.0,5.0,48,15
2726,048255,1.0,5.0,48,255
2727,048033,1.0,5.0,48,33
2728,048057,1.0,5.0,48,57
2729,048505,1.0,5.0,48,505
2730,048087,1.0,5.0,48,87
2731,048215,1.0,5.0,48,215
2732,048121,2.0,5.0,48,121
2733,048477,2.0,5.0,48,477
2734,048483,1.0,5.0,48,483
2735,048501,1.0,5.0,48,501
2736,048153,1.0,5.0,48,153
2737,048113,2.0,5.0,48,113
2738,048301,1.0,5.0,48,301
2739,048061,1.0,5.0,48,61
2740,048165,1.0,5.0,48,165
2741,048129,1.0,5.0,48,129
2742,048321,2.0,5.0,48,321
2743,048211,1.0,4.0,48,211
2744,048481,2.0,5.0,48,481
2745,048293,2.0,5.0,48,293
2746,048381,1.0,5.0,48,381
2747,048357,2.0,5.0,48,357
2748,048409,1.0,5.0,48,409
2749,048341,1.0,5.0,48,341
2750,048305,1.0,5.0,48,305
2751,048079,1.0,5.0,48,79
2752,048233,1.0,5.0,48,233
2753,048445,1.0,5.0,48,445
2754,048379,2.0,5.0,48,379
2755,048141,1.0,5.0,48,141
2756,048279,1.0,5.0,48,279
2757,048007,1.0,1.0,48,7
2758,048115,1.0,5.0,48,115
2759,048111,0.0,0.0,48,111
2760,048189,1.0,5.0,48,189
2761,048017,1.0,5.0,48,17
2762,048117,1.0,5.0,48,117
2763,048303,0.0,0.0,48,303
2764,048369,0.0,0.0,48,369
2765,048065,0.0,0.0,48,65
2766,048195,0.0,0.0,48,195
2767,048205,1.0,5.0,48,205
2768,048295,0.0,0.0,48,295
2769,048069,0.0,0.0,48,69
2770,048421,0.0,0.0,48,421
2771,048167,2.0,3.0,48,167
2772,048397,1.0,4.0,48,397
2773,049049,1.0,5.0,49,49
2774,049019,1.0,5.0,49,19
2775,049017,1.0,5.0,49,17
2776,049021,1.0,5.0,49,21
2777,049027,1.0,5.0,49,27
2778,049001,1.0,5.0,49,1
2779,049007,1.0,5.0,49,7
2780,049025,1.0,5.0,49,25
2781,049053,1.0,5.0,49,53
2782,049031,1.0,5.0,49,31
2783,049013,1.0,5.0,49,13
2784,049045,1.0,5.0,49,45
2785,049037,1.0,5.0,49,37
2786,049005,1.0,5.0,49,5
2787,049043,2.0,3.0,49,43
2788,049039,1.0,5.0,49,39
2789,049003,1.0,5.0,49,3
2790,049015,1.0,5.0,49,15
2791,049011,1.0,5.0,49,11
2792,049041,1.0,5.0,49,41
2793,049047,1.0,5.0,49,47
2794,049055,1.0,5.0,49,55
2795,049009,1.0,5.0,49,9
2796,049051,2.0,3.0,49,51
2797,049035,1.0,5.0,49,35
2798,049057,1.0,5.0,49,57
2799,049033,2.0,2.0,49,33
2800,049023,1.0,5.0,49,23
2801,049029,2.0,5.0,49,29
2802,051036,2.0,2.0,51,36
2803,051143,2.0,2.0,51,143
2804,051093,2.0,2.0,51,93
2805,051175,2.0,2.0,51,175
2806,051053,2.0,2.0,51,53
2807,051125,2.0,3.0,51,125
2808,051109,2.0,3.0,51,109
2809,051133,2.0,3.0,51,133
2810,051117,2.0,2.0,51,117
2811,051111,2.0,3.0,51,111
2812,051007,2.0,2.0,51,7
2813,051147,2.0,2.0,51,147
2814,051083,2.0,3.0,51,83
2815,051031,2.0,3.0,51,31
2816,051181,2.0,2.0,51,181
2817,051149,2.0,2.0,51,149
2818,051029,2.0,3.0,51,29
2819,051019,2.0,3.0,51,19
2820,051079,2.0,4.0,51,79
2821,051033,2.0,2.0,51,33
2822,051183,2.0,2.0,51,183
2823,051005,1.0,3.0,51,5
2824,051177,2.0,2.0,51,177
2825,051057,2.0,2.0,51,57
2826,051135,2.0,2.0,51,135
2827,051089,2.0,2.0,51,89
2828,051011,2.0,3.0,51,11
2829,051085,2.0,2.0,51,85
2830,051049,2.0,2.0,51,49
2831,051037,2.0,2.0,51,37
2832,051025,2.0,2.0,51,25
2833,051127,2.0,2.0,51,127
2834,051800,2.0,3.0,51,800
2835,051009,2.0,3.0,51,9
2836,051103,2.0,2.0,51,103
2837,051081,2.0,2.0,51,81
2838,051001,2.0,2.0,51,1
2839,051041,2.0,2.0,51,41
2840,051145,2.0,2.0,51,145
2841,051097,2.0,3.0,51,97
2842,051119,2.0,2.0,51,119
2843,051193,2.0,2.0,51,193
2844,051067,2.0,3.0,51,67
2845,051073,2.0,2.0,51,73
2846,051075,2.0,2.0,51,75
2847,051101,2.0,2.0,51,101
2848,051159,2.0,3.0,51,159
2849,051171,2.0,3.0,51,171
2850,051027,2.0,3.0,51,27
2851,051065,2.0,3.0,51,65
2852,051003,2.0,3.0,51,3
2853,051023,2.0,3.0,51,23
2854,051069,2.0,3.0,51,69
2855,051087,2.0,3.0,51,87
2856,051063,2.0,3.0,51,63
2857,051091,2.0,3.0,51,91
2858,051113,2.0,3.0,51,113
2859,051137,2.0,3.0,51,137
2860,051131,2.0,2.0,51,131
2861,051173,2.0,3.0,51,173
2862,051169,2.0,3.0,51,169
2863,051061,2.0,3.0,51,61
2864,051550,2.0,2.0,51,550
2865,051045,1.0,3.0,51,45
2866,051187,2.0,2.0,51,187
2867,051077,2.0,3.0,51,77
2868,051163,2.0,3.0,51,163
2869,051095,2.0,3.0,51,95
2870,051165,2.0,3.0,51,165
2871,051810,2.0,2.0,51,810
2872,051017,1.0,3.0,51,17
2873,051195,2.0,3.0,51,195
2874,051121,2.0,3.0,51,121
2875,051105,2.0,3.0,51,105
2876,051197,1.0,2.0,51,197
2877,051021,1.0,3.0,51,21
2878,051015,2.0,3.0,51,15
2879,051179,2.0,3.0,51,179
2880,051185,2.0,3.0,51,185
2881,051047,2.0,3.0,51,47
2882,051191,2.0,3.0,51,191
2883,051115,2.0,2.0,51,115
2884,051157,2.0,3.0,51,157
2885,051035,2.0,3.0,51,35
2886,051141,2.0,3.0,51,141
2887,051199,2.0,2.0,51,199
2888,051155,2.0,3.0,51,155
2889,051071,1.0,3.0,51,71
2890,051051,2.0,3.0,51,51
2891,051153,2.0,2.0,51,153
2892,051167,2.0,3.0,51,167
2893,051139,2.0,3.0,51,139
2894,051107,2.0,3.0,51,107
2895,051043,2.0,2.0,51,43
2896,051161,2.0,3.0,51,161
2897,051099,2.0,3.0,51,99
2898,051059,2.0,2.0,51,59
2899,051650,2.0,1.0,51,650
2900,051700,2.0,3.0,51,700
2901,051013,0.0,0.0,51,13
2902,053033,2.0,2.0,53,33
2903,053031,2.0,2.0,53,31
2904,053015,2.0,2.0,53,15
2905,053047,2.0,3.0,53,47
2906,053065,2.0,4.0,53,65
2907,053041,2.0,2.0,53,41
2908,053035,2.0,2.0,53,35
2909,053023,2.0,4.0,53,23
2910,053051,2.0,3.0,53,51
2911,053019,2.0,3.0,53,19
2912,053075,2.0,4.0,53,75
2913,053007,2.0,3.0,53,7
2914,053077,2.0,3.0,53,77
2915,053057,2.0,2.0,53,57
2916,053039,2.0,3.0,53,39
2917,053049,2.0,2.0,53,49
2918,053059,2.0,2.0,53,59
2919,053027,2.0,2.0,53,27
2920,053037,2.0,3.0,53,37
2921,053073,2.0,2.0,53,73
2922,053053,2.0,2.0,53,53
2923,053063,2.0,3.0,53,63
2924,053061,2.0,2.0,53,61
2925,053045,2.0,3.0,53,45
2926,053067,2.0,2.0,53,67
2927,053069,2.0,2.0,53,69
2928,053013,2.0,4.0,53,13
2929,053009,2.0,2.0,53,9
2930,053011,2.0,2.0,53,11
2931,053029,2.0,3.0,53,29
2932,053055,2.0,2.0,53,55
2933,053003,2.0,3.0,53,3
2934,053043,1.0,4.0,53,43
2935,053071,2.0,3.0,53,71
2936,053017,1.0,5.0,53,17
2937,053025,0.0,0.0,53,25
2938,053001,0.0,0.0,53,1
2939,053021,0.0,0.0,53,21
2940,053005,0.0,0.0,53,5
2941,054081,2.0,2.0,54,81
2942,054067,2.0,2.0,54,67
2943,054015,2.0,2.0,54,15
2944,054055,2.0,2.0,54,55
2945,054099,2.0,2.0,54,99
2946,054089,2.0,2.0,54,89
2947,054075,2.0,2.0,54,75
2948,054109,2.0,3.0,54,109
2949,054043,2.0,3.0,54,43
2950,054087,2.0,3.0,54,87
2951,054013,2.0,3.0,54,13
2952,054019,2.0,3.0,54,19
2953,054001,2.0,2.0,54,1
2954,054071,2.0,2.0,54,71
2955,054083,2.0,2.0,54,83
2956,054063,2.0,2.0,54,63
2957,054005,2.0,2.0,54,5
2958,054047,2.0,3.0,54,47
2959,054095,2.0,3.0,54,95
2960,054025,2.0,2.0,54,25
2961,054077,2.0,3.0,54,77
2962,054097,2.0,2.0,54,97
2963,054035,2.0,3.0,54,35
2964,054057,2.0,3.0,54,57
2965,054093,2.0,2.0,54,93
2966,054023,2.0,2.0,54,23
2967,054079,2.0,2.0,54,79
2968,054039,2.0,3.0,54,39
2969,054031,2.0,2.0,54,31
2970,054011,2.0,3.0,54,11
2971,054041,2.0,3.0,54,41
2972,054045,2.0,3.0,54,45
2973,054107,2.0,2.0,54,107
2974,054053,2.0,3.0,54,53
2975,054085,2.0,3.0,54,85
2976,054051,2.0,3.0,54,51
2977,054007,2.0,2.0,54,7
2978,054027,2.0,3.0,54,27
2979,054059,2.0,3.0,54,59
2980,054101,2.0,2.0,54,101
2981,054091,2.0,3.0,54,91
2982,054017,2.0,2.0,54,17
2983,054021,2.0,3.0,54,21
2984,054003,2.0,3.0,54,3
2985,054061,2.0,3.0,54,61
2986,054049,2.0,3.0,54,49
2987,054103,2.0,3.0,54,103
2988,054033,2.0,3.0,54,33
2989,054073,2.0,3.0,54,73
2990,054105,2.0,2.0,54,105
2991,054065,2.0,2.0,54,65
2992,054029,2.0,4.0,54,29
2993,054069,2.0,3.0,54,69
2994,054009,2.0,3.0,54,9
2995,054037,2.0,4.0,54,37
2996,055015,2.0,3.0,55,15
2997,055073,2.0,2.0,55,73
2998,055115,2.0,2.0,55,115
2999,055069,2.0,3.0,55,69
3000,055103,2.0,3.0,55,103
3001,055041,2.0,2.0,55,41
3002,055039,2.0,2.0,55,39
3003,055007,2.0,2.0,55,7
3004,055051,2.0,2.0,55,51
3005,055099,2.0,3.0,55,99
3006,055005,2.0,3.0,55,5
3007,055013,2.0,2.0,55,13
3008,055113,2.0,2.0,55,113
3009,055101,2.0,3.0,55,101
3010,055049,2.0,4.0,55,49
3011,055085,2.0,2.0,55,85
3012,055019,2.0,2.0,55,19
3013,055031,2.0,3.0,55,31
3014,055081,2.0,3.0,55,81
3015,055111,2.0,3.0,55,111
3016,055011,2.0,3.0,55,11
3017,055033,2.0,3.0,55,33
3018,055107,2.0,3.0,55,107
3019,055053,2.0,3.0,55,53
3020,055003,2.0,2.0,55,3
3021,055093,2.0,3.0,55,93
3022,055125,2.0,2.0,55,125
3023,055071,2.0,2.0,55,71
3024,055025,2.0,4.0,55,25
3025,055035,2.0,3.0,55,35
3026,055141,2.0,2.0,55,141
3027,055075,2.0,2.0,55,75
3028,055077,2.0,3.0,55,77
3029,055083,2.0,2.0,55,83
3030,055137,2.0,3.0,55,137
3031,055067,2.0,2.0,55,67
3032,055135,2.0,2.0,55,135
3033,055017,2.0,3.0,55,17
3034,055117,2.0,2.0,55,117
3035,055133,2.0,2.0,55,133
3036,055119,2.0,3.0,55,119
3037,055123,2.0,3.0,55,123
3038,055097,2.0,3.0,55,97
3039,055078,2.0,2.0,55,78
3040,055065,2.0,4.0,55,65
3041,055121,2.0,3.0,55,121
3042,055129,2.0,2.0,55,129
3043,055043,2.0,3.0,55,43
3044,055029,2.0,2.0,55,29
3045,055001,2.0,3.0,55,1
3046,055063,2.0,3.0,55,63
3047,055047,2.0,4.0,55,47
3048,055057,2.0,3.0,55,57
3049,055045,2.0,3.0,55,45
3050,055027,2.0,3.0,55,27
3051,055095,2.0,3.0,55,95
3052,055109,2.0,2.0,55,109
3053,055091,2.0,3.0,55,91
3054,055023,2.0,3.0,55,23
3055,055037,2.0,2.0,55,37
3056,055139,2.0,3.0,55,139
3057,055105,2.0,3.0,55,105
3058,055055,2.0,4.0,55,55
3059,055087,2.0,2.0,55,87
3060,055009,2.0,2.0,55,9
3061,055127,2.0,3.0,55,127
3062,055089,2.0,3.0,55,89
3063,055131,2.0,3.0,55,131
3064,055079,2.0,3.0,55,79
3065,055021,2.0,3.0,55,21
3066,055059,2.0,3.0,55,59
3067,055061,2.0,2.0,55,61
3068,056007,2.0,2.0,56,7
3069,056037,1.0,5.0,56,37
3070,056035,2.0,3.0,56,35
3071,056029,2.0,4.0,56,29
3072,056001,2.0,4.0,56,1
3073,056039,2.0,3.0,56,39
3074,056019,2.0,4.0,56,19
3075,056013,2.0,4.0,56,13
3076,056041,1.0,5.0,56,41
3077,056033,2.0,3.0,56,33
3078,056009,2.0,4.0,56,9
3079,056025,1.0,5.0,56,25
3080,056023,1.0,3.0,56,23
3081,056011,2.0,3.0,56,11
3082,056003,2.0,5.0,56,3
3083,056045,2.0,4.0,56,45
3084,056027,1.0,5.0,56,27
3085,056021,1.0,5.0,56,21
3086,056043,1.0,5.0,56,43
3087,056017,1.0,5.0,56,17
3088,056005,1.0,5.0,56,5
3089,056031,1.0,5.0,56,31
3090,056015,1.0,5.0,56,15
