,plot_sequence_number,plot_state_code,plot_county_code,measurement_year,latitude,longitude,tree_sequence_number,species_code,current_diameter
0,66428203010538,39,95,2005,41.69087600708008,-83.326416015625,,,
1,251630403489998,39,95,2015,41.69087600708008,-83.326416015625,,,
2,375549485489998,39,95,2018,41.69188690185547,-83.44696044921875,,,
3,19143094010661,39,95,1991,41.61116027832031,-83.80549621582031,19143105010661.0,830.0,5.400000095367432
4,19143239010661,39,95,1991,41.50004959106445,-83.86105346679688,19143271010661.0,762.0,10.0
5,109828871010661,39,95,2008,41.71050262451172,-83.7154541015625,212662666010661.0,762.0,10.199999809265137
6,144954463010661,39,95,2009,41.55684280395508,-83.72679901123047,225010532010661.0,972.0,2.299999952316284
7,171867622020004,39,95,2014,41.52568435668945,-83.8596420288086,334950230489998.0,762.0,10.100000381469727
8,251630357489998,39,95,2016,41.664241790771484,-83.64910125732422,381536480489998.0,317.0,9.5
9,463048795489998,39,95,2018,41.66604232788086,-83.7697982788086,657547073126144.0,931.0,6.599999904632568
10,19143130010661,39,95,1991,41.69449996948242,-83.77771759033203,19143186010661.0,500.0,2.299999952316284
11,59842363010538,39,95,2003,41.52568435668945,-83.8596420288086,66328660010538.0,931.0,8.100000381469727
12,144954467010661,39,95,2009,41.52568435668945,-83.8596420288086,225010457010661.0,762.0,
13,222443639010661,39,95,2012,41.71015167236328,-83.7816390991211,31287494020004.0,407.0,7.800000190734863
14,375549635489998,39,95,2017,41.71015167236328,-83.7816390991211,530826926126144.0,951.0,
15,463048795489998,39,95,2018,41.66604232788086,-83.7697982788086,657547070126144.0,316.0,8.5
16,66412365010538,39,95,2005,41.664241790771484,-83.64910125732422,66412415010538.0,541.0,8.199999809265137
17,19143233010661,39,95,1991,41.694488525390625,-83.58326721191406,,,
18,171867446020004,39,95,2015,41.55684280395508,-83.72679901123047,334949109489998.0,972.0,9.0
19,222443639010661,39,95,2012,41.71015167236328,-83.7816390991211,31287509020004.0,407.0,8.800000190734863
20,19143239010661,39,95,1991,41.50004959106445,-83.86105346679688,19143244010661.0,125.0,9.600000381469727
21,19143337010661,39,95,1991,41.638938903808594,-83.86105346679688,19143340010661.0,500.0,2.0999999046325684
22,76390328010538,39,95,2008,41.66604232788086,-83.7697982788086,167746338010661.0,316.0,6.400000095367432
23,463048795489998,39,95,2018,41.66604232788086,-83.7697982788086,657547063126144.0,316.0,1.600000023841858
24,19143130010661,39,95,1991,41.69449996948242,-83.77771759033203,19143157010661.0,951.0,12.100000381469727
25,19143094010661,39,95,1991,41.61116027832031,-83.80549621582031,19143104010661.0,830.0,5.599999904632568
26,19143064010661,39,95,1991,41.58338165283203,-83.80549621582031,19143086010661.0,762.0,1.2000000476837158
27,59842363010538,39,95,2003,41.52568435668945,-83.8596420288086,66328620010538.0,316.0,1.100000023841858
28,76390328010538,39,95,2008,41.66604232788086,-83.7697982788086,167746324010661.0,316.0,9.0
29,171867622020004,39,95,2014,41.52568435668945,-83.8596420288086,334950209489998.0,125.0,8.600000381469727
30,222443683010661,39,95,2012,41.46684265136719,-83.75054931640625,31287548020004.0,742.0,32.099998474121094
31,59842363010538,39,95,2003,41.52568435668945,-83.8596420288086,66328624010538.0,762.0,5.599999904632568
32,144954463010661,39,95,2009,41.55684280395508,-83.72679901123047,225010542010661.0,972.0,
33,222443639010661,39,95,2012,41.71015167236328,-83.7816390991211,31287506020004.0,951.0,8.600000381469727
34,144954467010661,39,95,2009,41.52568435668945,-83.8596420288086,225010422010661.0,125.0,11.899999618530273
35,171867446020004,39,95,2015,41.55684280395508,-83.72679901123047,334949113489998.0,972.0,6.099999904632568
36,19143130010661,39,95,1991,41.69449996948242,-83.77771759033203,19143166010661.0,951.0,8.0
37,76390328010538,39,95,2008,41.66604232788086,-83.7697982788086,167746326010661.0,316.0,5.5
38,171867622020004,39,95,2014,41.52568435668945,-83.8596420288086,334950237489998.0,762.0,17.100000381469727
39,171867446020004,39,95,2015,41.55684280395508,-83.72679901123047,334949114489998.0,951.0,7.199999809265137
40,19143337010661,39,95,1991,41.638938903808594,-83.86105346679688,19143344010661.0,901.0,1.0
41,72784931010538,39,95,2007,41.46684265136719,-83.75054931640625,73979526010538.0,541.0,7.800000190734863
42,109828871010661,39,95,2008,41.71050262451172,-83.7154541015625,212662672010661.0,462.0,
43,144954463010661,39,95,2009,41.55684280395508,-83.72679901123047,225010548010661.0,462.0,6.699999809265137
44,171867622020004,39,95,2014,41.52568435668945,-83.8596420288086,334950211489998.0,125.0,10.0
45,463048795489998,39,95,2018,41.66604232788086,-83.7697982788086,657547051126144.0,316.0,7.400000095367432
46,306266272489998,39,95,2016,41.51013946533203,-83.76417541503906,,,
47,19143217010661,39,95,1991,41.61116027832031,-83.4166030883789,,,
48,222443639010661,39,95,2012,41.71015167236328,-83.7816390991211,31287507020004.0,407.0,9.800000190734863
49,222443639010661,39,95,2012,41.71015167236328,-83.7816390991211,31287510020004.0,823.0,22.600000381469727
50,59842363010538,39,95,2003,41.52568435668945,-83.8596420288086,66328612010538.0,125.0,11.699999809265137
51,76390328010538,39,95,2008,41.66604232788086,-83.7697982788086,167746339010661.0,316.0,5.900000095367432
52,19143239010661,39,95,1991,41.50004959106445,-83.86105346679688,19143258010661.0,129.0,13.0
53,144954461010661,39,95,2009,41.62651062011719,-83.72943878173828,,,
54,19143319010661,39,95,1991,41.50004959106445,-83.80549621582031,,,
55,144954467010661,39,95,2009,41.52568435668945,-83.8596420288086,225010411010661.0,125.0,10.899999618530273
56,463048795489998,39,95,2018,41.66604232788086,-83.7697982788086,657547082126144.0,746.0,
57,59842363010538,39,95,2003,41.52568435668945,-83.8596420288086,66328600010538.0,125.0,11.5
58,19143094010661,39,95,1991,41.61116027832031,-83.80549621582031,19143096010661.0,830.0,17.700000762939453
59,19143197010661,39,95,1991,41.61116027832031,-83.80549621582031,19143201010661.0,830.0,1.5
60,463048795489998,39,95,2018,41.66604232788086,-83.7697982788086,657547067126144.0,830.0,11.199999809265137
61,463048795489998,39,95,2018,41.66604232788086,-83.7697982788086,657547083126144.0,931.0,7.400000095367432
62,19143239010661,39,95,1991,41.50004959106445,-83.86105346679688,19143285010661.0,125.0,12.800000190734863
63,19143227010661,39,95,1991,41.66672134399414,-83.58326721191406,,,
64,76390324010538,39,95,2007,41.429264068603516,-83.87522888183594,,,
65,19143064010661,39,95,1991,41.58338165283203,-83.80549621582031,19143081010661.0,830.0,1.2000000476837158
66,19143239010661,39,95,1991,41.50004959106445,-83.86105346679688,19143242010661.0,125.0,10.300000190734863
67,59881308010538,39,95,2005,41.646278381347656,-83.5476303100586,,,
68,19143293010661,39,95,1991,41.638938903808594,-83.77771759033203,19143300010661.0,830.0,21.200000762939453
69,19143197010661,39,95,1991,41.61116027832031,-83.80549621582031,19143212010661.0,830.0,2.5999999046325684
70,72784668010538,39,95,2007,41.71015167236328,-83.7816390991211,73979339010538.0,407.0,9.600000381469727
71,72784668010538,39,95,2007,41.71015167236328,-83.7816390991211,73979351010538.0,407.0,9.399999618530273
72,72784668010538,39,95,2007,41.71015167236328,-83.7816390991211,73979353010538.0,543.0,11.399999618530273
73,144954467010661,39,95,2009,41.52568435668945,-83.8596420288086,225010409010661.0,125.0,10.600000381469727
74,171867622020004,39,95,2014,41.52568435668945,-83.8596420288086,334950205489998.0,316.0,
75,251630357489998,39,95,2016,41.664241790771484,-83.64910125732422,381536490489998.0,552.0,21.799999237060547
76,306266136489998,39,95,2016,41.6634635925293,-83.82260131835938,,,
77,16232387020004,39,95,2014,41.71050262451172,-83.7154541015625,271061139489998.0,313.0,11.199999809265137
78,72784668010538,39,95,2007,41.71015167236328,-83.7816390991211,73979347010538.0,951.0,5.5
79,168996447010661,39,95,2010,41.664241790771484,-83.64910125732422,247577292010661.0,602.0,26.799999237060547
80,463048795489998,39,95,2018,41.66604232788086,-83.7697982788086,657547068126144.0,830.0,12.699999809265137
81,72784668010538,39,95,2007,41.71015167236328,-83.7816390991211,73979317010538.0,541.0,16.0
82,72784668010538,39,95,2007,41.71015167236328,-83.7816390991211,73979357010538.0,804.0,21.399999618530273
83,76390328010538,39,95,2008,41.66604232788086,-83.7697982788086,167746327010661.0,316.0,5.300000190734863
84,171867622020004,39,95,2014,41.52568435668945,-83.8596420288086,334950234489998.0,806.0,20.200000762939453
85,19143337010661,39,95,1991,41.638938903808594,-83.86105346679688,19143373010661.0,951.0,1.7000000476837158
86,171867622020004,39,95,2014,41.52568435668945,-83.8596420288086,334950195489998.0,762.0,
87,171867622020004,39,95,2014,41.52568435668945,-83.8596420288086,334950218489998.0,125.0,12.300000190734863
88,144954457010661,39,95,2009,41.710994720458984,-83.68370056152344,,,
89,19143235010661,39,95,1991,41.694488525390625,-83.72216033935547,,,
90,19143337010661,39,95,1991,41.638938903808594,-83.86105346679688,19143375010661.0,951.0,1.5
91,66412365010538,39,95,2005,41.664241790771484,-83.64910125732422,66412403010538.0,317.0,17.299999237060547
92,76390328010538,39,95,2008,41.66604232788086,-83.7697982788086,167746335010661.0,830.0,9.5
93,375549627489998,39,95,2017,41.46684265136719,-83.75054931640625,531144912126144.0,541.0,
94,171867622020004,39,95,2014,41.52568435668945,-83.8596420288086,334950212489998.0,125.0,11.899999618530273
95,19143293010661,39,95,1991,41.638938903808594,-83.77771759033203,19143301010661.0,802.0,19.5
96,19143239010661,39,95,1991,41.50004959106445,-83.86105346679688,19143267010661.0,125.0,9.899999618530273
97,222443711010661,39,95,2011,41.70099639892578,-83.58992004394531,,,
98,59794582010538,39,95,2001,41.627376556396484,-83.6509780883789,,,
99,222443639010661,39,95,2012,41.71015167236328,-83.7816390991211,31287493020004.0,407.0,1.399999976158142
100,144954463010661,39,95,2009,41.55684280395508,-83.72679901123047,225010546010661.0,972.0,9.300000190734863
101,168996447010661,39,95,2010,41.664241790771484,-83.64910125732422,247577317010661.0,331.0,5.400000095367432
102,168996023010661,39,95,2010,41.68675231933594,-83.52672576904297,,,
103,19143197010661,39,95,1991,41.61116027832031,-83.80549621582031,19143206010661.0,972.0,2.200000047683716
104,72784668010538,39,95,2007,41.71015167236328,-83.7816390991211,73979335010538.0,407.0,15.199999809265137
105,247063371010661,39,95,2013,41.66604232788086,-83.7697982788086,211866799020004.0,316.0,5.0
106,72784850010538,39,95,2007,41.63914489746094,-83.82136535644531,,,
107,171867622020004,39,95,2014,41.52568435668945,-83.8596420288086,334950188489998.0,125.0,10.699999809265137
108,222443683010661,39,95,2012,41.46684265136719,-83.75054931640625,31287543020004.0,975.0,7.199999809265137
109,463048795489998,39,95,2018,41.66604232788086,-83.7697982788086,657547081126144.0,762.0,8.699999809265137
110,171867622020004,39,95,2014,41.52568435668945,-83.8596420288086,334950216489998.0,125.0,11.100000381469727
111,19143239010661,39,95,1991,41.50004959106445,-83.86105346679688,19143256010661.0,125.0,13.199999809265137
112,72784802010538,39,95,2007,41.54207992553711,-83.87144470214844,,,
113,59842512010538,39,95,2004,41.71050262451172,-83.7154541015625,66328695010538.0,762.0,15.199999809265137
114,66412365010538,39,95,2005,41.664241790771484,-83.64910125732422,66412431010538.0,462.0,9.199999809265137
115,72784668010538,39,95,2007,41.71015167236328,-83.7816390991211,73979329010538.0,701.0,5.099999904632568
116,171867622020004,39,95,2014,41.52568435668945,-83.8596420288086,334950206489998.0,125.0,6.400000095367432
117,19143094010661,39,95,1991,41.61116027832031,-83.80549621582031,19143120010661.0,762.0,1.5
118,76390328010538,39,95,2008,41.66604232788086,-83.7697982788086,167746347010661.0,491.0,5.300000190734863
119,168996447010661,39,95,2010,41.664241790771484,-83.64910125732422,247577304010661.0,317.0,9.300000190734863
120,171867622020004,39,95,2014,41.52568435668945,-83.8596420288086,334950229489998.0,316.0,16.399999618530273
121,171867622020004,39,95,2014,41.52568435668945,-83.8596420288086,334950233489998.0,931.0,8.899999618530273
122,251630357489998,39,95,2016,41.664241790771484,-83.64910125732422,381536494489998.0,331.0,6.199999809265137
123,463048795489998,39,95,2018,41.66604232788086,-83.7697982788086,657547057126144.0,316.0,7.5
124,19143400010661,39,95,1991,41.573448181152344,-83.7459716796875,,,
125,19143130010661,39,95,1991,41.69449996948242,-83.77771759033203,19143164010661.0,972.0,7.300000190734863
126,72784668010538,39,95,2007,41.71015167236328,-83.7816390991211,73979313010538.0,804.0,15.600000381469727
127,463048795489998,39,95,2018,41.66604232788086,-83.7697982788086,657547054126144.0,316.0,5.599999904632568
128,144954467010661,39,95,2009,41.52568435668945,-83.8596420288086,225010421010661.0,125.0,10.5
129,19143094010661,39,95,1991,41.61116027832031,-83.80549621582031,19143114010661.0,356.0,1.5
130,19143337010661,39,95,1991,41.638938903808594,-83.86105346679688,19143364010661.0,972.0,1.0
131,72784668010538,39,95,2007,41.71015167236328,-83.7816390991211,73979337010538.0,409.0,14.399999618530273
132,144954467010661,39,95,2009,41.52568435668945,-83.8596420288086,225010447010661.0,762.0,7.699999809265137
133,247063371010661,39,95,2013,41.66604232788086,-83.7697982788086,211866823020004.0,681.0,5.400000095367432
134,59842363010538,39,95,2003,41.52568435668945,-83.8596420288086,66328572010538.0,125.0,9.699999809265137
135,16232387020004,39,95,2014,41.71050262451172,-83.7154541015625,271061126489998.0,762.0,22.200000762939453
136,59842363010538,39,95,2003,41.52568435668945,-83.8596420288086,66328554010538.0,125.0,9.600000381469727
137,76390328010538,39,95,2008,41.66604232788086,-83.7697982788086,167746332010661.0,316.0,5.400000095367432
138,144954463010661,39,95,2009,41.55684280395508,-83.72679901123047,225010538010661.0,972.0,6.800000190734863
139,222443639010661,39,95,2012,41.71015167236328,-83.7816390991211,31287504020004.0,823.0,13.899999618530273
140,251630357489998,39,95,2016,41.664241790771484,-83.64910125732422,381536491489998.0,331.0,
141,375549627489998,39,95,2017,41.46684265136719,-83.75054931640625,531144907126144.0,462.0,8.800000190734863
142,144954467010661,39,95,2009,41.52568435668945,-83.8596420288086,225010414010661.0,125.0,
143,16232585020004,39,95,2013,41.70487594604492,-83.87748718261719,,,
144,109828867010661,39,95,2008,41.62090301513672,-83.58657836914062,,,
145,59842512010538,39,95,2004,41.71050262451172,-83.7154541015625,66328721010538.0,316.0,14.399999618530273
146,76390328010538,39,95,2008,41.66604232788086,-83.7697982788086,167746330010661.0,316.0,2.5
147,171867446020004,39,95,2015,41.55684280395508,-83.72679901123047,334949125489998.0,972.0,9.899999618530273
148,375549635489998,39,95,2017,41.71015167236328,-83.7816390991211,530826939126144.0,407.0,
149,19143064010661,39,95,1991,41.58338165283203,-83.80549621582031,19143070010661.0,830.0,17.200000762939453
150,168996101010661,39,95,2010,41.59578323364258,-83.68193817138672,,,
151,19143221010661,39,95,1991,41.638938903808594,-83.58326721191406,,,
152,19121787010661,39,95,1991,41.58338165283203,-83.88883209228516,,,
153,19143094010661,39,95,1991,41.61116027832031,-83.80549621582031,19143100010661.0,762.0,5.699999809265137
154,168996447010661,39,95,2010,41.664241790771484,-83.64910125732422,247577310010661.0,552.0,23.600000381469727
155,171867622020004,39,95,2014,41.52568435668945,-83.8596420288086,334950190489998.0,125.0,10.899999618530273
156,144954467010661,39,95,2009,41.52568435668945,-83.8596420288086,225010438010661.0,125.0,11.100000381469727
157,19143130010661,39,95,1991,41.69449996948242,-83.77771759033203,19143156010661.0,541.0,16.5
158,19143239010661,39,95,1991,41.50004959106445,-83.86105346679688,19143266010661.0,125.0,11.0
159,19143402010661,39,95,1991,41.573448181152344,-83.7459716796875,,,
160,171867446020004,39,95,2015,41.55684280395508,-83.72679901123047,334949107489998.0,830.0,14.5
161,222443683010661,39,95,2012,41.46684265136719,-83.75054931640625,31287545020004.0,313.0,8.0
162,463048795489998,39,95,2018,41.66604232788086,-83.7697982788086,657547061126144.0,316.0,6.400000095367432
163,72784668010538,39,95,2007,41.71015167236328,-83.7816390991211,73979307010538.0,951.0,6.900000095367432
164,168996447010661,39,95,2010,41.664241790771484,-83.64910125732422,247577314010661.0,681.0,3.5999999046325684
165,66428217010538,39,95,2005,41.60627746582031,-83.88066864013672,,,
166,59794548010538,39,95,2002,41.58158493041992,-83.6323013305664,,,
167,66412365010538,39,95,2005,41.664241790771484,-83.64910125732422,66412427010538.0,552.0,20.0
168,144954467010661,39,95,2009,41.52568435668945,-83.8596420288086,225010458010661.0,931.0,8.399999618530273
169,171867622020004,39,95,2014,41.52568435668945,-83.8596420288086,334950225489998.0,762.0,8.300000190734863
170,247063371010661,39,95,2013,41.66604232788086,-83.7697982788086,211866819020004.0,762.0,17.5
171,375549635489998,39,95,2017,41.71015167236328,-83.7816390991211,530826944126144.0,407.0,
172,463048795489998,39,95,2018,41.66604232788086,-83.7697982788086,657547080126144.0,931.0,10.899999618530273
173,19143239010661,39,95,1991,41.50004959106445,-83.86105346679688,19143250010661.0,125.0,11.899999618530273
174,19143064010661,39,95,1991,41.58338165283203,-83.80549621582031,19143072010661.0,830.0,8.0
175,19143064010661,39,95,1991,41.58338165283203,-83.80549621582031,19143091010661.0,316.0,4.300000190734863
176,16232387020004,39,95,2014,41.71050262451172,-83.7154541015625,271061142489998.0,491.0,
177,66412365010538,39,95,2005,41.664241790771484,-83.64910125732422,66412407010538.0,317.0,18.5
178,19143239010661,39,95,1991,41.50004959106445,-83.86105346679688,19143248010661.0,129.0,17.0
179,66412365010538,39,95,2005,41.664241790771484,-83.64910125732422,66412421010538.0,331.0,5.599999904632568
180,375549635489998,39,95,2017,41.71015167236328,-83.7816390991211,530826946126144.0,823.0,
181,19143239010661,39,95,1991,41.50004959106445,-83.86105346679688,19143287010661.0,125.0,11.600000381469727
182,59842512010538,39,95,2004,41.71050262451172,-83.7154541015625,66328703010538.0,975.0,10.399999618530273
183,19143094010661,39,95,1991,41.61116027832031,-83.80549621582031,19143098010661.0,762.0,9.699999809265137
184,19143239010661,39,95,1991,41.50004959106445,-83.86105346679688,19143263010661.0,125.0,8.600000381469727
185,16232387020004,39,95,2014,41.71050262451172,-83.7154541015625,271061127489998.0,762.0,9.800000190734863
186,109828871010661,39,95,2008,41.71050262451172,-83.7154541015625,212662669010661.0,316.0,15.0
187,168996447010661,39,95,2010,41.664241790771484,-83.64910125732422,247577291010661.0,731.0,31.899999618530273
188,168996447010661,39,95,2010,41.664241790771484,-83.64910125732422,247577311010661.0,552.0,23.299999237060547
189,251630357489998,39,95,2016,41.664241790771484,-83.64910125732422,381536469489998.0,331.0,7.5
190,171867445020004,39,95,2015,41.62651062011719,-83.72943878173828,,,
191,19143337010661,39,95,1991,41.638938903808594,-83.86105346679688,19143392010661.0,951.0,1.7000000476837158
192,247063371010661,39,95,2013,41.66604232788086,-83.7697982788086,211866814020004.0,762.0,7.5
193,375549635489998,39,95,2017,41.71015167236328,-83.7816390991211,530826938126144.0,833.0,
194,19143094010661,39,95,1991,41.61116027832031,-83.80549621582031,19143115010661.0,356.0,1.0
195,168996447010661,39,95,2010,41.664241790771484,-83.64910125732422,247577302010661.0,317.0,19.700000762939453
196,251630357489998,39,95,2016,41.664241790771484,-83.64910125732422,381536470489998.0,331.0,10.800000190734863
197,463048795489998,39,95,2018,41.66604232788086,-83.7697982788086,657547064126144.0,316.0,8.800000190734863
198,19143239010661,39,95,1991,41.50004959106445,-83.86105346679688,19143278010661.0,129.0,10.5
199,66428245010538,39,95,2005,41.51013946533203,-83.76417541503906,,,
200,19143094010661,39,95,1991,41.61116027832031,-83.80549621582031,19143123010661.0,972.0,1.2000000476837158
201,59842512010538,39,95,2004,41.71050262451172,-83.7154541015625,66328705010538.0,681.0,5.099999904632568
202,109828871010661,39,95,2008,41.71050262451172,-83.7154541015625,212662661010661.0,975.0,11.199999809265137
203,171867622020004,39,95,2014,41.52568435668945,-83.8596420288086,334950185489998.0,316.0,2.299999952316284
204,463048795489998,39,95,2018,41.66604232788086,-83.7697982788086,657547052126144.0,316.0,11.899999618530273
205,463048795489998,39,95,2018,41.66604232788086,-83.7697982788086,657547077126144.0,931.0,8.600000381469727
206,59842363010538,39,95,2003,41.52568435668945,-83.8596420288086,66328568010538.0,125.0,11.699999809265137
207,222443639010661,39,95,2012,41.71015167236328,-83.7816390991211,31287490020004.0,951.0,9.300000190734863
208,375549635489998,39,95,2017,41.71015167236328,-83.7816390991211,530826928126144.0,951.0,
209,109828871010661,39,95,2008,41.71050262451172,-83.7154541015625,212662665010661.0,972.0,7.5
210,171867622020004,39,95,2014,41.52568435668945,-83.8596420288086,334950223489998.0,931.0,7.400000095367432
211,222443639010661,39,95,2012,41.71015167236328,-83.7816390991211,31287488020004.0,951.0,9.100000381469727
212,19143130010661,39,95,1991,41.69449996948242,-83.77771759033203,19143185010661.0,951.0,3.799999952316284
213,76390328010538,39,95,2008,41.66604232788086,-83.7697982788086,167746344010661.0,931.0,6.900000095367432
214,171867446020004,39,95,2015,41.55684280395508,-83.72679901123047,334949118489998.0,313.0,5.199999809265137
215,171867446020004,39,95,2015,41.55684280395508,-83.72679901123047,334949123489998.0,972.0,12.899999618530273
216,247063371010661,39,95,2013,41.66604232788086,-83.7697982788086,211866817020004.0,746.0,5.400000095367432
217,251630357489998,39,95,2016,41.664241790771484,-83.64910125732422,381536477489998.0,317.0,22.600000381469727
218,171867339020004,39,95,2015,41.72190856933594,-83.49873352050781,,,
219,19143337010661,39,95,1991,41.638938903808594,-83.86105346679688,19143348010661.0,901.0,1.0
220,144954463010661,39,95,2009,41.55684280395508,-83.72679901123047,225010534010661.0,972.0,7.0
221,144954467010661,39,95,2009,41.52568435668945,-83.8596420288086,225010452010661.0,762.0,9.600000381469727
222,222443639010661,39,95,2012,41.71015167236328,-83.7816390991211,31287498020004.0,407.0,15.5
223,247063371010661,39,95,2013,41.66604232788086,-83.7697982788086,211866798020004.0,830.0,5.5
224,19143239010661,39,95,1991,41.50004959106445,-83.86105346679688,19143286010661.0,125.0,12.199999809265137
225,19143064010661,39,95,1991,41.58338165283203,-83.80549621582031,19143077010661.0,316.0,5.0
226,19143094010661,39,95,1991,41.61116027832031,-83.80549621582031,19143106010661.0,830.0,5.300000190734863
227,59842363010538,39,95,2003,41.52568435668945,-83.8596420288086,66328646010538.0,746.0,7.0
228,251630357489998,39,95,2016,41.664241790771484,-83.64910125732422,381536484489998.0,317.0,6.599999904632568
229,19143064010661,39,95,1991,41.58338165283203,-83.80549621582031,19143076010661.0,316.0,5.099999904632568
230,59881322010538,39,95,2005,41.55684280395508,-83.72679901123047,66361439010538.0,830.0,7.800000190734863
231,76390328010538,39,95,2008,41.66604232788086,-83.7697982788086,167746329010661.0,316.0,5.0
232,144954463010661,39,95,2009,41.55684280395508,-83.72679901123047,225010537010661.0,544.0,14.699999809265137
233,168996447010661,39,95,2010,41.664241790771484,-83.64910125732422,247577309010661.0,331.0,6.300000190734863
234,375549635489998,39,95,2017,41.71015167236328,-83.7816390991211,530826921126144.0,951.0,
235,144954463010661,39,95,2009,41.55684280395508,-83.72679901123047,225010543010661.0,972.0,5.5
236,247063371010661,39,95,2013,41.66604232788086,-83.7697982788086,211866811020004.0,931.0,5.300000190734863
237,59842363010538,39,95,2003,41.52568435668945,-83.8596420288086,66328628010538.0,931.0,1.2999999523162842
238,72784668010538,39,95,2007,41.71015167236328,-83.7816390991211,73979309010538.0,951.0,14.800000190734863
239,76390328010538,39,95,2008,41.66604232788086,-83.7697982788086,167746343010661.0,762.0,6.0
240,222443811010661,39,95,2011,41.630340576171875,-83.50714111328125,,,
241,247063416010661,39,95,2012,41.66526794433594,-83.41656494140625,,,
242,144954467010661,39,95,2009,41.52568435668945,-83.8596420288086,225010448010661.0,762.0,9.100000381469727
243,168996447010661,39,95,2010,41.664241790771484,-83.64910125732422,247577301010661.0,317.0,20.399999618530273
244,171867446020004,39,95,2015,41.55684280395508,-83.72679901123047,334949111489998.0,951.0,9.0
245,463048795489998,39,95,2018,41.66604232788086,-83.7697982788086,657547066126144.0,316.0,3.200000047683716
246,76390320010538,39,95,2007,41.58158493041992,-83.6323013305664,,,
247,19143130010661,39,95,1991,41.69449996948242,-83.77771759033203,19143132010661.0,541.0,13.899999618530273
248,16232387020004,39,95,2014,41.71050262451172,-83.7154541015625,271061130489998.0,762.0,18.0
249,171867622020004,39,95,2014,41.52568435668945,-83.8596420288086,334950193489998.0,125.0,11.800000190734863
250,463048795489998,39,95,2018,41.66604232788086,-83.7697982788086,657547075126144.0,830.0,5.199999809265137
251,19143130010661,39,95,1991,41.69449996948242,-83.77771759033203,19143154010661.0,400.0,14.5
252,59794565010538,39,95,2002,41.429264068603516,-83.87522888183594,,,
253,19143327010661,39,95,1991,41.69449996948242,-83.88883209228516,,,
254,19143094010661,39,95,1991,41.61116027832031,-83.80549621582031,19143103010661.0,762.0,5.900000095367432
255,19143337010661,39,95,1991,41.638938903808594,-83.86105346679688,19143351010661.0,901.0,1.0
256,59842363010538,39,95,2003,41.52568435668945,-83.8596420288086,66328556010538.0,125.0,10.399999618530273
257,59881322010538,39,95,2005,41.55684280395508,-83.72679901123047,66361419010538.0,972.0,9.699999809265137
258,168996447010661,39,95,2010,41.664241790771484,-83.64910125732422,247577299010661.0,541.0,5.0
259,171867622020004,39,95,2014,41.52568435668945,-83.8596420288086,334950207489998.0,125.0,13.0
260,144954467010661,39,95,2009,41.52568435668945,-83.8596420288086,225010416010661.0,762.0,10.399999618530273
261,251630357489998,39,95,2016,41.664241790771484,-83.64910125732422,381536482489998.0,541.0,8.5
262,19143130010661,39,95,1991,41.69449996948242,-83.77771759033203,19143169010661.0,701.0,3.700000047683716
263,16232387020004,39,95,2014,41.71050262451172,-83.7154541015625,271061128489998.0,762.0,16.299999237060547
264,171867622020004,39,95,2014,41.52568435668945,-83.8596420288086,334950224489998.0,746.0,9.899999618530273
265,247063371010661,39,95,2013,41.66604232788086,-83.7697982788086,211866791020004.0,316.0,5.699999809265137
266,251630357489998,39,95,2016,41.664241790771484,-83.64910125732422,381536481489998.0,972.0,8.5
267,144954467010661,39,95,2009,41.52568435668945,-83.8596420288086,225010435010661.0,125.0,12.899999618530273
268,19143239010661,39,95,1991,41.50004959106445,-83.86105346679688,19143260010661.0,125.0,10.600000381469727
269,109828965010661,39,95,2008,41.70487594604492,-83.87748718261719,,,
270,19143329010661,39,95,1991,41.72227096557617,-83.58326721191406,,,
271,59825456010538,39,95,2004,41.616024017333984,-83.75392150878906,,,
272,19143337010661,39,95,1991,41.638938903808594,-83.86105346679688,19143346010661.0,901.0,1.0
273,222443683010661,39,95,2012,41.46684265136719,-83.75054931640625,31287547020004.0,833.0,14.300000190734863
274,76390318010538,39,95,2007,41.65494155883789,-83.26998138427734,,,
275,375549626489998,39,95,2017,41.63914489746094,-83.82136535644531,,,
276,19143231010661,39,95,1991,41.66672134399414,-83.83326721191406,,,
277,76390328010538,39,95,2008,41.66604232788086,-83.7697982788086,167746342010661.0,544.0,6.199999809265137
278,144954467010661,39,95,2009,41.52568435668945,-83.8596420288086,225010459010661.0,806.0,18.399999618530273
279,171867622020004,39,95,2014,41.52568435668945,-83.8596420288086,334950192489998.0,125.0,
280,247063371010661,39,95,2013,41.66604232788086,-83.7697982788086,211866810020004.0,316.0,6.800000190734863
281,375549491489998,39,95,2017,41.70099639892578,-83.58992004394531,,,
282,19143333010661,39,95,1991,41.66672134399414,-83.5277099609375,,,
283,144954467010661,39,95,2009,41.52568435668945,-83.8596420288086,225010430010661.0,316.0,9.600000381469727
284,171867446020004,39,95,2015,41.55684280395508,-83.72679901123047,334949104489998.0,544.0,12.899999618530273
285,247063371010661,39,95,2013,41.66604232788086,-83.7697982788086,211866821020004.0,681.0,8.600000381469727
286,59842363010538,39,95,2003,41.52568435668945,-83.8596420288086,66328636010538.0,762.0,6.900000095367432
287,66412365010538,39,95,2005,41.664241790771484,-83.64910125732422,66412385010538.0,731.0,30.399999618530273
288,66412365010538,39,95,2005,41.664241790771484,-83.64910125732422,66412429010538.0,681.0,2.4000000953674316
289,375549635489998,39,95,2017,41.71015167236328,-83.7816390991211,530826932126144.0,701.0,
290,16232387020004,39,95,2014,41.71050262451172,-83.7154541015625,271061140489998.0,316.0,16.799999237060547
291,59794599010538,39,95,2002,41.66604232788086,-83.7697982788086,66247731010538.0,316.0,1.2000000476837158
292,19143239010661,39,95,1991,41.50004959106445,-83.86105346679688,19143280010661.0,125.0,3.9000000953674316
293,59794599010538,39,95,2002,41.66604232788086,-83.7697982788086,66247741010538.0,830.0,7.599999904632568
294,59842363010538,39,95,2003,41.52568435668945,-83.8596420288086,66328596010538.0,125.0,9.800000190734863
295,72784931010538,39,95,2007,41.46684265136719,-83.75054931640625,73979522010538.0,975.0,7.599999904632568
296,144954463010661,39,95,2009,41.55684280395508,-83.72679901123047,225010549010661.0,972.0,7.800000190734863
297,247063371010661,39,95,2013,41.66604232788086,-83.7697982788086,211866818020004.0,931.0,5.699999809265137
298,59842363010538,39,95,2003,41.52568435668945,-83.8596420288086,66328606010538.0,125.0,9.300000190734863
299,171867622020004,39,95,2014,41.52568435668945,-83.8596420288086,334950202489998.0,125.0,12.899999618530273
300,66412365010538,39,95,2005,41.664241790771484,-83.64910125732422,66412395010538.0,602.0,17.0
301,171867622020004,39,95,2014,41.52568435668945,-83.8596420288086,334950198489998.0,125.0,
302,19143315010661,39,95,1991,41.694488525390625,-83.72216033935547,,,
303,66412365010538,39,95,2005,41.664241790771484,-83.64910125732422,66412393010538.0,331.0,10.100000381469727
304,109828871010661,39,95,2008,41.71050262451172,-83.7154541015625,212662671010661.0,316.0,16.0
305,222443683010661,39,95,2012,41.46684265136719,-83.75054931640625,31287546020004.0,462.0,5.5
306,144954463010661,39,95,2009,41.55684280395508,-83.72679901123047,225010544010661.0,951.0,6.300000190734863
307,144954467010661,39,95,2009,41.52568435668945,-83.8596420288086,225010443010661.0,931.0,10.300000190734863
308,19143293010661,39,95,1991,41.638938903808594,-83.77771759033203,19143295010661.0,804.0,15.800000190734863
309,19143337010661,39,95,1991,41.638938903808594,-83.86105346679688,19143363010661.0,951.0,1.5
310,16232387020004,39,95,2014,41.71050262451172,-83.7154541015625,271061135489998.0,681.0,7.0
311,59842363010538,39,95,2003,41.52568435668945,-83.8596420288086,66328664010538.0,762.0,14.399999618530273
312,66412365010538,39,95,2005,41.664241790771484,-83.64910125732422,66412413010538.0,972.0,7.400000095367432
313,171867446020004,39,95,2015,41.55684280395508,-83.72679901123047,334949121489998.0,974.0,1.0
314,222443639010661,39,95,2012,41.71015167236328,-83.7816390991211,31287505020004.0,951.0,5.599999904632568
315,247063371010661,39,95,2013,41.66604232788086,-83.7697982788086,211866816020004.0,762.0,7.199999809265137
316,251630357489998,39,95,2016,41.664241790771484,-83.64910125732422,381536493489998.0,462.0,11.300000190734863
317,171867622020004,39,95,2014,41.52568435668945,-83.8596420288086,334950217489998.0,129.0,15.300000190734863
318,19143239010661,39,95,1991,41.50004959106445,-83.86105346679688,19143265010661.0,125.0,11.199999809265137
319,19143130010661,39,95,1991,41.69449996948242,-83.77771759033203,19143171010661.0,541.0,2.700000047683716
320,19143337010661,39,95,1991,41.638938903808594,-83.86105346679688,19143358010661.0,951.0,2.799999952316284
321,59842512010538,39,95,2004,41.71050262451172,-83.7154541015625,66328719010538.0,316.0,1.2000000476837158
322,59881322010538,39,95,2005,41.55684280395508,-83.72679901123047,66361425010538.0,972.0,2.0999999046325684
323,375549635489998,39,95,2017,41.71015167236328,-83.7816390991211,530826925126144.0,823.0,
324,168996447010661,39,95,2010,41.664241790771484,-83.64910125732422,247577306010661.0,541.0,8.5
325,171867622020004,39,95,2014,41.52568435668945,-83.8596420288086,334950215489998.0,125.0,9.399999618530273
326,19143293010661,39,95,1991,41.638938903808594,-83.77771759033203,19143307010661.0,804.0,13.0
327,19143337010661,39,95,1991,41.638938903808594,-83.86105346679688,19143381010661.0,951.0,25.0
328,19143064010661,39,95,1991,41.58338165283203,-83.80549621582031,19143074010661.0,316.0,5.199999809265137
329,59842363010538,39,95,2003,41.52568435668945,-83.8596420288086,66328590010538.0,125.0,12.699999809265137
330,375549635489998,39,95,2017,41.71015167236328,-83.7816390991211,530826935126144.0,407.0,
331,144954463010661,39,95,2009,41.55684280395508,-83.72679901123047,225010541010661.0,972.0,6.0
332,19143128010661,39,95,1991,41.666709899902344,-83.33325958251953,,,
333,19143337010661,39,95,1991,41.638938903808594,-83.86105346679688,19143388010661.0,541.0,10.899999618530273
334,59842363010538,39,95,2003,41.52568435668945,-83.8596420288086,66328564010538.0,125.0,8.199999809265137
335,171867622020004,39,95,2014,41.52568435668945,-83.8596420288086,334950231489998.0,746.0,
336,16232387020004,39,95,2014,41.71050262451172,-83.7154541015625,271061131489998.0,316.0,13.600000381469727
337,144954467010661,39,95,2009,41.52568435668945,-83.8596420288086,225010408010661.0,125.0,
338,463048795489998,39,95,2018,41.66604232788086,-83.7697982788086,657547088126144.0,681.0,6.699999809265137
339,19143130010661,39,95,1991,41.69449996948242,-83.77771759033203,19143179010661.0,541.0,31.799999237060547
340,59842572010538,39,95,2004,41.526329040527344,-83.79930877685547,,,
341,59881322010538,39,95,2005,41.55684280395508,-83.72679901123047,66361437010538.0,972.0,5.5
342,109828871010661,39,95,2008,41.71050262451172,-83.7154541015625,212662655010661.0,762.0,21.299999237060547
343,168996447010661,39,95,2010,41.664241790771484,-83.64910125732422,247577303010661.0,317.0,16.200000762939453
344,251630357489998,39,95,2016,41.664241790771484,-83.64910125732422,381536487489998.0,331.0,
345,375549635489998,39,95,2017,41.71015167236328,-83.7816390991211,530826934126144.0,951.0,
346,168996447010661,39,95,2010,41.664241790771484,-83.64910125732422,247577315010661.0,462.0,10.399999618530273
347,171867446020004,39,95,2015,41.55684280395508,-83.72679901123047,334949126489998.0,462.0,6.900000095367432
348,222443639010661,39,95,2012,41.71015167236328,-83.7816390991211,31287492020004.0,951.0,8.600000381469727
349,463048795489998,39,95,2018,41.66604232788086,-83.7697982788086,657547071126144.0,316.0,7.400000095367432
350,59842512010538,39,95,2004,41.71050262451172,-83.7154541015625,66328713010538.0,762.0,11.5
351,144954467010661,39,95,2009,41.52568435668945,-83.8596420288086,225010432010661.0,125.0,9.899999618530273
352,168996447010661,39,95,2010,41.664241790771484,-83.64910125732422,247577312010661.0,552.0,20.899999618530273
353,222443639010661,39,95,2012,41.71015167236328,-83.7816390991211,31287500020004.0,407.0,10.0
354,168996447010661,39,95,2010,41.664241790771484,-83.64910125732422,247577307010661.0,742.0,7.300000190734863
355,72784902010538,39,95,2007,41.548587799072266,-83.69133758544922,,,
356,463048643489998,39,95,2018,41.548587799072266,-83.69133758544922,,,
357,171867444020004,39,95,2014,41.646278381347656,-83.5476303100586,,,
358,59794599010538,39,95,2002,41.66604232788086,-83.7697982788086,66247737010538.0,316.0,2.5999999046325684
359,109828871010661,39,95,2008,41.71050262451172,-83.7154541015625,212662670010661.0,316.0,
360,168996447010661,39,95,2010,41.664241790771484,-83.64910125732422,247577298010661.0,541.0,16.700000762939453
361,171867446020004,39,95,2015,41.55684280395508,-83.72679901123047,334949103489998.0,972.0,2.5999999046325684
362,171867622020004,39,95,2014,41.52568435668945,-83.8596420288086,334950227489998.0,316.0,14.300000190734863
363,251630357489998,39,95,2016,41.664241790771484,-83.64910125732422,381536489489998.0,552.0,23.5
364,375549627489998,39,95,2017,41.46684265136719,-83.75054931640625,531144906126144.0,975.0,
365,375549635489998,39,95,2017,41.71015167236328,-83.7816390991211,530826930126144.0,407.0,
366,19143130010661,39,95,1991,41.69449996948242,-83.77771759033203,19143180010661.0,804.0,23.700000762939453
367,76390326010538,39,95,2007,41.627376556396484,-83.6509780883789,,,
368,16232385020004,39,95,2013,41.62090301513672,-83.58657836914062,,,
369,59881322010538,39,95,2005,41.55684280395508,-83.72679901123047,66361421010538.0,462.0,5.099999904632568
370,72784668010538,39,95,2007,41.71015167236328,-83.7816390991211,73979331010538.0,407.0,12.0
371,168996447010661,39,95,2010,41.664241790771484,-83.64910125732422,247577295010661.0,331.0,10.5
372,463048795489998,39,95,2018,41.66604232788086,-83.7697982788086,657547058126144.0,830.0,5.900000095367432
373,19143337010661,39,95,1991,41.638938903808594,-83.86105346679688,19143339010661.0,762.0,3.4000000953674316
374,59794599010538,39,95,2002,41.66604232788086,-83.7697982788086,66247743010538.0,762.0,14.800000190734863
375,72784668010538,39,95,2007,41.71015167236328,-83.7816390991211,73979327010538.0,407.0,7.300000190734863
376,168996447010661,39,95,2010,41.664241790771484,-83.64910125732422,247577294010661.0,331.0,7.300000190734863
377,171867446020004,39,95,2015,41.55684280395508,-83.72679901123047,334949105489998.0,544.0,11.399999618530273
378,59842363010538,39,95,2003,41.52568435668945,-83.8596420288086,66328626010538.0,762.0,8.699999809265137
379,66428231010538,39,95,2005,41.62651062011719,-83.72943878173828,,,
380,19143237010661,39,95,1991,41.69449996948242,-83.83326721191406,,,
381,59794497010538,39,95,2002,41.666099548339844,-83.58354949951172,,,
382,59842363010538,39,95,2003,41.52568435668945,-83.8596420288086,66328644010538.0,762.0,8.199999809265137
383,59881322010538,39,95,2005,41.55684280395508,-83.72679901123047,66361441010538.0,951.0,8.0
384,251630357489998,39,95,2016,41.664241790771484,-83.64910125732422,381536473489998.0,462.0,5.300000190734863
385,19143130010661,39,95,1991,41.69449996948242,-83.77771759033203,19143142010661.0,400.0,10.300000190734863
386,19143337010661,39,95,1991,41.638938903808594,-83.86105346679688,19143374010661.0,951.0,1.5
387,375549635489998,39,95,2017,41.71015167236328,-83.7816390991211,530826920126144.0,951.0,
388,144954467010661,39,95,2009,41.52568435668945,-83.8596420288086,225010434010661.0,125.0,11.800000190734863
389,144954467010661,39,95,2009,41.52568435668945,-83.8596420288086,225010453010661.0,746.0,
390,109828875010661,39,95,2008,41.526329040527344,-83.79930877685547,,,
391,222443809010661,39,95,2011,41.69188690185547,-83.44696044921875,,,
392,59842363010538,39,95,2003,41.52568435668945,-83.8596420288086,66328558010538.0,129.0,10.5
393,463048795489998,39,95,2018,41.66604232788086,-83.7697982788086,657547062126144.0,316.0,2.700000047683716
394,72784668010538,39,95,2007,41.71015167236328,-83.7816390991211,73979321010538.0,541.0,21.399999618530273
395,19143130010661,39,95,1991,41.69449996948242,-83.77771759033203,19143137010661.0,804.0,12.600000381469727
396,19143197010661,39,95,1991,41.61116027832031,-83.80549621582031,19143202010661.0,830.0,1.0
397,72784931010538,39,95,2007,41.46684265136719,-83.75054931640625,73979530010538.0,833.0,12.899999618530273
398,109828871010661,39,95,2008,41.71050262451172,-83.7154541015625,212662658010661.0,975.0,8.5
399,171867622020004,39,95,2014,41.52568435668945,-83.8596420288086,334950191489998.0,125.0,
400,72784866010538,39,95,2006,41.68675231933594,-83.52672576904297,,,
401,19143337010661,39,95,1991,41.638938903808594,-83.86105346679688,19143353010661.0,901.0,1.0
402,66412365010538,39,95,2005,41.664241790771484,-83.64910125732422,66412401010538.0,541.0,5.0
403,144954467010661,39,95,2009,41.52568435668945,-83.8596420288086,225010413010661.0,125.0,8.199999809265137
404,168996447010661,39,95,2010,41.664241790771484,-83.64910125732422,247577313010661.0,331.0,5.0
405,247063371010661,39,95,2013,41.66604232788086,-83.7697982788086,211866807020004.0,316.0,6.800000190734863
406,59842363010538,39,95,2003,41.52568435668945,-83.8596420288086,66328602010538.0,125.0,12.199999809265137
407,19143064010661,39,95,1991,41.58338165283203,-83.80549621582031,19143073010661.0,830.0,7.199999809265137
408,59842363010538,39,95,2003,41.52568435668945,-83.8596420288086,66328562010538.0,125.0,8.399999618530273
409,59842363010538,39,95,2003,41.52568435668945,-83.8596420288086,66328598010538.0,125.0,9.899999618530273
410,72784668010538,39,95,2007,41.71015167236328,-83.7816390991211,73979333010538.0,951.0,9.899999618530273
411,168996447010661,39,95,2010,41.664241790771484,-83.64910125732422,247577297010661.0,331.0,7.800000190734863
412,251630357489998,39,95,2016,41.664241790771484,-83.64910125732422,381536478489998.0,317.0,21.799999237060547
413,247063344010661,39,95,2012,41.429264068603516,-83.87522888183594,,,
414,16233108020004,39,95,2013,41.686397552490234,-83.55067443847656,,,
415,19143064010661,39,95,1991,41.58338165283203,-83.80549621582031,19143092010661.0,316.0,1.7000000476837158
416,19143337010661,39,95,1991,41.638938903808594,-83.86105346679688,19143368010661.0,951.0,2.799999952316284
417,66412365010538,39,95,2005,41.664241790771484,-83.64910125732422,66412391010538.0,331.0,7.0
418,59842363010538,39,95,2003,41.52568435668945,-83.8596420288086,66328566010538.0,125.0,6.699999809265137
419,247063371010661,39,95,2013,41.66604232788086,-83.7697982788086,211866809020004.0,316.0,6.5
420,19143223010661,39,95,1991,41.638938903808594,-83.3888168334961,,,
421,19143331010661,39,95,1991,41.694488525390625,-83.63883209228516,,,
422,306266126489998,39,95,2016,41.68675231933594,-83.52672576904297,,,
423,19143130010661,39,95,1991,41.69449996948242,-83.77771759033203,19143143010661.0,400.0,6.599999904632568
424,19143337010661,39,95,1991,41.638938903808594,-83.86105346679688,19143376010661.0,951.0,1.2000000476837158
425,16232387020004,39,95,2014,41.71050262451172,-83.7154541015625,271061138489998.0,762.0,14.899999618530273
426,59794599010538,39,95,2002,41.66604232788086,-83.7697982788086,66247727010538.0,746.0,7.0
427,59881322010538,39,95,2005,41.55684280395508,-83.72679901123047,66361427010538.0,544.0,11.399999618530273
428,144954463010661,39,95,2009,41.55684280395508,-83.72679901123047,225010533010661.0,544.0,11.600000381469727
429,144954463010661,39,95,2009,41.55684280395508,-83.72679901123047,225010540010661.0,951.0,8.600000381469727
430,59842363010538,39,95,2003,41.52568435668945,-83.8596420288086,66328586010538.0,316.0,6.099999904632568
431,59842363010538,39,95,2003,41.52568435668945,-83.8596420288086,66328634010538.0,762.0,6.300000190734863
432,59842363010538,39,95,2003,41.52568435668945,-83.8596420288086,66328638010538.0,316.0,11.600000381469727
433,59842363010538,39,95,2003,41.52568435668945,-83.8596420288086,66328662010538.0,762.0,9.699999809265137
434,72784668010538,39,95,2007,41.71015167236328,-83.7816390991211,73979343010538.0,407.0,2.4000000953674316
435,171867622020004,39,95,2014,41.52568435668945,-83.8596420288086,334950226489998.0,762.0,9.100000381469727
436,222443639010661,39,95,2012,41.71015167236328,-83.7816390991211,31287508020004.0,543.0,
437,375549635489998,39,95,2017,41.71015167236328,-83.7816390991211,530826919126144.0,407.0,
438,19143130010661,39,95,1991,41.69449996948242,-83.77771759033203,19143182010661.0,541.0,19.0
439,19143094010661,39,95,1991,41.61116027832031,-83.80549621582031,19143101010661.0,762.0,5.5
440,59842363010538,39,95,2003,41.52568435668945,-83.8596420288086,66328588010538.0,125.0,10.899999618530273
441,19143064010661,39,95,1991,41.58338165283203,-83.80549621582031,19143085010661.0,762.0,2.0
442,16232387020004,39,95,2014,41.71050262451172,-83.7154541015625,271061137489998.0,762.0,9.100000381469727
443,76390328010538,39,95,2008,41.66604232788086,-83.7697982788086,167746341010661.0,931.0,5.599999904632568
444,247063371010661,39,95,2013,41.66604232788086,-83.7697982788086,211866793020004.0,746.0,10.399999618530273
445,247063371010661,39,95,2013,41.66604232788086,-83.7697982788086,211866805020004.0,830.0,10.5
446,375549635489998,39,95,2017,41.71015167236328,-83.7816390991211,530826945126144.0,407.0,
447,463048795489998,39,95,2018,41.66604232788086,-83.7697982788086,657547056126144.0,316.0,7.5
448,19143130010661,39,95,1991,41.69449996948242,-83.77771759033203,19143167010661.0,541.0,5.099999904632568
449,247063371010661,39,95,2013,41.66604232788086,-83.7697982788086,211866804020004.0,316.0,3.0999999046325684
450,19143219010661,39,95,1991,41.638938903808594,-83.80549621582031,,,
451,59842363010538,39,95,2003,41.52568435668945,-83.8596420288086,66328560010538.0,125.0,10.5
452,59842512010538,39,95,2004,41.71050262451172,-83.7154541015625,66328715010538.0,313.0,9.100000381469727
453,144954463010661,39,95,2009,41.55684280395508,-83.72679901123047,225010536010661.0,544.0,13.399999618530273
454,222443639010661,39,95,2012,41.71015167236328,-83.7816390991211,31287486020004.0,951.0,6.0
455,247063371010661,39,95,2013,41.66604232788086,-83.7697982788086,211866796020004.0,316.0,6.5
456,463048795489998,39,95,2018,41.66604232788086,-83.7697982788086,657547072126144.0,316.0,7.800000190734863
457,19143197010661,39,95,1991,41.61116027832031,-83.80549621582031,19143211010661.0,830.0,5.699999809265137
458,19143337010661,39,95,1991,41.638938903808594,-83.86105346679688,19143341010661.0,500.0,1.2000000476837158
459,19143337010661,39,95,1991,41.638938903808594,-83.86105346679688,19143378010661.0,951.0,1.0
460,59842512010538,39,95,2004,41.71050262451172,-83.7154541015625,66328717010538.0,316.0,12.399999618530273
461,144954467010661,39,95,2009,41.52568435668945,-83.8596420288086,225010423010661.0,125.0,11.0
462,19143293010661,39,95,1991,41.638938903808594,-83.77771759033203,19143302010661.0,833.0,5.800000190734863
463,59881322010538,39,95,2005,41.55684280395508,-83.72679901123047,66361429010538.0,972.0,5.900000095367432
464,59881322010538,39,95,2005,41.55684280395508,-83.72679901123047,66361433010538.0,544.0,12.600000381469727
465,168996447010661,39,95,2010,41.664241790771484,-83.64910125732422,247577319010661.0,972.0,5.400000095367432
466,247063371010661,39,95,2013,41.66604232788086,-83.7697982788086,211866800020004.0,316.0,2.700000047683716
467,247063371010661,39,95,2013,41.66604232788086,-83.7697982788086,211866815020004.0,931.0,8.800000190734863
468,375549635489998,39,95,2017,41.71015167236328,-83.7816390991211,530826922126144.0,951.0,
469,171867622020004,39,95,2014,41.52568435668945,-83.8596420288086,334950220489998.0,125.0,15.699999809265137
470,168996105010661,39,95,2010,41.51013946533203,-83.76417541503906,,,
471,59881322010538,39,95,2005,41.55684280395508,-83.72679901123047,66361431010538.0,830.0,10.399999618530273
472,72784668010538,39,95,2007,41.71015167236328,-83.7816390991211,73979345010538.0,804.0,13.5
473,251630357489998,39,95,2016,41.664241790771484,-83.64910125732422,381536471489998.0,602.0,20.100000381469727
474,19143239010661,39,95,1991,41.50004959106445,-83.86105346679688,19143273010661.0,762.0,1.0
475,247063371010661,39,95,2013,41.66604232788086,-83.7697982788086,211866808020004.0,316.0,7.199999809265137
476,463048795489998,39,95,2018,41.66604232788086,-83.7697982788086,657547053126144.0,746.0,12.100000381469727
477,19143239010661,39,95,1991,41.50004959106445,-83.86105346679688,19143284010661.0,746.0,11.399999618530273
478,19143130010661,39,95,1991,41.69449996948242,-83.77771759033203,19143184010661.0,400.0,6.900000095367432
479,19143337010661,39,95,1991,41.638938903808594,-83.86105346679688,19143352010661.0,901.0,1.0
480,59842363010538,39,95,2003,41.52568435668945,-83.8596420288086,66328642010538.0,316.0,13.100000381469727
481,59842363010538,39,95,2003,41.52568435668945,-83.8596420288086,66328650010538.0,762.0,10.100000381469727
482,72784668010538,39,95,2007,41.71015167236328,-83.7816390991211,73979315010538.0,951.0,8.399999618530273
483,144954467010661,39,95,2009,41.52568435668945,-83.8596420288086,225010450010661.0,316.0,9.600000381469727
484,222443639010661,39,95,2012,41.71015167236328,-83.7816390991211,31287483020004.0,951.0,7.0
485,222443639010661,39,95,2012,41.71015167236328,-83.7816390991211,31287499020004.0,409.0,14.699999809265137
486,463048795489998,39,95,2018,41.66604232788086,-83.7697982788086,657547086126144.0,681.0,10.300000190734863
487,109828873010661,39,95,2008,41.616024017333984,-83.75392150878906,,,
488,144954783010661,39,95,2009,41.72190856933594,-83.49873352050781,,,
489,19143094010661,39,95,1991,41.61116027832031,-83.80549621582031,19143108010661.0,762.0,5.0
490,16232387020004,39,95,2014,41.71050262451172,-83.7154541015625,271061129489998.0,975.0,8.899999618530273
491,144954467010661,39,95,2009,41.52568435668945,-83.8596420288086,225010412010661.0,125.0,8.399999618530273
492,247063371010661,39,95,2013,41.66604232788086,-83.7697982788086,211866801020004.0,316.0,1.600000023841858
493,19143239010661,39,95,1991,41.50004959106445,-83.86105346679688,19143252010661.0,125.0,10.0
494,59825422010538,39,95,2002,41.65494155883789,-83.26998138427734,,,
495,463048786489998,39,95,2018,41.66526794433594,-83.41656494140625,,,
496,251630367489998,39,95,2015,41.60627746582031,-83.88066864013672,,,
497,59842363010538,39,95,2003,41.52568435668945,-83.8596420288086,66328584010538.0,316.0,7.900000095367432
498,66412365010538,39,95,2005,41.664241790771484,-83.64910125732422,66412399010538.0,541.0,16.200000762939453
499,66412365010538,39,95,2005,41.664241790771484,-83.64910125732422,66412409010538.0,317.0,15.100000381469727
500,144954467010661,39,95,2009,41.52568435668945,-83.8596420288086,225010455010661.0,762.0,11.5
501,375549635489998,39,95,2017,41.71015167236328,-83.7816390991211,530826942126144.0,951.0,
502,171867622020004,39,95,2014,41.52568435668945,-83.8596420288086,334950201489998.0,125.0,11.199999809265137
503,19143130010661,39,95,1991,41.69449996948242,-83.77771759033203,19143181010661.0,541.0,21.0
504,59825439010538,39,95,2004,41.686397552490234,-83.55067443847656,,,
505,19143321010661,39,95,1991,41.72227096557617,-83.6666030883789,,,
506,144954467010661,39,95,2009,41.52568435668945,-83.8596420288086,225010449010661.0,316.0,14.0
507,168996447010661,39,95,2010,41.664241790771484,-83.64910125732422,247577308010661.0,402.0,9.699999809265137
508,251630357489998,39,95,2016,41.664241790771484,-83.64910125732422,381536479489998.0,317.0,17.899999618530273
509,72784786010538,39,95,2006,41.70099639892578,-83.58992004394531,,,
510,59842363010538,39,95,2003,41.52568435668945,-83.8596420288086,66328582010538.0,125.0,11.899999618530273
511,59842363010538,39,95,2003,41.52568435668945,-83.8596420288086,66328640010538.0,316.0,7.800000190734863
512,59842512010538,39,95,2004,41.71050262451172,-83.7154541015625,66328711010538.0,762.0,9.699999809265137
513,76390328010538,39,95,2008,41.66604232788086,-83.7697982788086,167746333010661.0,316.0,2.5999999046325684
514,168996447010661,39,95,2010,41.664241790771484,-83.64910125732422,247577300010661.0,317.0,18.799999237060547
515,222443639010661,39,95,2012,41.71015167236328,-83.7816390991211,31287501020004.0,833.0,5.400000095367432
516,306266285489998,39,95,2016,41.54207992553711,-83.87144470214844,469319203489998.0,313.0,11.399999618530273
517,251630357489998,39,95,2016,41.664241790771484,-83.64910125732422,381536483489998.0,742.0,9.699999809265137
518,59881322010538,39,95,2005,41.55684280395508,-83.72679901123047,66361415010538.0,972.0,5.400000095367432
519,171867622020004,39,95,2014,41.52568435668945,-83.8596420288086,334950214489998.0,129.0,16.299999237060547
520,76390328010538,39,95,2008,41.66604232788086,-83.7697982788086,167746345010661.0,762.0,5.400000095367432
521,144954463010661,39,95,2009,41.55684280395508,-83.72679901123047,225010535010661.0,830.0,12.399999618530273
522,171867622020004,39,95,2014,41.52568435668945,-83.8596420288086,334950204489998.0,316.0,
523,59842363010538,39,95,2003,41.52568435668945,-83.8596420288086,66328648010538.0,746.0,5.0
524,16232574020004,39,95,2013,41.526329040527344,-83.79930877685547,,,
525,72784770010538,39,95,2006,41.6634635925293,-83.82260131835938,,,
526,66412365010538,39,95,2005,41.664241790771484,-83.64910125732422,66412389010538.0,602.0,13.0
527,72784668010538,39,95,2007,41.71015167236328,-83.7816390991211,73979341010538.0,407.0,2.5
528,144954467010661,39,95,2009,41.52568435668945,-83.8596420288086,225010451010661.0,316.0,15.199999809265137
529,247063371010661,39,95,2013,41.66604232788086,-83.7697982788086,211866803020004.0,316.0,2.799999952316284
530,19143130010661,39,95,1991,41.69449996948242,-83.77771759033203,19143141010661.0,951.0,10.699999809265137
531,19143197010661,39,95,1991,41.61116027832031,-83.80549621582031,19143208010661.0,742.0,1.0
532,109828871010661,39,95,2008,41.71050262451172,-83.7154541015625,212662662010661.0,975.0,5.400000095367432
533,222443639010661,39,95,2012,41.71015167236328,-83.7816390991211,31287496020004.0,407.0,12.5
534,72784668010538,39,95,2007,41.71015167236328,-83.7816390991211,73979323010538.0,951.0,8.100000381469727
535,19143239010661,39,95,1991,41.50004959106445,-83.86105346679688,19143249010661.0,129.0,14.399999618530273
536,19143239010661,39,95,1991,41.50004959106445,-83.86105346679688,19143251010661.0,125.0,11.699999809265137
537,463048579489998,39,95,2018,41.630340576171875,-83.50714111328125,,,
538,19143130010661,39,95,1991,41.69449996948242,-83.77771759033203,19143173010661.0,701.0,1.0
539,19143130010661,39,95,1991,41.69449996948242,-83.77771759033203,19143136010661.0,541.0,14.399999618530273
540,19143337010661,39,95,1991,41.638938903808594,-83.86105346679688,19143359010661.0,951.0,2.700000047683716
541,171867622020004,39,95,2014,41.52568435668945,-83.8596420288086,334950187489998.0,316.0,1.2999999523162842
542,19143094010661,39,95,1991,41.61116027832031,-83.80549621582031,19143099010661.0,762.0,8.199999809265137
543,59881322010538,39,95,2005,41.55684280395508,-83.72679901123047,66361423010538.0,972.0,5.5
544,375549635489998,39,95,2017,41.71015167236328,-83.7816390991211,530826931126144.0,407.0,
545,59842363010538,39,95,2003,41.52568435668945,-83.8596420288086,66328614010538.0,125.0,10.199999809265137
546,463048795489998,39,95,2018,41.66604232788086,-83.7697982788086,657547060126144.0,316.0,5.400000095367432
547,463048794489998,39,95,2018,41.58158493041992,-83.6323013305664,,,
548,19143130010661,39,95,1991,41.69449996948242,-83.77771759033203,19143192010661.0,541.0,18.5
549,16232387020004,39,95,2014,41.71050262451172,-83.7154541015625,271061133489998.0,975.0,
550,144954467010661,39,95,2009,41.52568435668945,-83.8596420288086,225010426010661.0,316.0,9.899999618530273
551,171867622020004,39,95,2014,41.52568435668945,-83.8596420288086,334950232489998.0,762.0,12.100000381469727
552,251630357489998,39,95,2016,41.664241790771484,-83.64910125732422,381536468489998.0,602.0,13.0
553,375549635489998,39,95,2017,41.71015167236328,-83.7816390991211,530826937126144.0,407.0,
554,19143130010661,39,95,1991,41.69449996948242,-83.77771759033203,19143194010661.0,541.0,17.5
555,463048793489998,39,95,2018,41.666099548339844,-83.58354949951172,,,
556,19143239010661,39,95,1991,41.50004959106445,-83.86105346679688,19143272010661.0,762.0,2.700000047683716
557,19143337010661,39,95,1991,41.638938903808594,-83.86105346679688,19143362010661.0,951.0,1.5
558,66412365010538,39,95,2005,41.664241790771484,-83.64910125732422,66412387010538.0,602.0,24.0
559,144954467010661,39,95,2009,41.52568435668945,-83.8596420288086,225010410010661.0,129.0,12.199999809265137
560,171867446020004,39,95,2015,41.55684280395508,-83.72679901123047,334949117489998.0,972.0,5.599999904632568
561,171867622020004,39,95,2014,41.52568435668945,-83.8596420288086,334950219489998.0,125.0,10.199999809265137
562,19143239010661,39,95,1991,41.50004959106445,-83.86105346679688,19143279010661.0,125.0,9.0
563,19143337010661,39,95,1991,41.638938903808594,-83.86105346679688,19143343010661.0,901.0,1.0
564,59842512010538,39,95,2004,41.71050262451172,-83.7154541015625,66328701010538.0,316.0,9.899999618530273
565,59881322010538,39,95,2005,41.55684280395508,-83.72679901123047,66361417010538.0,972.0,7.199999809265137
566,222443639010661,39,95,2012,41.71015167236328,-83.7816390991211,31287484020004.0,951.0,7.199999809265137
567,375549635489998,39,95,2017,41.71015167236328,-83.7816390991211,530826927126144.0,541.0,
568,171867622020004,39,95,2014,41.52568435668945,-83.8596420288086,334950200489998.0,125.0,11.899999618530273
569,171867622020004,39,95,2014,41.52568435668945,-83.8596420288086,334950221489998.0,931.0,
570,247063184010661,39,95,2012,41.627376556396484,-83.6509780883789,,,
571,19143239010661,39,95,1991,41.50004959106445,-83.86105346679688,19143290010661.0,125.0,8.699999809265137
572,144954467010661,39,95,2009,41.52568435668945,-83.8596420288086,225010427010661.0,316.0,6.199999809265137
573,144954467010661,39,95,2009,41.52568435668945,-83.8596420288086,225010445010661.0,931.0,6.400000095367432
574,168996447010661,39,95,2010,41.664241790771484,-83.64910125732422,247577318010661.0,972.0,5.300000190734863
575,171867622020004,39,95,2014,41.52568435668945,-83.8596420288086,334950189489998.0,129.0,13.600000381469727
576,19143094010661,39,95,1991,41.61116027832031,-83.80549621582031,19143111010661.0,972.0,8.399999618530273
577,19143064010661,39,95,1991,41.58338165283203,-83.80549621582031,19143084010661.0,762.0,2.299999952316284
578,19143094010661,39,95,1991,41.61116027832031,-83.80549621582031,19143124010661.0,972.0,1.0
579,19143337010661,39,95,1991,41.638938903808594,-83.86105346679688,19143383010661.0,541.0,1.7000000476837158
580,144954467010661,39,95,2009,41.52568435668945,-83.8596420288086,225010446010661.0,746.0,9.5
581,144954467010661,39,95,2009,41.52568435668945,-83.8596420288086,225010460010661.0,931.0,8.600000381469727
582,59842363010538,39,95,2003,41.52568435668945,-83.8596420288086,66328580010538.0,125.0,11.800000190734863
583,168996461010661,39,95,2010,41.60627746582031,-83.88066864013672,,,
584,19143130010661,39,95,1991,41.69449996948242,-83.77771759033203,19143183010661.0,400.0,10.399999618530273
585,19143337010661,39,95,1991,41.638938903808594,-83.86105346679688,19143357010661.0,743.0,9.0
586,72784668010538,39,95,2007,41.71015167236328,-83.7816390991211,73979325010538.0,407.0,1.2999999523162842
587,144954463010661,39,95,2009,41.55684280395508,-83.72679901123047,225010550010661.0,462.0,5.5
588,144954467010661,39,95,2009,41.52568435668945,-83.8596420288086,225010456010661.0,746.0,
589,171867622020004,39,95,2014,41.52568435668945,-83.8596420288086,334950235489998.0,931.0,8.699999809265137
590,247063371010661,39,95,2013,41.66604232788086,-83.7697982788086,211866792020004.0,316.0,10.199999809265137
591,59842363010538,39,95,2003,41.52568435668945,-83.8596420288086,66328616010538.0,125.0,15.199999809265137
592,59794599010538,39,95,2002,41.66604232788086,-83.7697982788086,66247725010538.0,316.0,6.400000095367432
593,144954467010661,39,95,2009,41.52568435668945,-83.8596420288086,225010429010661.0,125.0,12.899999618530273
594,463048795489998,39,95,2018,41.66604232788086,-83.7697982788086,657547085126144.0,491.0,6.199999809265137
595,222443679010661,39,95,2011,41.63914489746094,-83.82136535644531,,,
596,59794599010538,39,95,2002,41.66604232788086,-83.7697982788086,66247733010538.0,316.0,3.4000000953674316
597,59842363010538,39,95,2003,41.52568435668945,-83.8596420288086,66328658010538.0,806.0,15.600000381469727
598,16232387020004,39,95,2014,41.71050262451172,-83.7154541015625,271061141489998.0,316.0,17.299999237060547
599,222443639010661,39,95,2012,41.71015167236328,-83.7816390991211,31287489020004.0,541.0,16.0
600,251630357489998,39,95,2016,41.664241790771484,-83.64910125732422,381536472489998.0,331.0,8.300000190734863
601,144954467010661,39,95,2009,41.52568435668945,-83.8596420288086,225010418010661.0,762.0,9.199999809265137
602,251630357489998,39,95,2016,41.664241790771484,-83.64910125732422,381536488489998.0,552.0,24.399999618530273
603,76390314010538,39,95,2007,41.666099548339844,-83.58354949951172,,,
604,19143293010661,39,95,1991,41.638938903808594,-83.77771759033203,19143305010661.0,830.0,13.399999618530273
605,19143239010661,39,95,1991,41.50004959106445,-83.86105346679688,19143245010661.0,125.0,6.800000190734863
606,19143337010661,39,95,1991,41.638938903808594,-83.86105346679688,19143394010661.0,316.0,1.2000000476837158
607,72784931010538,39,95,2007,41.46684265136719,-83.75054931640625,73979532010538.0,742.0,30.799999237060547
608,144954467010661,39,95,2009,41.52568435668945,-83.8596420288086,225010405010661.0,316.0,1.7999999523162842
609,463048795489998,39,95,2018,41.66604232788086,-83.7697982788086,657547078126144.0,544.0,
610,19143094010661,39,95,1991,41.61116027832031,-83.80549621582031,19143122010661.0,972.0,2.4000000953674316
611,19143239010661,39,95,1991,41.50004959106445,-83.86105346679688,19143243010661.0,125.0,9.600000381469727
612,76390328010538,39,95,2008,41.66604232788086,-83.7697982788086,167746331010661.0,316.0,1.600000023841858
613,76390328010538,39,95,2008,41.66604232788086,-83.7697982788086,167746346010661.0,762.0,16.5
614,109828871010661,39,95,2008,41.71050262451172,-83.7154541015625,212662660010661.0,316.0,11.899999618530273
615,375549627489998,39,95,2017,41.46684265136719,-83.75054931640625,531144914126144.0,975.0,7.199999809265137
616,19143337010661,39,95,1991,41.638938903808594,-83.86105346679688,19143379010661.0,951.0,1.0
617,168996447010661,39,95,2010,41.664241790771484,-83.64910125732422,247577305010661.0,972.0,8.100000381469727
618,171867446020004,39,95,2015,41.55684280395508,-83.72679901123047,334949119489998.0,974.0,5.099999904632568
619,375549627489998,39,95,2017,41.46684265136719,-83.75054931640625,531144908126144.0,313.0,8.0
620,375549635489998,39,95,2017,41.71015167236328,-83.7816390991211,530826941126144.0,823.0,
621,463048795489998,39,95,2018,41.66604232788086,-83.7697982788086,657547065126144.0,316.0,3.0
622,19143094010661,39,95,1991,41.61116027832031,-83.80549621582031,19143097010661.0,830.0,11.100000381469727
623,171867446020004,39,95,2015,41.55684280395508,-83.72679901123047,334949106489998.0,972.0,8.399999618530273
624,144954467010661,39,95,2009,41.52568435668945,-83.8596420288086,225010440010661.0,125.0,12.199999809265137
625,144954797010661,39,95,2009,41.48978042602539,-83.77992248535156,,,
626,66412365010538,39,95,2005,41.664241790771484,-83.64910125732422,66412425010538.0,552.0,20.0
627,222443639010661,39,95,2012,41.71015167236328,-83.7816390991211,31287503020004.0,407.0,2.5
628,109828881010661,39,95,2008,41.482505798339844,-83.83953094482422,,,
629,59842606010538,39,95,2005,41.710994720458984,-83.68370056152344,,,
630,144954467010661,39,95,2009,41.52568435668945,-83.8596420288086,225010462010661.0,762.0,16.299999237060547
631,171867622020004,39,95,2014,41.52568435668945,-83.8596420288086,334950210489998.0,125.0,9.899999618530273
632,222443639010661,39,95,2012,41.71015167236328,-83.7816390991211,31287481020004.0,407.0,1.399999976158142
633,19143337010661,39,95,1991,41.638938903808594,-83.86105346679688,19143382010661.0,972.0,3.4000000953674316
634,19143337010661,39,95,1991,41.638938903808594,-83.86105346679688,19143360010661.0,951.0,2.0999999046325684
635,19143337010661,39,95,1991,41.638938903808594,-83.86105346679688,19143390010661.0,823.0,4.199999809265137
636,59881322010538,39,95,2005,41.55684280395508,-83.72679901123047,66361435010538.0,544.0,13.800000190734863
637,109828871010661,39,95,2008,41.71050262451172,-83.7154541015625,212662663010661.0,681.0,5.300000190734863
638,109828871010661,39,95,2008,41.71050262451172,-83.7154541015625,212662667010661.0,762.0,13.5
639,251630357489998,39,95,2016,41.664241790771484,-83.64910125732422,381536475489998.0,541.0,
640,251630357489998,39,95,2016,41.664241790771484,-83.64910125732422,381536492489998.0,681.0,5.300000190734863
641,59842363010538,39,95,2003,41.52568435668945,-83.8596420288086,66328570010538.0,125.0,11.5
642,168996103010661,39,95,2010,41.6634635925293,-83.82260131835938,,,
643,19143130010661,39,95,1991,41.69449996948242,-83.77771759033203,19143145010661.0,500.0,1.5
644,59842363010538,39,95,2003,41.52568435668945,-83.8596420288086,66328550010538.0,316.0,1.5
645,72784668010538,39,95,2007,41.71015167236328,-83.7816390991211,73979305010538.0,951.0,7.099999904632568
646,144954463010661,39,95,2009,41.55684280395508,-83.72679901123047,225010545010661.0,972.0,5.400000095367432
647,19143309010661,39,95,1991,41.638938903808594,-83.6388168334961,,,
648,19143130010661,39,95,1991,41.69449996948242,-83.77771759033203,19143158010661.0,541.0,10.199999809265137
649,19143337010661,39,95,1991,41.638938903808594,-83.86105346679688,19143377010661.0,951.0,1.2000000476837158
650,59842363010538,39,95,2003,41.52568435668945,-83.8596420288086,66328592010538.0,316.0,6.300000190734863
651,59842512010538,39,95,2004,41.71050262451172,-83.7154541015625,66328697010538.0,975.0,8.0
652,76390328010538,39,95,2008,41.66604232788086,-83.7697982788086,167746328010661.0,316.0,5.599999904632568
653,171867622020004,39,95,2014,41.52568435668945,-83.8596420288086,334950228489998.0,316.0,11.100000381469727
654,72784975010538,39,95,2007,41.69188690185547,-83.44696044921875,,,
655,19143293010661,39,95,1991,41.638938903808594,-83.77771759033203,19143304010661.0,830.0,8.800000190734863
656,76390328010538,39,95,2008,41.66604232788086,-83.7697982788086,167746323010661.0,316.0,4.300000190734863
657,171867446020004,39,95,2015,41.55684280395508,-83.72679901123047,334949108489998.0,544.0,14.199999809265137
658,144954467010661,39,95,2009,41.52568435668945,-83.8596420288086,225010420010661.0,125.0,9.600000381469727
659,171867622020004,39,95,2014,41.52568435668945,-83.8596420288086,334950196489998.0,762.0,9.300000190734863
660,19143215010661,39,95,1991,41.72227096557617,-83.63883209228516,,,
661,19143239010661,39,95,1991,41.50004959106445,-83.86105346679688,19143253010661.0,125.0,8.0
662,19143337010661,39,95,1991,41.638938903808594,-83.86105346679688,19143371010661.0,951.0,2.4000000953674316
663,222443639010661,39,95,2012,41.71015167236328,-83.7816390991211,31287495020004.0,701.0,5.400000095367432
664,463048795489998,39,95,2018,41.66604232788086,-83.7697982788086,657547079126144.0,762.0,9.100000381469727
665,144954467010661,39,95,2009,41.52568435668945,-83.8596420288086,225010436010661.0,129.0,15.100000381469727
666,171867622020004,39,95,2014,41.52568435668945,-83.8596420288086,334950197489998.0,125.0,12.100000381469727
667,59794599010538,39,95,2002,41.66604232788086,-83.7697982788086,66247723010538.0,316.0,2.799999952316284
668,19143293010661,39,95,1991,41.638938903808594,-83.77771759033203,19143303010661.0,833.0,9.5
669,19143130010661,39,95,1991,41.69449996948242,-83.77771759033203,19143138010661.0,951.0,4.199999809265137
670,59842512010538,39,95,2004,41.71050262451172,-83.7154541015625,66328693010538.0,762.0,9.300000190734863
671,222443639010661,39,95,2012,41.71015167236328,-83.7816390991211,31287485020004.0,951.0,15.399999618530273
672,251630357489998,39,95,2016,41.664241790771484,-83.64910125732422,381536496489998.0,972.0,
673,59842363010538,39,95,2003,41.52568435668945,-83.8596420288086,66328574010538.0,125.0,10.300000190734863
674,19143130010661,39,95,1991,41.69449996948242,-83.77771759033203,19143144010661.0,407.0,15.899999618530273
675,19143239010661,39,95,1991,41.50004959106445,-83.86105346679688,19143289010661.0,125.0,10.399999618530273
676,19143130010661,39,95,1991,41.69449996948242,-83.77771759033203,19143174010661.0,701.0,1.0
677,72784668010538,39,95,2007,41.71015167236328,-83.7816390991211,73979303010538.0,951.0,6.900000095367432
678,109828871010661,39,95,2008,41.71050262451172,-83.7154541015625,212662656010661.0,762.0,9.600000381469727
679,109828871010661,39,95,2008,41.71050262451172,-83.7154541015625,212662657010661.0,762.0,15.800000190734863
680,171867446020004,39,95,2015,41.55684280395508,-83.72679901123047,334949120489998.0,313.0,6.699999809265137
681,247063371010661,39,95,2013,41.66604232788086,-83.7697982788086,211866822020004.0,681.0,7.199999809265137
682,375549635489998,39,95,2017,41.71015167236328,-83.7816390991211,530826923126144.0,951.0,
683,19143239010661,39,95,1991,41.50004959106445,-83.86105346679688,19143255010661.0,762.0,13.699999809265137
684,19143313010661,39,95,1991,41.61116027832031,-83.49993133544922,,,
685,66412365010538,39,95,2005,41.664241790771484,-83.64910125732422,66412397010538.0,331.0,7.199999809265137
686,463048795489998,39,95,2018,41.66604232788086,-83.7697982788086,657547076126144.0,316.0,5.0
687,59794599010538,39,95,2002,41.66604232788086,-83.7697982788086,66247735010538.0,316.0,2.200000047683716
688,59842363010538,39,95,2003,41.52568435668945,-83.8596420288086,66328552010538.0,316.0,1.100000023841858
689,59842512010538,39,95,2004,41.71050262451172,-83.7154541015625,66328691010538.0,762.0,19.700000762939453
690,66412365010538,39,95,2005,41.664241790771484,-83.64910125732422,66412423010538.0,552.0,20.0
691,144954467010661,39,95,2009,41.52568435668945,-83.8596420288086,225010406010661.0,316.0,1.2000000476837158
692,144954467010661,39,95,2009,41.52568435668945,-83.8596420288086,225010425010661.0,125.0,12.100000381469727
693,171867622020004,39,95,2014,41.52568435668945,-83.8596420288086,334950203489998.0,125.0,12.100000381469727
694,222443639010661,39,95,2012,41.71015167236328,-83.7816390991211,31287491020004.0,541.0,
695,375549635489998,39,95,2017,41.71015167236328,-83.7816390991211,530826929126144.0,951.0,
696,19143239010661,39,95,1991,41.50004959106445,-83.86105346679688,19143259010661.0,125.0,11.800000190734863
697,19143335010661,39,95,1991,41.69449996948242,-83.80549621582031,,,
698,19143337010661,39,95,1991,41.638938903808594,-83.86105346679688,19143385010661.0,541.0,1.0
699,171867446020004,39,95,2015,41.55684280395508,-83.72679901123047,334949124489998.0,462.0,7.800000190734863
700,171867446020004,39,95,2015,41.55684280395508,-83.72679901123047,334949127489998.0,462.0,5.900000095367432
701,247063371010661,39,95,2013,41.66604232788086,-83.7697982788086,211866802020004.0,316.0,6.900000095367432
702,144954467010661,39,95,2009,41.52568435668945,-83.8596420288086,225010442010661.0,125.0,15.600000381469727
703,19143064010661,39,95,1991,41.58338165283203,-83.80549621582031,19143069010661.0,833.0,18.5
704,144954459010661,39,95,2009,41.646278381347656,-83.5476303100586,,,
705,168996021010661,39,95,2010,41.69087600708008,-83.326416015625,,,
706,19143293010661,39,95,1991,41.638938903808594,-83.77771759033203,19143306010661.0,970.0,7.400000095367432
707,19143337010661,39,95,1991,41.638938903808594,-83.86105346679688,19143342010661.0,901.0,1.0
708,144954467010661,39,95,2009,41.52568435668945,-83.8596420288086,225010439010661.0,129.0,14.300000190734863
709,168996447010661,39,95,2010,41.664241790771484,-83.64910125732422,247577316010661.0,972.0,
710,171867622020004,39,95,2014,41.52568435668945,-83.8596420288086,334950236489998.0,762.0,11.899999618530273
711,222443639010661,39,95,2012,41.71015167236328,-83.7816390991211,31287482020004.0,951.0,7.300000190734863
712,59842589010538,39,95,2004,41.62090301513672,-83.58657836914062,,,
713,19143323010661,39,95,1991,41.61116027832031,-83.83326721191406,,,
714,19143130010661,39,95,1991,41.69449996948242,-83.77771759033203,19143133010661.0,541.0,19.5
715,19143094010661,39,95,1991,41.61116027832031,-83.80549621582031,19143116010661.0,356.0,1.0
716,16232387020004,39,95,2014,41.71050262451172,-83.7154541015625,271061132489998.0,975.0,
717,72784931010538,39,95,2007,41.46684265136719,-83.75054931640625,73979524010538.0,462.0,7.400000095367432
718,109828871010661,39,95,2008,41.71050262451172,-83.7154541015625,212662668010661.0,313.0,10.5
719,251630357489998,39,95,2016,41.664241790771484,-83.64910125732422,381536476489998.0,317.0,20.700000762939453
720,463048795489998,39,95,2018,41.66604232788086,-83.7697982788086,657547069126144.0,316.0,7.400000095367432
721,247063370010661,39,95,2012,41.58158493041992,-83.6323013305664,,,
722,109829353010661,39,95,2008,41.686397552490234,-83.55067443847656,,,
723,19143229010661,39,95,1991,41.638938903808594,-83.4166030883789,,,
724,19143293010661,39,95,1991,41.638938903808594,-83.77771759033203,19143298010661.0,804.0,8.399999618530273
725,144954463010661,39,95,2009,41.55684280395508,-83.72679901123047,225010547010661.0,972.0,11.399999618530273
726,19143130010661,39,95,1991,41.69449996948242,-83.77771759033203,19143195010661.0,541.0,11.300000190734863
727,19143130010661,39,95,1991,41.69449996948242,-83.77771759033203,19143155010661.0,541.0,23.0
728,247063371010661,39,95,2013,41.66604232788086,-83.7697982788086,211866812020004.0,931.0,6.900000095367432
729,375549635489998,39,95,2017,41.71015167236328,-83.7816390991211,530826936126144.0,409.0,
730,463048795489998,39,95,2018,41.66604232788086,-83.7697982788086,657547087126144.0,681.0,8.300000190734863
731,144954467010661,39,95,2009,41.52568435668945,-83.8596420288086,225010444010661.0,931.0,1.600000023841858
732,66412365010538,39,95,2005,41.664241790771484,-83.64910125732422,66412417010538.0,742.0,5.0
733,19143094010661,39,95,1991,41.61116027832031,-83.80549621582031,19143102010661.0,762.0,5.400000095367432
734,144954463010661,39,95,2009,41.55684280395508,-83.72679901123047,225010539010661.0,830.0,9.699999809265137
735,144954467010661,39,95,2009,41.52568435668945,-83.8596420288086,225010441010661.0,125.0,10.199999809265137
736,19143293010661,39,95,1991,41.638938903808594,-83.77771759033203,19143308010661.0,970.0,9.800000190734863
737,19143130010661,39,95,1991,41.69449996948242,-83.77771759033203,19143165010661.0,400.0,15.699999809265137
738,19143213010661,39,95,1991,41.694488525390625,-83.63883209228516,,,
739,306266135489998,39,95,2016,41.59578323364258,-83.68193817138672,,,
740,19143291010661,39,95,1991,41.527828216552734,-83.86105346679688,,,
741,247063371010661,39,95,2013,41.66604232788086,-83.7697982788086,211866795020004.0,316.0,6.099999904632568
742,375549627489998,39,95,2017,41.46684265136719,-83.75054931640625,531144909126144.0,462.0,6.300000190734863
743,59842363010538,39,95,2003,41.52568435668945,-83.8596420288086,66328608010538.0,125.0,11.0
744,144954467010661,39,95,2009,41.52568435668945,-83.8596420288086,225010419010661.0,125.0,12.0
745,144954467010661,39,95,2009,41.52568435668945,-83.8596420288086,225010424010661.0,125.0,12.399999618530273
746,251630357489998,39,95,2016,41.664241790771484,-83.64910125732422,381536485489998.0,313.0,6.199999809265137
747,19143064010661,39,95,1991,41.58338165283203,-83.80549621582031,19143071010661.0,837.0,12.199999809265137
748,19143239010661,39,95,1991,41.50004959106445,-83.86105346679688,19143264010661.0,125.0,12.0
749,247063372010661,39,95,2012,41.5768928527832,-83.8073501586914,,,
750,76390328010538,39,95,2008,41.66604232788086,-83.7697982788086,167746334010661.0,316.0,2.9000000953674316
751,168996447010661,39,95,2010,41.664241790771484,-83.64910125732422,247577293010661.0,602.0,13.0
752,168996447010661,39,95,2010,41.664241790771484,-83.64910125732422,247577296010661.0,602.0,18.600000381469727
753,251630357489998,39,95,2016,41.664241790771484,-83.64910125732422,381536466489998.0,731.0,33.400001525878906
754,375549635489998,39,95,2017,41.71015167236328,-83.7816390991211,530826924126144.0,951.0,
755,59842363010538,39,95,2003,41.52568435668945,-83.8596420288086,66328610010538.0,129.0,12.899999618530273
756,171867443020004,39,95,2014,41.710994720458984,-83.68370056152344,,,
757,171867446020004,39,95,2015,41.55684280395508,-83.72679901123047,334949116489998.0,972.0,5.199999809265137
758,19143130010661,39,95,1991,41.69449996948242,-83.77771759033203,19143172010661.0,701.0,1.5
759,171867622020004,39,95,2014,41.52568435668945,-83.8596420288086,334950186489998.0,316.0,1.2000000476837158
760,19143293010661,39,95,1991,41.638938903808594,-83.77771759033203,19143297010661.0,970.0,14.600000381469727
761,72784668010538,39,95,2007,41.71015167236328,-83.7816390991211,73979349010538.0,951.0,8.199999809265137
762,463048795489998,39,95,2018,41.66604232788086,-83.7697982788086,657547059126144.0,316.0,6.099999904632568
763,59842363010538,39,95,2003,41.52568435668945,-83.8596420288086,66328578010538.0,125.0,10.699999809265137
764,19143225010661,39,95,1991,41.66672134399414,-83.83326721191406,,,
765,76390322010538,39,95,2007,41.5768928527832,-83.8073501586914,,,
766,19143197010661,39,95,1991,41.61116027832031,-83.80549621582031,19143207010661.0,830.0,1.0
767,375549635489998,39,95,2017,41.71015167236328,-83.7816390991211,530826940126144.0,407.0,
768,171867446020004,39,95,2015,41.55684280395508,-83.72679901123047,334949115489998.0,972.0,6.199999809265137
769,72784931010538,39,95,2007,41.46684265136719,-83.75054931640625,73979528010538.0,462.0,5.199999809265137
770,72784668010538,39,95,2007,41.71015167236328,-83.7816390991211,73979319010538.0,951.0,8.199999809265137
771,19143064010661,39,95,1991,41.58338165283203,-83.80549621582031,19143068010661.0,830.0,23.5
772,19143239010661,39,95,1991,41.50004959106445,-83.86105346679688,19143268010661.0,125.0,9.100000381469727
773,19143293010661,39,95,1991,41.638938903808594,-83.77771759033203,19143296010661.0,804.0,20.200000762939453
774,19143130010661,39,95,1991,41.69449996948242,-83.77771759033203,19143152010661.0,400.0,7.400000095367432
775,19143130010661,39,95,1991,41.69449996948242,-83.77771759033203,19143196010661.0,541.0,8.5
776,109828871010661,39,95,2008,41.71050262451172,-83.7154541015625,212662673010661.0,491.0,1.600000023841858
777,59842363010538,39,95,2003,41.52568435668945,-83.8596420288086,66328576010538.0,125.0,11.600000381469727
778,19143130010661,39,95,1991,41.69449996948242,-83.77771759033203,19143193010661.0,804.0,27.799999237060547
779,59825388010538,39,95,2004,41.482505798339844,-83.83953094482422,,,
780,19143337010661,39,95,1991,41.638938903808594,-83.86105346679688,19143345010661.0,901.0,1.0
781,19143337010661,39,95,1991,41.638938903808594,-83.86105346679688,19143369010661.0,951.0,2.700000047683716
782,19143337010661,39,95,1991,41.638938903808594,-83.86105346679688,19143391010661.0,316.0,1.7000000476837158
783,16232387020004,39,95,2014,41.71050262451172,-83.7154541015625,271061134489998.0,681.0,5.199999809265137
784,59842363010538,39,95,2003,41.52568435668945,-83.8596420288086,66328656010538.0,931.0,7.5
785,76390328010538,39,95,2008,41.66604232788086,-83.7697982788086,167746340010661.0,316.0,5.900000095367432
786,19143130010661,39,95,1991,41.69449996948242,-83.77771759033203,19143134010661.0,541.0,19.0
787,59881280010538,39,95,2005,41.649574279785156,-83.38815307617188,,,
788,19143094010661,39,95,1991,41.61116027832031,-83.80549621582031,19143113010661.0,356.0,2.200000047683716
789,19143337010661,39,95,1991,41.638938903808594,-83.86105346679688,19143349010661.0,901.0,1.0
790,19143337010661,39,95,1991,41.638938903808594,-83.86105346679688,19143372010661.0,951.0,2.0999999046325684
791,66412365010538,39,95,2005,41.664241790771484,-83.64910125732422,66412419010538.0,402.0,8.800000190734863
792,251630357489998,39,95,2016,41.664241790771484,-83.64910125732422,381536467489998.0,602.0,27.600000381469727
793,375549635489998,39,95,2017,41.71015167236328,-83.7816390991211,530826933126144.0,407.0,
794,144954467010661,39,95,2009,41.52568435668945,-83.8596420288086,225010415010661.0,125.0,11.899999618530273
795,19143398010661,39,95,1991,41.573448181152344,-83.7459716796875,,,
796,59842363010538,39,95,2003,41.52568435668945,-83.8596420288086,66328632010538.0,746.0,8.399999618530273
797,66412365010538,39,95,2005,41.664241790771484,-83.64910125732422,66412411010538.0,317.0,8.699999809265137
798,72784668010538,39,95,2007,41.71015167236328,-83.7816390991211,73979311010538.0,951.0,5.699999809265137
799,19143404010661,39,95,1991,41.573448181152344,-83.7459716796875,,,
800,19143337010661,39,95,1991,41.638938903808594,-83.86105346679688,19143393010661.0,951.0,1.5
801,59794599010538,39,95,2002,41.66604232788086,-83.7697982788086,66247729010538.0,316.0,2.0
802,59842512010538,39,95,2004,41.71050262451172,-83.7154541015625,66328723010538.0,462.0,6.199999809265137
803,222443683010661,39,95,2012,41.46684265136719,-83.75054931640625,31287544020004.0,462.0,8.100000381469727
804,19143239010661,39,95,1991,41.50004959106445,-83.86105346679688,19143257010661.0,762.0,11.5
805,19143239010661,39,95,1991,41.50004959106445,-83.86105346679688,19143261010661.0,125.0,10.5
806,19143239010661,39,95,1991,41.50004959106445,-83.86105346679688,19143288010661.0,125.0,10.699999809265137
807,16232388020004,39,95,2013,41.616024017333984,-83.75392150878906,,,
808,16232577020004,39,95,2014,41.482505798339844,-83.83953094482422,,,
809,59842363010538,39,95,2003,41.52568435668945,-83.8596420288086,66328594010538.0,125.0,8.600000381469727
810,247063371010661,39,95,2013,41.66604232788086,-83.7697982788086,211866806020004.0,830.0,10.899999618530273
811,463048795489998,39,95,2018,41.66604232788086,-83.7697982788086,657547074126144.0,316.0,5.400000095367432
812,19143064010661,39,95,1991,41.58338165283203,-83.80549621582031,19143075010661.0,830.0,5.099999904632568
813,222443639010661,39,95,2012,41.71015167236328,-83.7816390991211,31287502020004.0,407.0,2.799999952316284
814,171867622020004,39,95,2014,41.52568435668945,-83.8596420288086,334950213489998.0,125.0,13.300000190734863
815,144954365010661,39,95,2009,41.649574279785156,-83.38815307617188,,,
816,247063415010661,39,95,2012,41.65494155883789,-83.26998138427734,,,
817,19143064010661,39,95,1991,41.58338165283203,-83.80549621582031,19143066010661.0,837.0,17.5
818,72784668010538,39,95,2007,41.71015167236328,-83.7816390991211,73979301010538.0,407.0,1.100000023841858
819,76390328010538,39,95,2008,41.66604232788086,-83.7697982788086,167746325010661.0,746.0,8.899999618530273
820,375549627489998,39,95,2017,41.46684265136719,-83.75054931640625,531144915126144.0,462.0,8.199999809265137
821,72784931010538,39,95,2007,41.46684265136719,-83.75054931640625,73979534010538.0,541.0,5.300000190734863
822,251630357489998,39,95,2016,41.664241790771484,-83.64910125732422,381536495489998.0,972.0,6.800000190734863
823,375549627489998,39,95,2017,41.46684265136719,-83.75054931640625,531144911126144.0,742.0,32.900001525878906
824,171867622020004,39,95,2014,41.52568435668945,-83.8596420288086,334950199489998.0,125.0,10.600000381469727
825,19143239010661,39,95,1991,41.50004959106445,-83.86105346679688,19143276010661.0,125.0,6.5
826,19143130010661,39,95,1991,41.69449996948242,-83.77771759033203,19143170010661.0,951.0,3.0999999046325684
827,171867622020004,39,95,2014,41.52568435668945,-83.8596420288086,334950194489998.0,762.0,10.699999809265137
828,19143239010661,39,95,1991,41.50004959106445,-83.86105346679688,19143254010661.0,129.0,21.0
829,59881373010538,39,95,2005,41.48978042602539,-83.77992248535156,,,
830,19143337010661,39,95,1991,41.638938903808594,-83.86105346679688,19143361010661.0,951.0,1.899999976158142
831,171867446020004,39,95,2015,41.55684280395508,-83.72679901123047,334949110489998.0,830.0,11.800000190734863
832,251630357489998,39,95,2016,41.664241790771484,-83.64910125732422,381536474489998.0,541.0,
833,251630357489998,39,95,2016,41.664241790771484,-83.64910125732422,381536486489998.0,402.0,10.800000190734863
834,375549635489998,39,95,2017,41.71015167236328,-83.7816390991211,530826943126144.0,951.0,
835,19143239010661,39,95,1991,41.50004959106445,-83.86105346679688,19143277010661.0,125.0,13.600000381469727
836,19143197010661,39,95,1991,41.61116027832031,-83.80549621582031,19143200010661.0,830.0,10.0
837,19143094010661,39,95,1991,41.61116027832031,-83.80549621582031,19143107010661.0,762.0,5.0
838,59842512010538,39,95,2004,41.71050262451172,-83.7154541015625,66328699010538.0,762.0,15.300000190734863
839,144954467010661,39,95,2009,41.52568435668945,-83.8596420288086,225010433010661.0,125.0,10.100000381469727
840,247063371010661,39,95,2013,41.66604232788086,-83.7697982788086,211866820020004.0,491.0,5.699999809265137
841,463048795489998,39,95,2018,41.66604232788086,-83.7697982788086,657547055126144.0,316.0,6.900000095367432
842,72784818010538,39,95,2006,41.630340576171875,-83.50714111328125,,,
843,19143130010661,39,95,1991,41.69449996948242,-83.77771759033203,19143168010661.0,951.0,5.099999904632568
844,59842512010538,39,95,2004,41.71050262451172,-83.7154541015625,66328709010538.0,972.0,6.0
845,66412365010538,39,95,2005,41.664241790771484,-83.64910125732422,66412405010538.0,317.0,18.899999618530273
846,222443683010661,39,95,2012,41.46684265136719,-83.75054931640625,31287549020004.0,541.0,5.300000190734863
847,19143317010661,39,95,1991,41.47227096557617,-83.83326721191406,,,
848,16232387020004,39,95,2014,41.71050262451172,-83.7154541015625,271061136489998.0,972.0,8.899999618530273
849,59842512010538,39,95,2004,41.71050262451172,-83.7154541015625,66328707010538.0,681.0,6.5
850,72784668010538,39,95,2007,41.71015167236328,-83.7816390991211,73979355010538.0,407.0,8.399999618530273
851,171867446020004,39,95,2015,41.55684280395508,-83.72679901123047,334949112489998.0,972.0,6.800000190734863
852,19143064010661,39,95,1991,41.58338165283203,-83.80549621582031,19143067010661.0,830.0,27.200000762939453
853,19143239010661,39,95,1991,41.50004959106445,-83.86105346679688,19143262010661.0,125.0,10.399999618530273
854,59825473010538,39,95,2002,41.5768928527832,-83.8073501586914,,,
855,19143239010661,39,95,1991,41.50004959106445,-83.86105346679688,19143275010661.0,762.0,10.800000190734863
856,59842363010538,39,95,2003,41.52568435668945,-83.8596420288086,66328652010538.0,746.0,6.0
857,76390328010538,39,95,2008,41.66604232788086,-83.7697982788086,167746336010661.0,830.0,9.199999809265137
858,59881322010538,39,95,2005,41.55684280395508,-83.72679901123047,66361413010538.0,972.0,5.5
859,247063369010661,39,95,2012,41.666099548339844,-83.58354949951172,,,
860,19143337010661,39,95,1991,41.638938903808594,-83.86105346679688,19143350010661.0,901.0,1.0
861,144954467010661,39,95,2009,41.52568435668945,-83.8596420288086,225010461010661.0,762.0,11.100000381469727
862,375549627489998,39,95,2017,41.46684265136719,-83.75054931640625,531144913126144.0,331.0,5.800000190734863
863,59842363010538,39,95,2003,41.52568435668945,-83.8596420288086,66328604010538.0,129.0,13.5
864,19143239010661,39,95,1991,41.50004959106445,-83.86105346679688,19143241010661.0,125.0,10.899999618530273
865,222443681010661,39,95,2012,41.548587799072266,-83.69133758544922,,,
866,19143325010661,39,95,1991,41.61116027832031,-83.24993133544922,,,
867,19143337010661,39,95,1991,41.638938903808594,-83.86105346679688,19143395010661.0,407.0,1.2000000476837158
868,66412365010538,39,95,2005,41.664241790771484,-83.64910125732422,66412433010538.0,972.0,13.5
869,144954467010661,39,95,2009,41.52568435668945,-83.8596420288086,225010454010661.0,746.0,5.0
870,19143130010661,39,95,1991,41.69449996948242,-83.77771759033203,19143163010661.0,541.0,28.200000762939453
871,171867622020004,39,95,2014,41.52568435668945,-83.8596420288086,334950208489998.0,316.0,
872,171867622020004,39,95,2014,41.52568435668945,-83.8596420288086,334950222489998.0,931.0,1.7999999523162842
873,19143337010661,39,95,1991,41.638938903808594,-83.86105346679688,19143347010661.0,901.0,1.0
874,19143337010661,39,95,1991,41.638938903808594,-83.86105346679688,19143384010661.0,500.0,1.5
875,76390328010538,39,95,2008,41.66604232788086,-83.7697982788086,167746337010661.0,316.0,6.0
876,59794599010538,39,95,2002,41.66604232788086,-83.7697982788086,66247739010538.0,830.0,8.199999809265137
877,144954467010661,39,95,2009,41.52568435668945,-83.8596420288086,225010428010661.0,125.0,10.899999618530273
878,247063371010661,39,95,2013,41.66604232788086,-83.7697982788086,211866797020004.0,316.0,6.300000190734863
879,375549635489998,39,95,2017,41.71015167236328,-83.7816390991211,530826947126144.0,407.0,
880,19143130010661,39,95,1991,41.69449996948242,-83.77771759033203,19143135010661.0,541.0,15.5
881,19143337010661,39,95,1991,41.638938903808594,-83.86105346679688,19143389010661.0,823.0,33.400001525878906
882,109828871010661,39,95,2008,41.71050262451172,-83.7154541015625,212662659010661.0,762.0,16.899999618530273
883,171867446020004,39,95,2015,41.55684280395508,-83.72679901123047,334949122489998.0,972.0,11.100000381469727
884,463048795489998,39,95,2018,41.66604232788086,-83.7697982788086,657547084126144.0,762.0,18.5
885,222443639010661,39,95,2012,41.71015167236328,-83.7816390991211,31287511020004.0,407.0,1.0
886,59825405010538,39,95,2004,41.70487594604492,-83.87748718261719,,,
887,19143337010661,39,95,1991,41.638938903808594,-83.86105346679688,19143370010661.0,951.0,2.4000000953674316
888,222443639010661,39,95,2012,41.71015167236328,-83.7816390991211,31287497020004.0,951.0,10.699999809265137
889,19143130010661,39,95,1991,41.69449996948242,-83.77771759033203,19143153010661.0,400.0,17.700000762939453
890,171867434020004,39,95,2015,41.649574279785156,-83.38815307617188,,,
891,222443639010661,39,95,2012,41.71015167236328,-83.7816390991211,31287487020004.0,823.0,16.899999618530273
892,375549627489998,39,95,2017,41.46684265136719,-83.75054931640625,531144910126144.0,833.0,15.899999618530273
893,59842363010538,39,95,2003,41.52568435668945,-83.8596420288086,66328622010538.0,762.0,8.899999618530273
894,19143337010661,39,95,1991,41.638938903808594,-83.86105346679688,19143356010661.0,500.0,18.5
895,19143311010661,39,95,1991,41.694488525390625,-83.72216033935547,,,
896,19143293010661,39,95,1991,41.638938903808594,-83.77771759033203,19143299010661.0,804.0,19.5
897,19143064010661,39,95,1991,41.58338165283203,-83.80549621582031,19143087010661.0,762.0,1.0
898,109828871010661,39,95,2008,41.71050262451172,-83.7154541015625,212662664010661.0,681.0,6.900000095367432
899,247063371010661,39,95,2013,41.66604232788086,-83.7697982788086,211866794020004.0,316.0,5.599999904632568
900,144954467010661,39,95,2009,41.52568435668945,-83.8596420288086,225010437010661.0,125.0,9.399999618530273
901,59842363010538,39,95,2003,41.52568435668945,-83.8596420288086,66328630010538.0,931.0,4.900000095367432
902,144954467010661,39,95,2009,41.52568435668945,-83.8596420288086,225010407010661.0,316.0,1.2000000476837158
903,144954467010661,39,95,2009,41.52568435668945,-83.8596420288086,225010431010661.0,125.0,8.699999809265137
904,171867330020004,39,95,2015,41.48978042602539,-83.77992248535156,,,
905,59794514010538,39,95,2002,41.66526794433594,-83.41656494140625,,,
906,222443645010661,39,95,2012,41.54207992553711,-83.87144470214844,31287523020004.0,313.0,9.800000190734863
907,247063371010661,39,95,2013,41.66604232788086,-83.7697982788086,211866813020004.0,544.0,7.0
908,59842363010538,39,95,2003,41.52568435668945,-83.8596420288086,66328618010538.0,931.0,9.100000381469727
909,76390316010538,39,95,2007,41.66526794433594,-83.41656494140625,,,
910,72784834010538,39,95,2006,41.59578323364258,-83.68193817138672,,,
911,59842363010538,39,95,2003,41.52568435668945,-83.8596420288086,66328654010538.0,762.0,5.599999904632568
912,144954467010661,39,95,2009,41.52568435668945,-83.8596420288086,225010417010661.0,762.0,5.199999809265137
