"CN","PLT_CN","INVYR","STATECD","COUNTYCD","PLOT","SUBP","MEASYEAR","LVSHRBCD","DSHRBCD","LVHRBCD","DHRBCD","LITTERCD","LVSHRBHT","DSHRBHT","LVHRBHT","DHRBHT","CREATED_BY","CREATED_DATE","CREATED_IN_INSTANCE","MODIFIED_BY","MODIFIED_DATE","MODIFIED_IN_INSTANCE","MICR_SAMPLE_METHOD"
"76440911010538","59780449010538",2001,39,1,561,1,2001,10,1,10,0,90,2,0.2,0.4,0,"",2007-11-19,"10661","",2014-08-04,"489998","1"
"76440910010538","59780449010538",2001,39,1,561,2,2001,0,0,10,0,60,0,0,0.4,0,"",2007-11-19,"10661","",2014-08-04,"489998","1"
"76440909010538","59780449010538",2001,39,1,561,3,2001,1,0,1,1,90,0.5,0,0.4,0.1,"",2007-11-19,"10661","",2014-08-04,"489998","1"
"76440908010538","59780449010538",2001,39,1,561,4,2001,20,10,20,10,80,2,0.5,0.5,0.2,"",2007-11-19,"10661","",2014-08-04,"489998","1"
"76441098010538","59781089010538",2001,39,7,120,1,2001,0,0,30,0,99,0,0,2.8,0,"",2007-11-19,"10661","",2014-08-04,"489998","1"
"76441097010538","59781089010538",2001,39,7,120,2,2001,10,0,10,0,99,10,0,1.5,0,"",2007-11-19,"10661","",2014-08-04,"489998","1"
"76441096010538","59781089010538",2001,39,7,120,3,2001,10,0,10,0,99,6.1,0,2.1,0,"",2007-11-19,"10661","",2014-08-04,"489998","1"
"76441095010538","59781089010538",2001,39,7,120,4,2001,10,0,10,0,99,4.8,0,1.6,0,"",2007-11-19,"10661","",2014-08-04,"489998","1"
"76440939010538","59782247010538",2001,39,9,598,1,2001,10,0,80,1,30,4.7,0,2.8,3.5,"",2007-11-19,"10661","",2014-08-04,"489998","1"
"76440938010538","59782247010538",2001,39,9,598,2,2001,10,0,80,10,20,2.2,0,4.5,1.3,"",2007-11-19,"10661","",2014-08-04,"489998","1"
"76440937010538","59782247010538",2001,39,9,598,3,2001,0,0,80,0,50,0,0,4,0,"",2007-11-19,"10661","",2014-08-04,"489998","1"
"76440936010538","59782247010538",2001,39,9,598,4,2001,70,0,30,0,30,2.4,0,3.5,0,"",2007-11-19,"10661","",2014-08-04,"489998","1"
"76440946010538","59784375010538",2001,39,25,401,1,2001,20,0,10,10,30,2.5,0,0.5,0.1,"",2007-11-19,"10661","",2014-08-04,"489998","1"
"76440945010538","59784375010538",2001,39,25,401,2,2001,0,0,10,0,70,0,0,0.5,0,"",2007-11-19,"10661","",2014-08-04,"489998","1"
"76440944010538","59784375010538",2001,39,25,401,4,2001,0,0,10,0,10,0,0,0,0,"",2007-11-19,"10661","",2014-08-04,"489998","1"
"76441022010538","59784920010538",2001,39,29,606,1,2001,30,1,99,30,10,6.3,2,5,1,"",2007-11-19,"10661","",2014-08-04,"489998","1"
"76441021010538","59784920010538",2001,39,29,606,2,2001,50,10,10,1,40,11,4.3,2.5,0.3,"",2007-11-19,"10661","",2014-08-04,"489998","1"
"76441020010538","59784920010538",2001,39,29,606,3,2001,99,1,10,1,10,5,7,2,0.6,"",2007-11-19,"10661","",2014-08-04,"489998","1"
"76441019010538","59784920010538",2001,39,29,606,4,2001,0,0,99,0,30,0,0,1.2,0,"",2007-11-19,"10661","",2014-08-04,"489998","1"
"76441106010538","59785584010538",2001,39,35,575,1,2001,40,0,1,0,80,6,0,0.5,0,"",2007-11-19,"10661","",2014-08-04,"489998","1"
"76441105010538","59785584010538",2001,39,35,575,2,2001,40,0,1,0,70,8,0,0.6,0,"",2007-11-19,"10661","",2014-08-04,"489998","1"
"76441104010538","59785584010538",2001,39,35,575,3,2001,1,0,1,0,90,3,0,0.6,0,"",2007-11-19,"10661","",2014-08-04,"489998","1"
"76441103010538","59785584010538",2001,39,35,575,4,2001,10,0,1,0,99,4,0,0.5,0,"",2007-11-19,"10661","",2014-08-04,"489998","1"
"76441029010538","59786192010538",2001,39,41,574,1,2001,10,0,90,10,10,2.3,0,4.6,3.9,"",2007-11-19,"10661","",2014-08-04,"489998","1"
"76441028010538","59786192010538",2001,39,41,574,2,2001,20,0,90,1,10,2.6,0,3.8,2.3,"",2007-11-19,"10661","",2014-08-04,"489998","1"
"76441027010538","59786192010538",2001,39,41,574,3,2001,0,0,99,10,10,0,0,4,2,"",2007-11-19,"10661","",2014-08-04,"489998","1"
"76440903010538","59787135010538",2001,39,53,778,1,2001,10,0,10,0,99,1.2,0,1.8,0,"",2007-11-19,"10661","",2014-08-04,"489998","1"
"76440902010538","59787135010538",2001,39,53,778,2,2001,30,0,0,0,99,1.4,0,0,0,"",2007-11-19,"10661","",2014-08-04,"489998","1"
"76440901010538","59787135010538",2001,39,53,778,3,2001,30,0,10,0,99,1.9,0,1,0,"",2007-11-19,"10661","",2014-08-04,"489998","1"
"76440900010538","59787135010538",2001,39,53,778,4,2001,80,0,10,0,60,12,0,2,0,"",2007-11-19,"10661","",2014-08-04,"489998","1"
"76440949010538","59788852010538",2001,39,61,506,1,2001,1,0,1,0,10,0.7,0,0.5,0,"",2007-11-19,"10661","",2014-08-04,"489998","1"
"76440948010538","59788852010538",2001,39,61,506,2,2001,1,1,10,1,20,2,4,0.1,0.1,"",2007-11-19,"10661","",2014-08-04,"489998","1"
"76440947010538","59788852010538",2001,39,61,506,4,2001,0,0,30,1,20,0,0,1.5,0.1,"",2007-11-19,"10661","",2014-08-04,"489998","1"
"76441018010538","59789167010538",2001,39,67,363,1,2001,10,0,70,0,20,30,0,2,0,"",2007-11-19,"10661","",2014-08-04,"489998","1"
"76441017010538","59789167010538",2001,39,67,363,3,2001,0,0,10,0,80,0,0,1.2,0,"",2007-11-19,"10661","",2014-08-04,"489998","1"
"76441016010538","59789167010538",2001,39,67,363,4,2001,1,0,20,0,90,2.4,0,2.2,0,"",2007-11-19,"10661","",2014-08-04,"489998","1"
"76440943010538","59790455010538",2001,39,73,197,1,2001,10,0,60,0,80,4,0,2.5,0,"",2007-11-19,"10661","",2014-08-04,"489998","1"
"76440942010538","59790455010538",2001,39,73,197,2,2001,0,0,10,0,10,0,0,1,0,"",2007-11-19,"10661","",2014-08-04,"489998","1"
"76440941010538","59790455010538",2001,39,73,197,3,2001,20,0,30,0,90,8.2,0,1.8,0,"",2007-11-19,"10661","",2014-08-04,"489998","1"
"76440940010538","59790455010538",2001,39,73,197,4,2001,20,0,30,0,90,9.2,0,2,0,"",2007-11-19,"10661","",2014-08-04,"489998","1"
"76441026010538","59792161010538",2001,39,83,604,1,2001,0,0,10,0,90,0,0,0.1,0,"",2007-11-19,"10661","",2014-08-04,"489998","1"
"76441025010538","59792161010538",2001,39,83,604,2,2001,10,0,30,1,80,2.5,0,0.2,0,"",2007-11-19,"10661","",2014-08-04,"489998","1"
"76441024010538","59792161010538",2001,39,83,604,3,2001,1,1,1,1,90,0.2,0,0.1,0,"",2007-11-19,"10661","",2014-08-04,"489998","1"
"76441023010538","59792161010538",2001,39,83,604,4,2001,0,0,0,0,90,0,0,0,0,"",2007-11-19,"10661","",2014-08-04,"489998","1"
"76440919010538","59792877010538",2001,39,87,319,1,2001,20,0,10,0,60,3,0,0.4,0,"",2007-11-19,"10661","",2014-08-04,"489998","1"
"76440922010538","59792877010538",2001,39,87,319,2,2001,20,10,10,0,70,2,1,0.5,0,"",2007-11-19,"10661","",2014-08-04,"489998","1"
"76440921010538","59792877010538",2001,39,87,319,3,2001,20,0,10,0,70,2.5,0,0.4,0,"",2007-11-19,"10661","",2014-08-04,"489998","1"
"76440920010538","59792877010538",2001,39,87,319,4,2001,10,0,10,1,70,3,0,0.4,0.1,"",2007-11-19,"10661","",2014-08-04,"489998","1"
"76440935010538","59796133010538",2001,39,111,537,1,2001,0,0,0,0,0,0,0,0,0,"",2007-11-19,"10661","",2014-08-04,"489998","1"
"76440934010538","59796133010538",2001,39,111,537,2,2001,0,0,0,0,0,0,0,0,0,"",2007-11-19,"10661","",2014-08-04,"489998","1"
"76440933010538","59796133010538",2001,39,111,537,3,2001,0,0,0,0,0,0,0,0,0,"",2007-11-19,"10661","",2014-08-04,"489998","1"
"76440932010538","59796133010538",2001,39,111,537,4,2001,0,0,0,0,0,0,0,0,0,"",2007-11-19,"10661","",2014-08-04,"489998","1"
"76441102010538","59799485010538",2001,39,133,64,1,2001,0,0,10,0,99,0,0,0.4,0,"",2007-11-19,"10661","",2014-08-04,"489998","1"
"76441101010538","59799485010538",2001,39,133,64,2,2001,10,0,40,1,99,2.4,0,1.2,0.2,"",2007-11-19,"10661","",2014-08-04,"489998","1"
"76441100010538","59799485010538",2001,39,133,64,3,2001,0,0,10,10,90,0,0,0.4,0.2,"",2007-11-19,"10661","",2014-08-04,"489998","1"
"76441099010538","59799485010538",2001,39,133,64,4,2001,0,0,10,0,99,0,0,1,0,"",2007-11-19,"10661","",2014-08-04,"489998","1"
"76440907010538","59801189010538",2001,39,145,33,1,2001,10,0,10,1,99,3,0,1.5,0.1,"",2007-11-19,"10661","",2014-08-04,"489998","1"
"76440906010538","59801189010538",2001,39,145,33,2,2001,20,0,10,1,90,0.3,0,1.5,0.1,"",2007-11-19,"10661","",2014-08-04,"489998","1"
"76440905010538","59801189010538",2001,39,145,33,3,2001,20,0,20,0,90,6,0,1,0,"",2007-11-19,"10661","",2014-08-04,"489998","1"
"76440904010538","59801189010538",2001,39,145,33,4,2001,0,0,10,1,70,0,0,1.2,0.1,"",2007-11-19,"10661","",2014-08-04,"489998","1"
"76440931010538","59804300010538",2001,39,167,404,1,2001,20,0,0,0,90,0.5,0,0,0,"",2007-11-19,"10661","",2014-08-04,"489998","1"
"76440930010538","59804300010538",2001,39,167,404,2,2001,0,0,1,0,60,0,0,0.8,0,"",2007-11-19,"10661","",2014-08-04,"489998","1"
"76442027010538","59827371010538",2002,39,1,5656,2,2002,70,0,10,0,70,6,0,0.5,0,"",2007-11-19,"10661","",2014-08-04,"489998","1"
"76440929010538","59804300010538",2001,39,167,404,3,2001,10,0,20,0,60,4.2,0,1.3,0,"",2007-11-19,"10661","",2014-08-04,"489998","1"
"76440928010538","59804300010538",2001,39,167,404,4,2001,0,0,40,10,70,0,0,2.5,0.8,"",2007-11-19,"10661","",2014-08-04,"489998","1"
"76442028010538","59827371010538",2002,39,1,5656,1,2002,10,0,10,0,20,3,0,0,0,"",2007-11-19,"10661","",2014-08-04,"489998","1"
"76442026010538","59827371010538",2002,39,1,5656,3,2002,10,0,10,0,20,6,0,0.5,0,"",2007-11-19,"10661","",2014-08-04,"489998","1"
"76442025010538","59827371010538",2002,39,1,5656,4,2002,10,0,10,0,60,4,0,0.5,0,"",2007-11-19,"10661","",2014-08-04,"489998","1"
"76442308010538","59828166010538",2002,39,7,5352,1,2002,50,0,10,0,30,8,0,0.7,0,"",2007-11-19,"10661","",2014-08-04,"489998","1"
"76442307010538","59828166010538",2002,39,7,5352,2,2002,60,0,0,0,40,13,0,0,0,"",2007-11-19,"10661","",2014-08-04,"489998","1"
"76442306010538","59828166010538",2002,39,7,5352,3,2002,50,0,10,0,20,9,0,1,0,"",2007-11-19,"10661","",2014-08-04,"489998","1"
"76442305010538","59828166010538",2002,39,7,5352,4,2002,30,0,30,0,10,6,0,2,0,"",2007-11-19,"10661","",2014-08-04,"489998","1"
"76442088010538","59829816010538",2002,39,13,2644,1,2002,10,0,10,0,70,0.3,0,0.6,0,"",2007-11-19,"10661","",2014-08-04,"489998","1"
"76442087010538","59829816010538",2002,39,13,2644,2,2002,10,0,10,1,80,0.4,0,0.5,1.1,"",2007-11-19,"10661","",2014-08-04,"489998","1"
"76442086010538","59829816010538",2002,39,13,2644,3,2002,1,0,10,0,80,0.4,0,0.6,0,"",2007-11-19,"10661","",2014-08-04,"489998","1"
"76442085010538","59829816010538",2002,39,13,2644,4,2002,1,0,10,1,80,0.5,0,1.4,1.1,"",2007-11-19,"10661","",2014-08-04,"489998","1"
"76442029010538","59830348010538",2002,39,15,2715,4,2002,0,0,50,60,20,0,0,2.5,0.5,"",2007-11-19,"10661","",2014-08-04,"489998","1"
"76442216010538","59832243010538",2002,39,31,4927,1,2002,80,0,10,0,60,60,0,0.7,0,"",2007-11-19,"10661","",2014-08-04,"489998","1"
"76442215010538","59832243010538",2002,39,31,4927,2,2002,10,10,20,0,20,7,7,1.4,0,"",2007-11-19,"10661","",2014-08-04,"489998","1"
"76442214010538","59832243010538",2002,39,31,4927,3,2002,30,0,10,0,40,5,0,1.2,0,"",2007-11-19,"10661","",2014-08-04,"489998","1"
"76442213010538","59832243010538",2002,39,31,4927,4,2002,80,10,30,0,60,25,4,1.3,0,"",2007-11-19,"10661","",2014-08-04,"489998","1"
"76442314010538","59832674010538",2002,39,35,5793,1,2002,40,0,0,0,30,7,0,0,0,"",2007-11-19,"10661","",2014-08-04,"489998","1"
"76442313010538","59832674010538",2002,39,35,5793,2,2002,20,0,10,0,40,2.2,0,0.5,0,"",2007-11-19,"10661","",2014-08-04,"489998","1"
"76442206010538","59819472010538",2002,39,59,1944,1,2002,0,0,90,0,40,0,0,6,0,"",2007-11-19,"10661","",2014-08-04,"489998","1"
"76442205010538","59819472010538",2002,39,59,1944,2,2002,1,0,90,0,40,1,0,6,0,"",2007-11-19,"10661","",2014-08-04,"489998","1"
"76442108010538","59821617010538",2002,39,73,4384,1,2002,10,0,10,0,40,2,0,1.5,0,"",2007-11-19,"10661","",2014-08-04,"489998","1"
"76442107010538","59821617010538",2002,39,73,4384,2,2002,10,0,10,0,60,3.1,0,1.2,0,"",2007-11-19,"10661","",2014-08-04,"489998","1"
"76442106010538","59821617010538",2002,39,73,4384,3,2002,10,0,10,0,40,2.8,0,0.8,0,"",2007-11-19,"10661","",2014-08-04,"489998","1"
"76442105010538","59821617010538",2002,39,73,4384,4,2002,20,0,20,0,20,2.5,0,2.4,0,"",2007-11-19,"10661","",2014-08-04,"489998","1"
"76442104010538","59822682010538",2002,39,79,2106,1,2002,50,0,1,0,99,3.3,0,1.4,0,"",2007-11-19,"10661","",2014-08-04,"489998","1"
"76442103010538","59822682010538",2002,39,79,2106,2,2002,80,10,1,0,90,6.9,5.6,0.4,0,"",2007-11-19,"10661","",2014-08-04,"489998","1"
"76442102010538","59822682010538",2002,39,79,2106,3,2002,10,1,10,0,99,1.4,1.1,1,0,"",2007-11-19,"10661","",2014-08-04,"489998","1"
"76442101010538","59822682010538",2002,39,79,2106,4,2002,50,10,10,0,99,14,2.8,0.6,0,"",2007-11-19,"10661","",2014-08-04,"489998","1"
"76442197010538","59823251010538",2002,39,81,2843,1,2002,0,0,10,90,60,0,0,3.7,2.8,"",2007-11-19,"10661","",2014-08-04,"489998","1"
"76442196010538","59823251010538",2002,39,81,2843,2,2002,0,0,20,40,10,0,0,2,3.2,"",2007-11-19,"10661","",2014-08-04,"489998","1"
"76442195010538","59823251010538",2002,39,81,2843,3,2002,0,0,60,70,70,0,0,3.2,3.6,"",2007-11-19,"10661","",2014-08-04,"489998","1"
"76442194010538","59823251010538",2002,39,81,2843,4,2002,0,0,40,80,90,0,0,2.4,3.5,"",2007-11-19,"10661","",2014-08-04,"489998","1"
"76442208010538","59825609010538",2002,39,99,5047,3,2002,50,0,30,0,10,4.5,0,1.2,0,"",2007-11-19,"10661","",2014-08-04,"489998","1"
"76442207010538","59825609010538",2002,39,99,5047,4,2002,20,10,10,0,10,2.8,0.4,0.4,0,"",2007-11-19,"10661","",2014-08-04,"489998","1"
"76442092010538","59826469010538",2002,39,105,2981,1,2002,99,70,30,0,70,9,7,1.5,0,"",2007-11-19,"10661","",2014-08-04,"489998","1"
"76442091010538","59826469010538",2002,39,105,2981,2,2002,30,0,60,0,20,4.5,0,6,0,"",2007-11-19,"10661","",2014-08-04,"489998","1"
"76442090010538","59826469010538",2002,39,105,2981,3,2002,40,30,50,0,40,6.6,2,2.5,0,"",2007-11-19,"10661","",2014-08-04,"489998","1"
"76442089010538","59826469010538",2002,39,105,2981,4,2002,0,0,10,0,60,0,0,0.5,0,"",2007-11-19,"10661","",2014-08-04,"489998","1"
"76442083010538","59833508010538",2002,39,111,3407,1,2002,1,0,20,0,30,1.8,0,1.5,0,"",2007-11-19,"10661","",2014-08-04,"489998","1"
"76442082010538","59833508010538",2002,39,111,3407,3,2002,0,0,30,1,70,0,0,2.4,0.5,"",2007-11-19,"10661","",2014-08-04,"489998","1"
"76442081010538","59833508010538",2002,39,111,3407,4,2002,10,0,1,0,80,3.8,0,0.8,0,"",2007-11-19,"10661","",2014-08-04,"489998","1"
"76442100010538","59806958010538",2002,39,115,3640,1,2002,70,0,1,0,99,5,0,0.3,0,"",2007-11-19,"10661","",2014-08-04,"489998","1"
"76442099010538","59806958010538",2002,39,115,3640,2,2002,10,10,70,1,80,3.8,4.6,5.8,1.2,"",2007-11-19,"10661","",2014-08-04,"489998","1"
"76442098010538","59806958010538",2002,39,115,3640,3,2002,10,0,1,0,99,2.3,0,0.4,0,"",2007-11-19,"10661","",2014-08-04,"489998","1"
"76442097010538","59806958010538",2002,39,115,3640,4,2002,90,1,10,0,80,7.2,5.8,1.4,0,"",2007-11-19,"10661","",2014-08-04,"489998","1"
"76442212010538","59807612010538",2002,39,119,1949,1,2002,60,0,10,0,40,2,0,1.4,0,"",2007-11-19,"10661","",2014-08-04,"489998","1"
"76442211010538","59807612010538",2002,39,119,1949,2,2002,40,0,0,0,90,28.7,0,0,0,"",2007-11-19,"10661","",2014-08-04,"489998","1"
"76442111010538","59809293010538",2002,39,131,2188,2,2002,10,0,1,0,40,3,0,0.5,0,"",2007-11-19,"10661","",2014-08-04,"489998","1"
"76442210010538","59807612010538",2002,39,119,1949,3,2002,60,0,10,0,50,50,0,0.8,0,"",2007-11-19,"10661","",2014-08-04,"489998","1"
"76442209010538","59807612010538",2002,39,119,1949,4,2002,10,0,10,0,70,6,0,0.1,0,"",2007-11-19,"10661","",2014-08-04,"489998","1"
"76442112010538","59809293010538",2002,39,131,2188,1,2002,20,0,10,0,60,4.6,0,0,0,"",2007-11-19,"10661","",2014-08-04,"489998","1"
"76442110010538","59809293010538",2002,39,131,2188,3,2002,20,0,20,0,40,2.6,0,1.2,0,"",2007-11-19,"10661","",2014-08-04,"489998","1"
"76442109010538","59809293010538",2002,39,131,2188,4,2002,20,0,20,0,30,3,0,0.8,0,"",2007-11-19,"10661","",2014-08-04,"489998","1"
"76442116010538","59811100010538",2002,39,141,5316,1,2002,0,0,10,0,30,0,0,0.5,0,"",2007-11-19,"10661","",2014-08-04,"489998","1"
"76442115010538","59811100010538",2002,39,141,5316,2,2002,20,0,10,0,70,0,0,0,0,"",2007-11-19,"10661","",2014-08-04,"489998","1"
"76442114010538","59811100010538",2002,39,141,5316,3,2002,20,0,0,0,60,12,0,0,0,"",2007-11-19,"10661","",2014-08-04,"489998","1"
"76442113010538","59811100010538",2002,39,141,5316,4,2002,0,0,10,0,30,0,0,0.5,0,"",2007-11-19,"10661","",2014-08-04,"489998","1"
"76442024010538","59811889010538",2002,39,145,2227,1,2002,20,0,1,0,99,2.9,0,1.2,0,"",2007-11-19,"10661","",2014-08-04,"489998","1"
"76442023010538","59811889010538",2002,39,145,2227,2,2002,60,0,30,0,40,3.2,0,0.8,0,"",2007-11-19,"10661","",2014-08-04,"489998","1"
"76442022010538","59811889010538",2002,39,145,2227,3,2002,10,0,0,0,99,2.5,0,0,0,"",2007-11-19,"10661","",2014-08-04,"489998","1"
"76442021010538","59811889010538",2002,39,145,2227,4,2002,10,0,1,0,99,5.4,0,0.2,0,"",2007-11-19,"10661","",2014-08-04,"489998","1"
"76442312010538","59813380010538",2002,39,153,3576,1,2002,0,0,99,10,20,0,0,6,5,"",2007-11-19,"10661","",2014-08-04,"489998","1"
"76442311010538","59813380010538",2002,39,153,3576,2,2002,0,0,99,10,10,0,0,6,3,"",2007-11-19,"10661","",2014-08-04,"489998","1"
"76442310010538","59813380010538",2002,39,153,3576,3,2002,0,0,99,30,40,0,0,3.5,2.2,"",2007-11-19,"10661","",2014-08-04,"489998","1"
"76442309010538","59813380010538",2002,39,153,3576,4,2002,0,0,99,10,20,0,0,6,5,"",2007-11-19,"10661","",2014-08-04,"489998","1"
"76442300010538","59813781010538",2002,39,155,5061,1,2002,30,0,70,10,40,5,0,2,0.5,"",2007-11-19,"10661","",2014-08-04,"489998","1"
"76442299010538","59813781010538",2002,39,155,5061,2,2002,70,10,20,0,50,12.5,2,1,0,"",2007-11-19,"10661","",2014-08-04,"489998","1"
"76442298010538","59813781010538",2002,39,155,5061,3,2002,70,10,90,10,50,9,2,3,1,"",2007-11-19,"10661","",2014-08-04,"489998","1"
"76442096010538","59815863010538",2002,39,167,2110,1,2002,0,0,30,0,10,0,0,1.2,0,"",2007-11-19,"10661","",2014-08-04,"489998","1"
"76442095010538","59815863010538",2002,39,167,2110,2,2002,10,0,10,0,90,2.7,0,1.2,0,"",2007-11-19,"10661","",2014-08-04,"489998","1"
"76442094010538","59815863010538",2002,39,167,2110,3,2002,20,0,30,0,40,4,0,1.2,0,"",2007-11-19,"10661","",2014-08-04,"489998","1"
"76442093010538","59815863010538",2002,39,167,2110,4,2002,10,0,30,1,50,3,0,1,0.1,"",2007-11-19,"10661","",2014-08-04,"489998","1"
"54178842010538","59845225010538",2003,39,5,4827,1,2003,50,0,40,0,50,4,0,1.7,0,"",2005-04-14,"10538","",2014-08-04,"489998","1"
"54178858010538","59845225010538",2003,39,5,4827,2,2003,20,0,10,0,90,1,0,2,0,"",2005-04-14,"10538","",2014-08-04,"489998","1"
"54178866010538","59845225010538",2003,39,5,4827,3,2003,20,0,20,0,30,5,0,1.7,0,"",2005-04-14,"10538","",2014-08-04,"489998","1"
"54181028010538","59845818010538",2003,39,7,1392,1,2003,1,0,99,0,10,8,0,6,0,"",2005-04-14,"10538","",2014-08-04,"489998","1"
"54181042010538","59845818010538",2003,39,7,1392,3,2003,0,0,90,0,1,0,0,4.5,0,"",2005-04-14,"10538","",2014-08-04,"489998","1"
"54181050010538","59845818010538",2003,39,7,1392,4,2003,1,10,20,0,10,3.5,6.5,0.5,0,"",2005-04-14,"10538","",2014-08-04,"489998","1"
"54174375010538","59846299010538",2003,39,9,2380,1,2003,90,0,10,0,10,1,0,1.2,0,"",2005-04-14,"10538","",2014-08-04,"489998","1"
"54174384010538","59846299010538",2003,39,9,2380,2,2003,90,0,10,0,20,6,0,1.5,0,"",2005-04-14,"10538","",2014-08-04,"489998","1"
"54174393010538","59846299010538",2003,39,9,2380,3,2003,60,0,60,0,40,5.2,0,1.5,0,"",2005-04-14,"10538","",2014-08-04,"489998","1"
"54174404010538","59846299010538",2003,39,9,2380,4,2003,70,0,10,0,60,4.4,0,0.6,0,"",2005-04-14,"10538","",2014-08-04,"489998","1"
"54179504010538","59846862010538",2003,39,11,2083,2,2003,0,0,1,0,10,0,0,0.4,0,"",2005-04-14,"10538","",2014-08-04,"489998","1"
"54173068010538","59847831010538",2003,39,15,3247,1,2003,0,0,10,0,60,0,0,1.5,0,"",2005-04-14,"10538","",2014-08-04,"489998","1"
"54173079010538","59847831010538",2003,39,15,3247,2,2003,1,0,50,20,30,1,0,2.5,2.5,"",2005-04-14,"10538","",2014-08-04,"489998","1"
"54173088010538","59847831010538",2003,39,15,3247,3,2003,1,0,10,10,40,0.5,0,2,0.5,"",2005-04-14,"10538","",2014-08-04,"489998","1"
"54173099010538","59847831010538",2003,39,15,3247,4,2003,0,0,50,0,80,0,0,2,0,"",2005-04-14,"10538","",2014-08-04,"489998","1"
"54177470010538","59848292010538",2003,39,19,2633,1,2003,10,0,10,0,90,3,0,2,0,"",2005-04-14,"10538","",2014-08-04,"489998","1"
"54177481010538","59848292010538",2003,39,19,2633,2,2003,0,0,10,0,99,0,0,1,0,"",2005-04-14,"10538","",2014-08-04,"489998","1"
"54177491010538","59848292010538",2003,39,19,2633,3,2003,10,10,1,0,99,3.5,3.5,0.5,0,"",2005-04-14,"10538","",2014-08-04,"489998","1"
"54177503010538","59848292010538",2003,39,19,2633,4,2003,30,1,30,1,90,3,1.5,2.5,2,"",2005-04-14,"10538","",2014-08-04,"489998","1"
"54178186010538","59850077010538",2003,39,31,1154,1,2003,1,0,0,0,50,2,0,0,0,"",2005-04-14,"10538","",2014-08-04,"489998","1"
"54178199010538","59850077010538",2003,39,31,1154,2,2003,40,0,90,0,30,8,0,3.2,0,"",2005-04-14,"10538","",2014-08-04,"489998","1"
"54178207010538","59850077010538",2003,39,31,1154,3,2003,90,0,10,0,80,60,0,1,0,"",2005-04-14,"10538","",2014-08-04,"489998","1"
"54178220010538","59850077010538",2003,39,31,1154,4,2003,30,0,20,0,20,4.4,0,1.2,0,"",2005-04-14,"10538","",2014-08-04,"489998","1"
"54175698010538","59835507010538",2003,39,49,1720,1,2003,0,0,99,0,0,0,0,5.5,0,"",2005-04-14,"10538","",2014-08-04,"489998","1"
"54175706010538","59835507010538",2003,39,49,1720,2,2003,0,0,10,0,20,7.5,0,0.5,0,"",2005-04-14,"10538","",2014-08-04,"489998","1"
"54175717010538","59835507010538",2003,39,49,1720,4,2003,1,0,99,0,0,1.5,0.9,5.5,0,"",2005-04-14,"10538","",2014-08-04,"489998","1"
"54174197010538","59835838010538",2003,39,53,2364,1,2003,60,0,10,0,50,7.2,0,0.5,0,"",2005-04-14,"10538","",2014-08-04,"489998","1"
"54174206010538","59835838010538",2003,39,53,2364,2,2003,1,0,0,0,99,3.2,0,0,0,"",2005-04-14,"10538","",2014-08-04,"489998","1"
"54181252010538","59836584010538",2003,39,55,1176,1,2003,50,10,60,0,20,7,6,4.5,0,"",2005-04-14,"10538","",2014-08-04,"489998","1"
"54181261010538","59836584010538",2003,39,55,1176,2,2003,90,0,70,0,20,20,0,2.5,0,"",2005-04-14,"10538","",2014-08-04,"489998","1"
"54181277010538","59836584010538",2003,39,55,1176,4,2003,70,0,30,0,40,55,0,1.5,0,"",2005-04-14,"10538","",2014-08-04,"489998","1"
"54176125010538","59836717010538",2003,39,57,2961,1,2003,10,0,90,0,0,1.5,0,4.5,0,"",2005-04-14,"10538","",2014-08-04,"489998","1"
"54176133010538","59836717010538",2003,39,57,2961,2,2003,90,20,10,0,10,12,7,2,0,"",2005-04-14,"10538","",2014-08-04,"489998","1"
"54176144010538","59836717010538",2003,39,57,2961,3,2003,80,10,10,0,10,12,2,2,0,"",2005-04-14,"10538","",2014-08-04,"489998","1"
"54176152010538","59836717010538",2003,39,57,2961,4,2003,10,0,99,10,0,1,0,5,1,"",2005-04-14,"10538","",2014-08-04,"489998","1"
"54177796010538","59838494010538",2003,39,67,4888,1,2003,70,1,50,1,10,5,2,3.5,0.2,"",2005-04-14,"10538","",2014-08-04,"489998","1"
"54177804010538","59838494010538",2003,39,67,4888,2,2003,30,10,90,1,10,5,6.5,3.5,2.5,"",2005-04-14,"10538","",2014-08-04,"489998","1"
"54175375010538","59839136010538",2003,39,71,5390,2,2003,40,20,70,10,1,8.5,3,5,0.5,"",2005-04-14,"10538","",2014-08-04,"489998","1"
"54177812010538","59838494010538",2003,39,67,4888,3,2003,70,10,70,1,10,25,4,4,0.5,"",2005-04-14,"10538","",2014-08-04,"489998","1"
"54177820010538","59838494010538",2003,39,67,4888,4,2003,40,0,90,1,10,12,0,4,2,"",2005-04-14,"10538","",2014-08-04,"489998","1"
"54175367010538","59839136010538",2003,39,71,5390,1,2003,10,0,90,0,10,2,0,3,0,"",2005-04-14,"10538","",2014-08-04,"489998","1"
"54175384010538","59839136010538",2003,39,71,5390,3,2003,20,0,40,1,50,1,0,2,0.5,"",2005-04-14,"10538","",2014-08-04,"489998","1"
"54175392010538","59839136010538",2003,39,71,5390,4,2003,20,1,90,0,1,1,7,4.5,0,"",2005-04-14,"10538","",2014-08-04,"489998","1"
"54172316010538","59841598010538",2003,39,87,2049,1,2003,70,0,10,0,20,6.5,0,3.2,0,"",2005-04-14,"10538","",2014-08-04,"489998","1"
"54172331010538","59841598010538",2003,39,87,2049,2,2003,40,0,1,0,60,3.8,0,1.1,0,"",2005-04-14,"10538","",2014-08-04,"489998","1"
"54172341010538","59841598010538",2003,39,87,2049,3,2003,10,0,20,0,70,3,0,2.6,0,"",2005-04-14,"10538","",2014-08-04,"489998","1"
"54172355010538","59841598010538",2003,39,87,2049,4,2003,40,0,50,0,30,5.5,0,2.2,0,"",2005-04-14,"10538","",2014-08-04,"489998","1"
"54179172010538","59842149010538",2003,39,91,4513,1,2003,30,10,50,1,20,8,2.5,2.5,2,"",2005-04-14,"10538","",2014-08-04,"489998","1"
"54179180010538","59842149010538",2003,39,91,4513,2,2003,70,0,90,0,10,7,0,5.5,0,"",2005-04-14,"10538","",2014-08-04,"489998","1"
"54179192010538","59842149010538",2003,39,91,4513,4,2003,30,0,90,10,0,2,0,4.5,3,"",2005-04-14,"10538","",2014-08-04,"489998","1"
"54181453010538","59842363010538",2003,39,95,3536,1,2003,30,0,1,0,99,6.5,0,0.5,0,"",2005-04-14,"10538","",2014-08-04,"489998","1"
"54181461010538","59842363010538",2003,39,95,3536,2,2003,30,0,20,0,99,4,0,2,0,"",2005-04-14,"10538","",2014-08-04,"489998","1"
"54181470010538","59842363010538",2003,39,95,3536,3,2003,10,0,70,0,30,2.5,0,3.5,0,"",2005-04-14,"10538","",2014-08-04,"489998","1"
"54181479010538","59842363010538",2003,39,95,3536,4,2003,10,0,40,0,20,0.5,0,0.5,0,"",2005-04-14,"10538","",2014-08-04,"489998","1"
"54179129010538","59852459010538",2003,39,117,3433,1,2003,10,40,30,0,1,5.5,5.5,2,0,"",2005-04-14,"10538","",2014-08-04,"489998","1"
"54179137010538","59852459010538",2003,39,117,3433,2,2003,30,10,10,0,1,5.5,10,1.5,0,"",2005-04-14,"10538","",2014-08-04,"489998","1"
"54179146010538","59852459010538",2003,39,117,3433,3,2003,10,0,50,10,10,1,0,2,2.5,"",2005-04-14,"10538","",2014-08-04,"489998","1"
"54179154010538","59852459010538",2003,39,117,3433,4,2003,40,20,30,10,10,5.7,3.5,2,2.5,"",2005-04-14,"10538","",2014-08-04,"489998","1"
"54174009010538","59853254010538",2003,39,119,1245,1,2003,0,0,99,0,0,0,0,6,0,"",2005-04-14,"10538","",2014-08-04,"489998","1"
"54174020010538","59853254010538",2003,39,119,1245,3,2003,20,20,70,0,10,5.7,7,4,0,"",2005-04-14,"10538","",2014-08-04,"489998","1"
"54173689010538","59853380010538",2003,39,121,2146,1,2003,0,0,30,0,60,0,0,1,0,"",2005-04-14,"10538","",2014-08-04,"489998","1"
"54173708010538","59853380010538",2003,39,121,2146,2,2003,0,0,20,0,30,0,0,0.4,0,"",2005-04-14,"10538","",2014-08-04,"489998","1"
"54173716010538","59853380010538",2003,39,121,2146,3,2003,1,0,20,0,80,1.8,0,0.4,0,"",2005-04-14,"10538","",2014-08-04,"489998","1"
"54173727010538","59853380010538",2003,39,121,2146,4,2003,20,0,10,0,50,3.5,0,0.4,0,"",2005-04-14,"10538","",2014-08-04,"489998","1"
"54174987010538","59854367010538",2003,39,127,3072,1,2003,20,0,10,0,40,3.4,0,0.8,0,"",2005-04-14,"10538","",2014-08-04,"489998","1"
"54174996010538","59854367010538",2003,39,127,3072,2,2003,70,0,30,0,20,4,0,1.3,0,"",2005-04-14,"10538","",2014-08-04,"489998","1"
"54175007010538","59854367010538",2003,39,127,3072,3,2003,40,0,70,0,10,8,0,4.8,0,"",2005-04-14,"10538","",2014-08-04,"489998","1"
"54175016010538","59854367010538",2003,39,127,3072,4,2003,10,1,20,0,30,1,5,1.2,0,"",2005-04-14,"10538","",2014-08-04,"489998","1"
"54176499010538","59855376010538",2003,39,135,1422,1,2003,90,10,60,0,40,6,5.5,1,0,"",2005-04-14,"10538","",2014-08-04,"489998","1"
"54176514010538","59855376010538",2003,39,135,1422,3,2003,60,10,30,10,10,8,5,2.5,2,"",2005-04-14,"10538","",2014-08-04,"489998","1"
"54176523010538","59855376010538",2003,39,135,1422,4,2003,30,0,10,0,10,0,0,1,0,"",2005-04-14,"10538","",2014-08-04,"489998","1"
"54174703010538","59856286010538",2003,39,141,3077,1,2003,1,0,60,1,40,2,0,1,0.6,"",2005-04-14,"10538","",2014-08-04,"489998","1"
"54174715010538","59856286010538",2003,39,141,3077,3,2003,20,0,20,0,50,2,0,0.8,0,"",2005-04-14,"10538","",2014-08-04,"489998","1"
"54174727010538","59856286010538",2003,39,141,3077,4,2003,30,0,10,0,70,6,0,0.2,0,"",2005-04-14,"10538","",2014-08-04,"489998","1"
"54172673010538","59857241010538",2003,39,145,4951,1,2003,20,0,20,0,50,5.3,0,1.9,0,"",2005-04-14,"10538","",2014-08-04,"489998","1"
"54172683010538","59857241010538",2003,39,145,4951,2,2003,20,0,90,0,20,4,0,3.1,0,"",2005-04-14,"10538","",2014-08-04,"489998","1"
"54172692010538","59857241010538",2003,39,145,4951,3,2003,1,0,30,0,20,3,0,2.5,0,"",2005-04-14,"10538","",2014-08-04,"489998","1"
"54172701010538","59857241010538",2003,39,145,4951,4,2003,50,0,10,0,70,4.4,0,3,0,"",2005-04-14,"10538","",2014-08-04,"489998","1"
"54180923010538","59858451010538",2003,39,155,3843,4,2003,90,0,40,0,1,8.5,0,6,0,"",2005-04-14,"10538","",2014-08-04,"489998","1"
"54178524010538","59859396010538",2003,39,157,3047,1,2003,40,0,20,0,40,5,0,2,0,"",2005-04-14,"10538","",2014-08-04,"489998","1"
"54178536010538","59859396010538",2003,39,157,3047,2,2003,30,10,40,1,40,12,4,2.5,1,"",2005-04-14,"10538","",2014-08-04,"489998","1"
"54178544010538","59859396010538",2003,39,157,3047,3,2003,0,0,30,0,50,0,0,2.8,0,"",2005-04-14,"10538","",2014-08-04,"489998","1"
"54178552010538","59859396010538",2003,39,157,3047,4,2003,40,0,70,0,40,6,0,2.4,0,"",2005-04-14,"10538","",2014-08-04,"489998","1"
"54175841010538","59860065010538",2003,39,165,2505,1,2003,0,0,30,1,30,0,0,1,0.5,"",2005-04-14,"10538","",2014-08-04,"489998","1"
"54175849010538","59860065010538",2003,39,165,2505,2,2003,20,0,30,10,10,5,0,2.5,2.5,"",2005-04-14,"10538","",2014-08-04,"489998","1"
"54175857010538","59860065010538",2003,39,165,2505,3,2003,10,0,30,1,10,1,0,2,2,"",2005-04-14,"10538","",2014-08-04,"489998","1"
"56708382010538","59885224010538",2004,39,13,4479,2,2004,30,0,60,10,50,1.8,0,2,2,"",2005-10-31,"10538","",2014-08-04,"489998","1"
"54175865010538","59860065010538",2003,39,165,2505,4,2003,30,0,40,0,30,1.5,0,3.5,0,"",2005-04-14,"10538","",2014-08-04,"489998","1"
"56709399010538","59884897010538",2004,39,13,3399,3,2004,60,1,40,10,60,4.5,2,3,0.7,"",2005-10-31,"10538","",2014-08-04,"489998","1"
"56708374010538","59885224010538",2004,39,13,4479,1,2004,1,0,70,0,90,2,0,0.3,0,"",2005-10-31,"10538","",2014-08-04,"489998","1"
"56708390010538","59885224010538",2004,39,13,4479,3,2004,50,0,10,0,99,2.5,0,1.2,0,"",2005-10-31,"10538","",2014-08-04,"489998","1"
"56708399010538","59885224010538",2004,39,13,4479,4,2004,70,0,60,0,70,5.5,0,1,0,"",2005-10-31,"10538","",2014-08-04,"489998","1"
"56707353010538","59886638010538",2004,39,25,5374,1,2004,10,0,70,0,30,3.5,0,2,0,"",2005-10-31,"10538","",2014-08-04,"489998","1"
"56707362010538","59886638010538",2004,39,25,5374,2,2004,20,0,50,0,50,8,0,2.8,0,"",2005-10-31,"10538","",2014-08-04,"489998","1"
"56707374010538","59886638010538",2004,39,25,5374,3,2004,90,0,40,0,60,30,0,1.5,0,"",2005-10-31,"10538","",2014-08-04,"489998","1"
"56707382010538","59886638010538",2004,39,25,5374,4,2004,20,0,10,0,90,3,0,0.3,0,"",2005-10-31,"10538","",2014-08-04,"489998","1"
"56708519010538","59886738010538",2004,39,27,3456,1,2004,80,0,70,0,70,11,0,2.2,0,"",2005-10-31,"10538","",2014-08-04,"489998","1"
"56708533010538","59886738010538",2004,39,27,3456,2,2004,70,0,40,0,70,30,0,1.8,0,"",2005-10-31,"10538","",2014-08-04,"489998","1"
"56708541010538","59886738010538",2004,39,27,3456,3,2004,60,0,70,0,90,7,0,3.8,0,"",2005-10-31,"10538","",2014-08-04,"489998","1"
"56708551010538","59886738010538",2004,39,27,3456,4,2004,60,0,30,0,80,1,0,3,0,"",2005-10-31,"10538","",2014-08-04,"489998","1"
"56709470010538","59887136010538",2004,39,29,2347,1,2004,50,0,80,10,90,1,0,2.5,0.5,"",2005-10-31,"10538","",2014-08-04,"489998","1"
"56709479010538","59887136010538",2004,39,29,2347,2,2004,99,20,10,0,20,20,4,2,0,"",2005-10-31,"10538","",2014-08-04,"489998","1"
"56709487010538","59887136010538",2004,39,29,2347,3,2004,20,0,99,30,20,3,0,6,0.5,"",2005-10-31,"10538","",2014-08-04,"489998","1"
"56709495010538","59887136010538",2004,39,29,2347,4,2004,10,0,40,10,70,1,0,3,0.3,"",2005-10-31,"10538","",2014-08-04,"489998","1"
"56709639010538","59872676010538",2004,39,41,3878,1,2004,20,0,90,0,50,4.5,0,4,0,"",2005-10-31,"10538","",2014-08-04,"489998","1"
"56709650010538","59872676010538",2004,39,41,3878,3,2004,30,0,80,1,40,1.5,0,3,0.1,"",2005-10-31,"10538","",2014-08-04,"489998","1"
"56707310010538","59873691010538",2004,39,53,3579,1,2004,40,0,80,0,70,5,0,3.8,0,"",2005-10-31,"10538","",2014-08-04,"489998","1"
"56707319010538","59873691010538",2004,39,53,3579,2,2004,90,20,10,0,70,20,12,1.5,0,"",2005-10-31,"10538","",2014-08-04,"489998","1"
"56707327010538","59873691010538",2004,39,53,3579,3,2004,20,0,20,0,60,2.5,0,1,0,"",2005-10-31,"10538","",2014-08-04,"489998","1"
"56707335010538","59873691010538",2004,39,53,3579,4,2004,60,0,80,0,50,25,0,5,0,"",2005-10-31,"10538","",2014-08-04,"489998","1"
"56709562010538","59875046010538",2004,39,59,2535,2,2004,50,0,30,10,60,2,0,2,1,"",2005-10-31,"10538","",2014-08-04,"489998","1"
"56709574010538","59875046010538",2004,39,59,2535,4,2004,40,0,20,0,60,30,0,1.6,0,"",2005-10-31,"10538","",2014-08-04,"489998","1"
"56708572010538","59875667010538",2004,39,61,2063,1,2004,20,0,40,0,30,4.5,0,1.2,0,"",2005-10-31,"10538","",2014-08-04,"489998","1"
"56708581010538","59875667010538",2004,39,61,2063,2,2004,0,0,20,0,50,0,0,1,0,"",2005-10-31,"10538","",2014-08-04,"489998","1"
"56708589010538","59875667010538",2004,39,61,2063,3,2004,30,0,30,0,80,12,0,1.3,0,"",2005-10-31,"10538","",2014-08-04,"489998","1"
"56708599010538","59875667010538",2004,39,61,2063,4,2004,20,0,20,0,20,5,0,0.8,0,"",2005-10-31,"10538","",2014-08-04,"489998","1"
"56708422010538","59877102010538",2004,39,73,5262,1,2004,20,0,20,0,90,1.8,0,0.3,0,"",2005-10-31,"10538","",2014-08-04,"489998","1"
"56708433010538","59877102010538",2004,39,73,5262,2,2004,10,0,10,0,90,0.5,0,0.8,0,"",2005-10-31,"10538","",2014-08-04,"489998","1"
"56708441010538","59877102010538",2004,39,73,5262,3,2004,1,0,1,0,90,2,0,0.8,0,"",2005-10-31,"10538","",2014-08-04,"489998","1"
"56708449010538","59877102010538",2004,39,73,5262,4,2004,1,0,1,0,90,1,0,0.3,0,"",2005-10-31,"10538","",2014-08-04,"489998","1"
"56709675010538","59877582010538",2004,39,75,1717,1,2004,99,20,1,1,20,8,4,2.4,2.8,"",2005-10-31,"10538","",2014-08-04,"489998","1"
"56709683010538","59877582010538",2004,39,75,1717,2,2004,60,20,10,1,70,7,3,2.5,1.2,"",2005-10-31,"10538","",2014-08-04,"489998","1"
"56709691010538","59877582010538",2004,39,75,1717,3,2004,99,10,50,10,30,7,2,2.5,2,"",2005-10-31,"10538","",2014-08-04,"489998","1"
"56709702010538","59877582010538",2004,39,75,1717,4,2004,80,50,1,0,80,7,4,1,0,"",2005-10-31,"10538","",2014-08-04,"489998","1"
"56711446010538","59878049010538",2004,39,77,3789,2,2004,20,0,20,0,10,3,0,0.8,0,"",2005-10-31,"10538","",2014-08-04,"489998","1"
"56709423010538","59879090010538",2004,39,81,5147,1,2004,40,0,50,10,80,5.5,0,2,0.5,"",2005-10-31,"10538","",2014-08-04,"489998","1"
"56709435010538","59879090010538",2004,39,81,5147,2,2004,90,20,70,0,10,14,5.5,3.5,0,"",2005-10-31,"10538","",2014-08-04,"489998","1"
"56709443010538","59879090010538",2004,39,81,5147,3,2004,10,0,80,10,10,3,0,4,3,"",2005-10-31,"10538","",2014-08-04,"489998","1"
"56709451010538","59879090010538",2004,39,81,5147,4,2004,50,0,20,0,90,2.5,0,1.5,0,"",2005-10-31,"10538","",2014-08-04,"489998","1"
"56709594010538","59880373010538",2004,39,89,1536,1,2004,30,0,80,0,60,1,0,0.4,0,"",2005-10-31,"10538","",2014-08-04,"489998","1"
"56709608010538","59880373010538",2004,39,89,1536,2,2004,70,0,50,0,90,4.6,0,1.4,0,"",2005-10-31,"10538","",2014-08-04,"489998","1"
"56709616010538","59880373010538",2004,39,89,1536,3,2004,10,0,20,0,90,2.5,0,0.5,0,"",2005-10-31,"10538","",2014-08-04,"489998","1"
"56709624010538","59880373010538",2004,39,89,1536,4,2004,40,0,30,0,99,5,0,2,0,"",2005-10-31,"10538","",2014-08-04,"489998","1"
"56711400010538","59882113010538",2004,39,103,4704,1,2004,1,0,30,0,20,0.7,0,1.1,0,"",2005-10-31,"10538","",2014-08-04,"489998","1"
"56711411010538","59882113010538",2004,39,103,4704,2,2004,10,0,40,10,80,20,0,2,3,"",2005-10-31,"10538","",2014-08-04,"489998","1"
"56711422010538","59882113010538",2004,39,103,4704,3,2004,10,0,20,0,90,40,0,2.2,0,"",2005-10-31,"10538","",2014-08-04,"489998","1"
"56709722010538","59882851010538",2004,39,107,4902,2,2004,20,0,70,0,10,2.5,0,4,0,"",2005-10-31,"10538","",2014-08-04,"489998","1"
"56708619010538","59862539010538",2004,39,113,1116,1,2004,40,0,40,1,70,5,0,2.5,2,"",2005-10-31,"10538","",2014-08-04,"489998","1"
"56708629010538","59862539010538",2004,39,113,1116,2,2004,10,0,20,0,99,0.5,0,1,0,"",2005-10-31,"10538","",2014-08-04,"489998","1"
"56708642010538","59862539010538",2004,39,113,1116,3,2004,70,0,50,0,80,13.4,0,3,0,"",2005-10-31,"10538","",2014-08-04,"489998","1"
"56708651010538","59862539010538",2004,39,113,1116,4,2004,70,0,20,0,80,5.8,0,1,0,"",2005-10-31,"10538","",2014-08-04,"489998","1"
"56708472010538","59865858010538",2004,39,141,4924,1,2004,0,0,10,0,90,0,0,2,0,"",2005-10-31,"10538","",2014-08-04,"489998","1"
"56708480010538","59865858010538",2004,39,141,4924,2,2004,20,0,70,0,60,4.5,0,2,0,"",2005-10-31,"10538","",2014-08-04,"489998","1"
"56708488010538","59865858010538",2004,39,141,4924,3,2004,0,0,20,0,90,0,0,2,0,"",2005-10-31,"10538","",2014-08-04,"489998","1"
"56708496010538","59865858010538",2004,39,141,4924,4,2004,10,0,50,0,50,8,0,3,0,"",2005-10-31,"10538","",2014-08-04,"489998","1"
"56711477010538","59867573010538",2004,39,147,4302,4,2004,1,0,30,0,20,0.7,0,1.3,0,"",2005-10-31,"10538","",2014-08-04,"489998","1"
"56711357010538","59868956010538",2004,39,155,4794,4,2004,20,0,10,0,10,2,0,1,0,"",2005-10-31,"10538","",2014-08-04,"489998","1"
"56711332010538","59868956010538",2004,39,155,4794,1,2004,20,0,10,0,60,1.5,0,0.7,0,"",2005-10-31,"10538","",2014-08-04,"489998","1"
"56711341010538","59868956010538",2004,39,155,4794,2,2004,50,0,10,0,20,3,0,0.6,0,"",2005-10-31,"10538","",2014-08-04,"489998","1"
"56711349010538","59868956010538",2004,39,155,4794,3,2004,60,0,10,0,90,2.5,0,0.5,0,"",2005-10-31,"10538","",2014-08-04,"489998","1"
"56708331010538","59871051010538",2004,39,167,2121,1,2004,50,0,20,0,90,2.3,0,1,0,"",2005-10-31,"10538","",2014-08-04,"489998","1"
"56708340010538","59871051010538",2004,39,167,2121,2,2004,30,0,30,1,80,3,0,1.3,1,"",2005-10-31,"10538","",2014-08-04,"489998","1"
"56708354010538","59871051010538",2004,39,167,2121,4,2004,10,0,70,10,70,0.3,0,2.2,1.5,"",2005-10-31,"10538","",2014-08-04,"489998","1"
"62036046010538","66400505010538",2005,39,15,4442,1,2005,40,0,50,20,80,2.3,0,0.1,0.4,"",2006-05-03,"10538","",2014-08-04,"489998","1"
"62036054010538","66400505010538",2005,39,15,4442,2,2005,0,0,0,0,0,0,0,0,0,"",2006-05-03,"10538","",2014-08-04,"489998","1"
"62036062010538","66400505010538",2005,39,15,4442,3,2005,0,0,0,0,0,0,0,0,0,"",2006-05-03,"10538","",2014-08-04,"489998","1"
"62036070010538","66400505010538",2005,39,15,4442,4,2005,50,1,50,30,80,4.6,2.1,2.1,0.3,"",2006-05-03,"10538","",2014-08-04,"489998","1"
"62037130010538","66400768010538",2005,39,19,1299,1,2005,20,10,20,0,90,6.4,8,2.6,0,"",2006-05-03,"10538","",2014-08-04,"489998","1"
"62037146010538","66400768010538",2005,39,19,1299,3,2005,10,10,0,0,99,5.9,4.8,0,0,"",2006-05-03,"10538","",2014-08-04,"489998","1"
"62037157010538","66400768010538",2005,39,19,1299,4,2005,30,1,40,0,10,6.6,4.2,1.9,0,"",2006-05-03,"10538","",2014-08-04,"489998","1"
"62037254010538","66401283010538",2005,39,21,2936,1,2005,50,0,50,50,50,12,0,1.6,0.3,"",2006-05-03,"10538","",2014-08-04,"489998","1"
"62037265010538","66401283010538",2005,39,21,2936,3,2005,10,0,20,0,90,0.4,0,0.7,0,"",2006-05-03,"10538","",2014-08-04,"489998","1"
"62037227010538","66402727010538",2005,39,33,4995,1,2005,99,1,50,0,90,26,6,1.9,0,"",2006-05-03,"10538","",2014-08-04,"489998","1"
"62037245010538","66402727010538",2005,39,33,4995,4,2005,40,0,70,0,70,1.3,0,3.2,0,"",2006-05-03,"10538","",2014-08-04,"489998","1"
"62037284010538","66404522010538",2005,39,37,1088,3,2005,99,10,30,0,90,10,6,0.6,0,"",2006-05-03,"10538","",2014-08-04,"489998","1"
"62037173010538","66406855010538",2005,39,59,5447,2,2005,70,10,10,0,99,4.6,4.4,0.7,0,"",2006-05-03,"10538","",2014-08-04,"489998","1"
"62037184010538","66406855010538",2005,39,59,5447,4,2005,30,1,20,0,90,3.9,4.1,1.4,0,"",2006-05-03,"10538","",2014-08-04,"489998","1"
"62036865010538","66407100010538",2005,39,61,2287,1,2005,90,1,50,0,60,7,2.3,0.3,0,"",2006-05-03,"10538","",2014-08-04,"489998","1"
"62036876010538","66407100010538",2005,39,61,2287,2,2005,80,0,10,1,30,4,0,0.4,0.3,"",2006-05-03,"10538","",2014-08-04,"489998","1"
"62036887010538","66407100010538",2005,39,61,2287,4,2005,40,30,20,1,30,4.5,2,3.5,0.2,"",2006-05-03,"10538","",2014-08-04,"489998","1"
"62037197010538","66407916010538",2005,39,67,1501,1,2005,60,0,80,0,90,7.3,0,3.6,0,"",2006-05-03,"10538","",2014-08-04,"489998","1"
"62037218010538","66407916010538",2005,39,67,1501,4,2005,10,0,60,0,30,4.9,0,4.2,0,"",2006-05-03,"10538","",2014-08-04,"489998","1"
"62038036010538","66407994010538",2005,39,69,5636,1,2005,50,0,60,20,70,3.2,0,0.4,0.3,"",2006-05-03,"10538","",2014-08-04,"489998","1"
"62038047010538","66407994010538",2005,39,69,5636,2,2005,0,0,30,0,70,0,0,0.6,0,"",2006-05-03,"10538","",2014-08-04,"489998","1"
"62038056010538","66407994010538",2005,39,69,5636,3,2005,20,0,70,0,30,1.2,0,2.9,0,"",2006-05-03,"10538","",2014-08-04,"489998","1"
"62036762010538","66409182010538",2005,39,73,1771,1,2005,30,1,30,1,99,4.9,4,3,1.8,"",2006-05-03,"10538","",2014-08-04,"489998","1"
"62036774010538","66409182010538",2005,39,73,1771,3,2005,20,1,50,0,80,5,3.6,2.1,0,"",2006-05-03,"10538","",2014-08-04,"489998","1"
"62036785010538","66409182010538",2005,39,73,1771,4,2005,0,0,90,1,90,0,0,5,3.5,"",2006-05-03,"10538","",2014-08-04,"489998","1"
"62035952010538","66410984010538",2005,39,87,1355,1,2005,0,0,1,0,10,0,0,0.4,0,"",2006-05-03,"10538","",2014-08-04,"489998","1"
"62035961010538","66410984010538",2005,39,87,1355,2,2005,50,0,20,0,99,6.4,0,2.4,0,"",2006-05-03,"10538","",2014-08-04,"489998","1"
"62035970010538","66410984010538",2005,39,87,1355,3,2005,10,0,10,0,60,5,0,1.6,0,"",2006-05-03,"10538","",2014-08-04,"489998","1"
"62035979010538","66410984010538",2005,39,87,1355,4,2005,10,0,10,0,99,2.7,0,0.9,0,"",2006-05-03,"10538","",2014-08-04,"489998","1"
"62037956010538","66412678010538",2005,39,99,3684,1,2005,60,10,1,0,90,8.1,8.2,0.4,0,"",2006-05-03,"10538","",2014-08-04,"489998","1"
"62037964010538","66412678010538",2005,39,99,3684,2,2005,30,1,10,0,99,5.4,3.6,0.4,0,"",2006-05-03,"10538","",2014-08-04,"489998","1"
"62037972010538","66412678010538",2005,39,99,3684,3,2005,10,0,1,0,90,1.4,0,0.6,0,"",2006-05-03,"10538","",2014-08-04,"489998","1"
"62037980010538","66412678010538",2005,39,99,3684,4,2005,50,10,20,0,99,7.2,8.1,1.6,0,"",2006-05-03,"10538","",2014-08-04,"489998","1"
"62035875010538","66413241010538",2005,39,105,2390,1,2005,10,0,1,0,99,4.4,0,0.8,0,"",2006-05-03,"10538","",2014-08-04,"489998","1"
"62035885010538","66413241010538",2005,39,105,2390,2,2005,60,0,0,0,99,1.4,0,0,0,"",2006-05-03,"10538","",2014-08-04,"489998","1"
"62035897010538","66413241010538",2005,39,105,2390,3,2005,60,0,10,0,99,6.2,0,2.3,0,"",2006-05-03,"10538","",2014-08-04,"489998","1"
"62035907010538","66413241010538",2005,39,105,2390,4,2005,40,0,10,1,99,0.6,0,2.2,0.3,"",2006-05-03,"10538","",2014-08-04,"489998","1"
"62036938010538","66414281010538",2005,39,113,3539,1,2005,99,0,10,1,90,14,0,0.4,0.3,"",2006-05-03,"10538","",2014-08-04,"489998","1"
"62036946010538","66414281010538",2005,39,113,3539,2,2005,10,0,1,0,90,1.2,0,0.3,0,"",2006-05-03,"10538","",2014-08-04,"489998","1"
"62036824010538","66415946010538",2005,39,119,2977,1,2005,1,0,70,1,99,1.8,0,3,0.3,"",2006-05-03,"10538","",2014-08-04,"489998","1"
"62036832010538","66415946010538",2005,39,119,2977,2,2005,30,0,30,1,99,20,0,0.9,0.5,"",2006-05-03,"10538","",2014-08-04,"489998","1"
"62036842010538","66415946010538",2005,39,119,2977,3,2005,70,10,10,20,70,8,2.6,0.5,1.9,"",2006-05-03,"10538","",2014-08-04,"489998","1"
"62036852010538","66415946010538",2005,39,119,2977,4,2005,10,0,40,1,90,15,0,3,0.4,"",2006-05-03,"10538","",2014-08-04,"489998","1"
"62036709010538","66416242010538",2005,39,121,4839,3,2005,60,40,70,0,90,10,6,1.1,0,"",2006-05-03,"10538","",2014-08-04,"489998","1"
"62036794010538","66416953010538",2005,39,129,4055,1,2005,50,0,70,20,20,15,0,1.4,0.5,"",2006-05-03,"10538","",2014-08-04,"489998","1"
"62036810010538","66416953010538",2005,39,129,4055,4,2005,10,0,20,10,30,2.2,0,0.3,0.2,"",2006-05-03,"10538","",2014-08-04,"489998","1"
"62036004010538","66419770010538",2005,39,145,2326,2,2005,60,0,20,0,99,5.2,0,2.4,0,"",2006-05-03,"10538","",2014-08-04,"489998","1"
"62036025010538","66419770010538",2005,39,145,2326,3,2005,10,0,20,10,99,3.5,0,1.4,0.6,"",2006-05-03,"10538","",2014-08-04,"489998","1"
"62036036010538","66419770010538",2005,39,145,2326,4,2005,99,1,40,1,70,7,2.5,2.6,0.7,"",2006-05-03,"10538","",2014-08-04,"489998","1"
"62036724010538","66422502010538",2005,39,163,2417,1,2005,20,0,60,1,90,2.8,0,4.1,2.6,"",2006-05-03,"10538","",2014-08-04,"489998","1"
"62036732010538","66422502010538",2005,39,163,2417,2,2005,10,0,30,0,90,1.3,0,1.4,0,"",2006-05-03,"10538","",2014-08-04,"489998","1"
"62036743010538","66422502010538",2005,39,163,2417,3,2005,20,0,40,1,90,2.5,0,1.9,2.2,"",2006-05-03,"10538","",2014-08-04,"489998","1"
"62036751010538","66422502010538",2005,39,163,2417,4,2005,0,0,20,1,99,0,0,0.7,0.1,"",2006-05-03,"10538","",2014-08-04,"489998","1"
"62036898010538","66422980010538",2005,39,165,2886,1,2005,0,0,99,50,90,0,0,4.6,0.4,"",2006-05-03,"10538","",2014-08-04,"489998","1"
"175077453010661","76388826010538",2007,39,1,561,1,2007,20,0,1,0,99,2.2,0,0.4,0,"",2008-12-29,"10661","",2014-08-04,"489998","1"
"62036906010538","66422980010538",2005,39,165,2886,2,2005,0,0,50,10,10,0,0,1.4,0.3,"",2006-05-03,"10538","",2014-08-04,"489998","1"
"62036914010538","66422980010538",2005,39,165,2886,3,2005,70,0,99,90,90,6,0,3.6,0.4,"",2006-05-03,"10538","",2014-08-04,"489998","1"
"62036927010538","66422980010538",2005,39,165,2886,4,2005,60,0,40,0,70,9,0,0.4,0,"",2006-05-03,"10538","",2014-08-04,"489998","1"
"175077454010661","76388826010538",2007,39,1,561,2,2007,10,0,10,1,90,0.4,0,0.5,0.3,"",2008-12-29,"10661","",2014-08-04,"489998","1"
"175077455010661","76388826010538",2007,39,1,561,3,2007,1,0,1,0,99,1.2,0,0.3,0,"",2008-12-29,"10661","",2014-08-04,"489998","1"
"175077456010661","76388826010538",2007,39,1,561,4,2007,30,1,1,0,99,3.3,2.3,0.6,0,"",2008-12-29,"10661","",2014-08-04,"489998","1"
"175077564010661","76389426010538",2007,39,7,120,1,2007,10,0,50,0,99,0.8,0,1.6,0,"",2008-12-29,"10661","",2014-08-04,"489998","1"
"175077565010661","76389426010538",2007,39,7,120,2,2007,10,0,10,0,99,1.1,0,1.1,0,"",2008-12-29,"10661","",2014-08-04,"489998","1"
"175077566010661","76389426010538",2007,39,7,120,3,2007,20,0,10,0,99,1.1,0,1.8,0,"",2008-12-29,"10661","",2014-08-04,"489998","1"
"175077567010661","76389426010538",2007,39,7,120,4,2007,10,0,20,0,99,1,0,2,0,"",2008-12-29,"10661","",2014-08-04,"489998","1"
"175077660010661","76389048010538",2007,39,9,598,1,2007,10,0,90,1,40,0.6,0,3,0.4,"",2008-12-29,"10661","",2014-08-04,"489998","1"
"175077661010661","76389048010538",2007,39,9,598,2,2007,50,1,99,1,50,7,2.1,2.9,0.6,"",2008-12-29,"10661","",2014-08-04,"489998","1"
"175077662010661","76389048010538",2007,39,9,598,3,2007,30,1,90,1,90,11,1.2,3.4,0.2,"",2008-12-29,"10661","",2014-08-04,"489998","1"
"175077663010661","76389048010538",2007,39,9,598,4,2007,99,1,20,0,90,9,0.8,2.3,0,"",2008-12-29,"10661","",2014-08-04,"489998","1"
"175077804010661","76389772010538",2007,39,17,722,4,2007,40,10,70,30,30,10,3.3,2.2,2.4,"",2008-12-29,"10661","",2014-08-04,"489998","1"
"175077882010661","76389470010538",2007,39,29,606,1,2007,20,1,99,0,99,6,3.9,4.7,0,"",2008-12-29,"10661","",2014-08-04,"489998","1"
"175078014010661","76389478010538",2007,39,35,575,1,2007,80,0,1,0,60,0.8,0,0.4,0,"",2008-12-29,"10661","",2014-08-04,"489998","1"
"175077883010661","76389470010538",2007,39,29,606,2,2007,10,10,50,0,70,3.1,2.7,3.7,0,"",2008-12-29,"10661","",2014-08-04,"489998","1"
"175077884010661","76389470010538",2007,39,29,606,3,2007,20,10,80,1,40,7,6,3.2,0.5,"",2008-12-29,"10661","",2014-08-04,"489998","1"
"175077885010661","76389470010538",2007,39,29,606,4,2007,1,0,99,10,70,4.8,0,4.4,0.3,"",2008-12-29,"10661","",2014-08-04,"489998","1"
"175078015010661","76389478010538",2007,39,35,575,2,2007,90,0,1,0,60,9,0,1,0,"",2008-12-29,"10661","",2014-08-04,"489998","1"
"175078016010661","76389478010538",2007,39,35,575,3,2007,10,0,10,0,90,0.1,0,0.6,0,"",2008-12-29,"10661","",2014-08-04,"489998","1"
"175078017010661","76389478010538",2007,39,35,575,4,2007,20,0,1,0,90,3.5,0,0.8,0,"",2008-12-29,"10661","",2014-08-04,"489998","1"
"175078090010661","76390178010538",2007,39,41,574,1,2007,20,1,99,10,90,6.1,4.2,4.4,1.1,"",2008-12-29,"10661","",2014-08-04,"489998","1"
"175078091010661","76390178010538",2007,39,41,574,2,2007,60,1,99,10,90,5.1,4.2,4.2,2.9,"",2008-12-29,"10661","",2014-08-04,"489998","1"
"175078092010661","76390178010538",2007,39,41,574,3,2007,10,1,99,10,90,5.3,3.2,4.3,4.3,"",2008-12-29,"10661","",2014-08-04,"489998","1"
"175078181010661","76388870010538",2007,39,53,778,1,2007,10,0,1,0,99,1,0,1,0,"",2008-12-29,"10661","",2014-08-04,"489998","1"
"175078182010661","76388870010538",2007,39,53,778,2,2007,10,1,0,0,99,1.2,0.8,0,0,"",2008-12-29,"10661","",2014-08-04,"489998","1"
"175078183010661","76388870010538",2007,39,53,778,3,2007,10,0,1,0,99,1.4,0,1.3,0,"",2008-12-29,"10661","",2014-08-04,"489998","1"
"175078184010661","76388870010538",2007,39,53,778,4,2007,30,1,10,0,99,11,3.1,1,0,"",2008-12-29,"10661","",2014-08-04,"489998","1"
"175078308010661","76389928010538",2007,39,61,506,1,2007,0,0,10,0,40,0,0,1.4,0,"",2008-12-29,"10661","",2014-08-04,"489998","1"
"175078309010661","76389928010538",2007,39,61,506,2,2007,10,1,60,1,70,1.9,0.3,1.6,0.2,"",2008-12-29,"10661","",2014-08-04,"489998","1"
"175078310010661","76389928010538",2007,39,61,506,4,2007,0,0,60,1,90,0,0,2.8,0.3,"",2008-12-29,"10661","",2014-08-04,"489998","1"
"175078433010661","76389268010538",2007,39,67,363,1,2007,80,10,90,1,70,9,4.5,1.6,0.4,"",2008-12-29,"10661","",2014-08-04,"489998","1"
"175078434010661","76389268010538",2007,39,67,363,2,2007,99,30,30,1,80,23,6,0.9,0.5,"",2008-12-29,"10661","",2014-08-04,"489998","1"
"175078435010661","76389268010538",2007,39,67,363,3,2007,30,1,30,0,80,26,2.5,1.8,0,"",2008-12-29,"10661","",2014-08-04,"489998","1"
"175078436010661","76389268010538",2007,39,67,363,4,2007,30,1,20,1,70,26,1,1.3,0.3,"",2008-12-29,"10661","",2014-08-04,"489998","1"
"175078559010661","76389074010538",2007,39,73,197,1,2007,20,1,60,0,99,5.9,0.8,1.8,0,"",2008-12-29,"10661","",2014-08-04,"489998","1"
"175078560010661","76389074010538",2007,39,73,197,2,2007,0,1,0,0,40,0,1.1,0,0,"",2008-12-29,"10661","",2014-08-04,"489998","1"
"175078561010661","76389074010538",2007,39,73,197,3,2007,10,1,20,0,80,7,3,2.1,0,"",2008-12-29,"10661","",2014-08-04,"489998","1"
"175078562010661","76389074010538",2007,39,73,197,4,2007,30,1,20,0,90,6,4.5,2.1,0,"",2008-12-29,"10661","",2014-08-04,"489998","1"
"175078719010661","76390278010538",2007,39,83,604,1,2007,40,0,50,1,60,3.2,0,5.1,0.4,"",2008-12-29,"10661","",2014-08-04,"489998","1"
"175078720010661","76390278010538",2007,39,83,604,2,2007,10,0,70,1,90,3.4,0,4.2,0.2,"",2008-12-29,"10661","",2014-08-04,"489998","1"
"175078721010661","76390278010538",2007,39,83,604,3,2007,50,1,30,0,99,4.5,0.4,2.1,0,"",2008-12-29,"10661","",2014-08-04,"489998","1"
"175078722010661","76390278010538",2007,39,83,604,4,2007,50,0,40,0,80,5.1,0,3.1,0,"",2008-12-29,"10661","",2014-08-04,"489998","1"
"175078862010661","76388932010538",2007,39,87,319,1,2007,10,1,20,10,99,2.7,0.9,1,0.3,"",2008-12-29,"10661","",2014-08-04,"489998","1"
"175078863010661","76388932010538",2007,39,87,319,2,2007,60,1,20,1,99,4.4,1.5,2.2,0.5,"",2008-12-29,"10661","",2014-08-04,"489998","1"
"175078864010661","76388932010538",2007,39,87,319,3,2007,10,1,50,1,90,4.7,1.1,2.1,0.5,"",2008-12-29,"10661","",2014-08-04,"489998","1"
"175078865010661","76388932010538",2007,39,87,319,4,2007,10,0,30,0,60,1.2,0,1.4,0,"",2008-12-29,"10661","",2014-08-04,"489998","1"
"175079007010661","76389318010538",2007,39,111,537,1,2007,90,10,10,0,99,11,4.2,1.2,0,"",2008-12-29,"10661","",2014-08-04,"489998","1"
"175079008010661","76389318010538",2007,39,111,537,2,2007,70,10,40,0,99,4.9,8,1.6,0,"",2008-12-29,"10661","",2014-08-04,"489998","1"
"175079009010661","76389318010538",2007,39,111,537,3,2007,40,1,99,30,50,4.6,4,2.1,0.6,"",2008-12-29,"10661","",2014-08-04,"489998","1"
"175079010010661","76389318010538",2007,39,111,537,4,2007,40,10,90,1,30,9,8,2.2,0.6,"",2008-12-29,"10661","",2014-08-04,"489998","1"
"175079158010661","76389620010538",2007,39,133,64,1,2007,1,0,20,0,99,1,0,0.4,0,"",2008-12-29,"10661","",2014-08-04,"489998","1"
"175079159010661","76389620010538",2007,39,133,64,2,2007,10,0,40,1,70,3,0,0.8,0.2,"",2008-12-29,"10661","",2014-08-04,"489998","1"
"175079160010661","76389620010538",2007,39,133,64,3,2007,10,0,30,0,99,1,0,1.4,0,"",2008-12-29,"10661","",2014-08-04,"489998","1"
"175079161010661","76389620010538",2007,39,133,64,4,2007,1,0,20,0,99,0.4,0,1.4,0,"",2008-12-29,"10661","",2014-08-04,"489998","1"
"175079305010661","76389020010538",2007,39,145,33,1,2007,30,1,10,0,60,3.6,1.2,1.8,0,"",2008-12-29,"10661","",2014-08-04,"489998","1"
"175079306010661","76389020010538",2007,39,145,33,2,2007,80,1,10,0,90,7,5.2,2.5,0,"",2008-12-29,"10661","",2014-08-04,"489998","1"
"175079307010661","76389020010538",2007,39,145,33,3,2007,60,0,10,0,99,8,0,1.2,0,"",2008-12-29,"10661","",2014-08-04,"489998","1"
"175079308010661","76389020010538",2007,39,145,33,4,2007,30,0,10,0,90,5.5,0,1.6,0,"",2008-12-29,"10661","",2014-08-04,"489998","1"
"175079502010661","76389156010538",2007,39,167,404,1,2007,1,0,1,0,90,0.4,0,0.4,0,"",2008-12-29,"10661","",2014-08-04,"489998","1"
"175079503010661","76389156010538",2007,39,167,404,2,2007,0,0,0,0,99,0,0,0,0,"",2008-12-29,"10661","",2014-08-04,"489998","1"
"175079504010661","76389156010538",2007,39,167,404,3,2007,20,0,30,1,90,4.2,0,1.2,0.5,"",2008-12-29,"10661","",2014-08-04,"489998","1"
"175079505010661","76389156010538",2007,39,167,404,4,2007,1,0,50,1,70,1,0,0.6,0.3,"",2008-12-29,"10661","",2014-08-04,"489998","1"
"216421617010661","109828427010661",2008,39,1,5656,1,2008,20,0,10,0,99,2.5,0,0.7,0,"",2009-10-05,"10661","",2014-08-04,"489998","1"
"216421618010661","109828427010661",2008,39,1,5656,2,2008,20,0,10,0,90,9,0,0.7,0,"",2009-10-05,"10661","",2014-08-04,"489998","1"
"216421619010661","109828427010661",2008,39,1,5656,3,2008,20,0,10,0,99,5.7,0,1,0,"",2009-10-05,"10661","",2014-08-04,"489998","1"
"216421620010661","109828427010661",2008,39,1,5656,4,2008,30,0,40,0,90,9,0,1.4,0,"",2009-10-05,"10661","",2014-08-04,"489998","1"
"216421722010661","109829095010661",2008,39,7,5352,1,2008,30,1,10,0,99,9,6,0.8,0,"",2009-10-05,"10661","",2014-08-04,"489998","1"
"216421723010661","109829095010661",2008,39,7,5352,2,2008,40,0,1,0,99,9,0,0.3,0,"",2009-10-05,"10661","",2014-08-04,"489998","1"
"216421724010661","109829095010661",2008,39,7,5352,3,2008,30,0,10,0,80,1.4,0,1,0,"",2009-10-05,"10661","",2014-08-04,"489998","1"
"216421725010661","109829095010661",2008,39,7,5352,4,2008,20,0,10,0,99,9,0,1.3,0,"",2009-10-05,"10661","",2014-08-04,"489998","1"
"216419566010661","109827621010661",2008,39,13,2644,1,2008,60,0,70,0,90,5,0,4,0,"",2009-10-05,"10661","",2014-08-04,"489998","1"
"216419567010661","109827621010661",2008,39,13,2644,2,2008,30,0,20,0,90,2.5,0,1,0,"",2009-10-05,"10661","",2014-08-04,"489998","1"
"216419568010661","109827621010661",2008,39,13,2644,3,2008,30,0,40,0,80,4.2,0,2.2,0,"",2009-10-05,"10661","",2014-08-04,"489998","1"
"216419569010661","109827621010661",2008,39,13,2644,4,2008,10,0,30,0,70,2.2,0,1.1,0,"",2009-10-05,"10661","",2014-08-04,"489998","1"
"216421646010661","109828639010661",2008,39,15,2715,4,2008,10,0,90,0,30,1.2,0,3.2,0,"",2009-10-05,"10661","",2014-08-04,"489998","1"
"216420601010661","109828041010661",2008,39,31,4927,1,2008,80,10,20,10,90,7,0.3,3,2,"",2009-10-05,"10661","",2014-08-04,"489998","1"
"216420598010661","109828041010661",2008,39,31,4927,2,2008,80,0,30,0,70,26,0,1.2,0,"",2009-10-05,"10661","",2014-08-04,"489998","1"
"216420599010661","109828041010661",2008,39,31,4927,3,2008,80,10,10,0,90,1.5,5,0.8,0,"",2009-10-05,"10661","",2014-08-04,"489998","1"
"216420600010661","109828041010661",2008,39,31,4927,4,2008,50,10,30,0,80,12,6,1,0,"",2009-10-05,"10661","",2014-08-04,"489998","1"
"216421939010661","109829223010661",2008,39,35,5793,1,2008,10,0,10,1,90,2.6,0,1.2,0.5,"",2009-10-05,"10661","",2014-08-04,"489998","1"
"216421940010661","109829223010661",2008,39,35,5793,2,2008,10,0,80,0,30,2,0,2.5,0,"",2009-10-05,"10661","",2014-08-04,"489998","1"
"216420065010661","109827809010661",2008,39,59,1944,1,2008,10,0,90,0,10,4,0,6,0,"",2009-10-05,"10661","",2014-08-04,"489998","1"
"216420066010661","109827809010661",2008,39,59,1944,2,2008,20,0,90,20,30,5,0,6,1.5,"",2009-10-05,"10661","",2014-08-04,"489998","1"
"216420067010661","109827809010661",2008,39,59,1944,4,2008,0,0,99,0,20,0,0,6,0,"",2009-10-05,"10661","",2014-08-04,"489998","1"
"216420837010661","109828069010661",2008,39,73,4384,1,2008,10,1,10,0,80,2,3,1.2,0,"",2009-10-05,"10661","",2014-08-04,"489998","1"
"216420838010661","109828069010661",2008,39,73,4384,2,2008,10,1,10,0,99,4,2.5,1.5,0,"",2009-10-05,"10661","",2014-08-04,"489998","1"
"216420839010661","109828069010661",2008,39,73,4384,3,2008,10,1,50,0,90,3,12,1,0,"",2009-10-05,"10661","",2014-08-04,"489998","1"
"216420840010661","109828069010661",2008,39,73,4384,4,2008,10,0,10,0,80,1.4,0,1.7,0,"",2009-10-05,"10661","",2014-08-04,"489998","1"
"216420959010661","109828083010661",2008,39,79,2106,1,2008,70,1,10,0,99,3.5,3.5,0.5,0,"",2009-10-05,"10661","",2014-08-04,"489998","1"
"216420960010661","109828083010661",2008,39,79,2106,2,2008,80,10,10,0,90,26,8,2,0,"",2009-10-05,"10661","",2014-08-04,"489998","1"
"216420961010661","109828083010661",2008,39,79,2106,3,2008,10,0,10,0,99,1.4,0,2,0,"",2009-10-05,"10661","",2014-08-04,"489998","1"
"216420962010661","109828083010661",2008,39,79,2106,4,2008,50,1,40,1,80,15,1,1,0.5,"",2009-10-05,"10661","",2014-08-04,"489998","1"
"216419933010661","109827771010661",2008,39,99,5047,1,2008,0,0,99,10,1,0,0,4,3,"",2009-10-05,"10661","",2014-08-04,"489998","1"
"216419930010661","109827771010661",2008,39,99,5047,2,2008,10,0,40,1,20,1,0,2.5,1.6,"",2009-10-05,"10661","",2014-08-04,"489998","1"
"216419931010661","109827771010661",2008,39,99,5047,3,2008,40,1,90,1,70,25,5,3,2,"",2009-10-05,"10661","",2014-08-04,"489998","1"
"216419932010661","109827771010661",2008,39,99,5047,4,2008,0,0,99,1,1,0,0,4,2.5,"",2009-10-05,"10661","",2014-08-04,"489998","1"
"216420322010661","109827841010661",2008,39,105,2981,1,2008,20,20,20,0,90,8,10,2.5,0,"",2009-10-05,"10661","",2014-08-04,"489998","1"
"216420323010661","109827841010661",2008,39,105,2981,2,2008,1,0,70,10,90,2.5,0,4.5,3,"",2009-10-05,"10661","",2014-08-04,"489998","1"
"216420324010661","109827841010661",2008,39,105,2981,3,2008,20,1,60,1,90,2.2,3.5,2,0.5,"",2009-10-05,"10661","",2014-08-04,"489998","1"
"216420325010661","109827841010661",2008,39,105,2981,4,2008,10,0,1,0,99,1.5,0,0.3,0,"",2009-10-05,"10661","",2014-08-04,"489998","1"
"216419720010661","109827633010661",2008,39,111,3407,1,2008,10,0,30,0,60,1.4,0,1.1,0,"",2009-10-05,"10661","",2014-08-04,"489998","1"
"216419721010661","109827633010661",2008,39,111,3407,3,2008,10,0,30,0,60,3.8,0,1,0,"",2009-10-05,"10661","",2014-08-04,"489998","1"
"216419722010661","109827633010661",2008,39,111,3407,4,2008,10,0,20,0,80,2.5,0,1.2,0,"",2009-10-05,"10661","",2014-08-04,"489998","1"
"216421825010661","109829209010661",2008,39,115,3640,1,2008,70,10,60,1,90,4.5,3,2,0.4,"",2009-10-05,"10661","",2014-08-04,"489998","1"
"216420732010661","109828053010661",2008,39,119,1949,1,2008,50,0,10,0,90,26,0,0.8,0,"",2009-10-05,"10661","",2014-08-04,"489998","1"
"216421826010661","109829209010661",2008,39,115,3640,2,2008,0,0,10,0,99,0,0,0.7,0,"",2009-10-05,"10661","",2014-08-04,"489998","1"
"216421827010661","109829209010661",2008,39,115,3640,3,2008,20,1,60,1,99,8,1,2,1,"",2009-10-05,"10661","",2014-08-04,"489998","1"
"216421828010661","109829209010661",2008,39,115,3640,4,2008,80,10,50,10,80,8,3.5,2,2,"",2009-10-05,"10661","",2014-08-04,"489998","1"
"216420733010661","109828053010661",2008,39,119,1949,2,2008,50,0,1,0,99,26,0,0.5,0,"",2009-10-05,"10661","",2014-08-04,"489998","1"
"216420734010661","109828053010661",2008,39,119,1949,3,2008,40,10,1,0,99,7,6,0.5,0,"",2009-10-05,"10661","",2014-08-04,"489998","1"
"216420735010661","109828053010661",2008,39,119,1949,4,2008,10,1,10,0,99,3.5,3.5,0.8,0,"",2009-10-05,"10661","",2014-08-04,"489998","1"
"216421474010661","109828417010661",2008,39,131,2188,1,2008,20,0,40,0,90,6,0,1.4,0,"",2009-10-05,"10661","",2014-08-04,"489998","1"
"216421475010661","109828417010661",2008,39,131,2188,2,2008,20,0,20,0,99,26,0,1.4,0,"",2009-10-05,"10661","",2014-08-04,"489998","1"
"216421476010661","109828417010661",2008,39,131,2188,3,2008,20,0,40,0,90,2.7,0,2.3,0,"",2009-10-05,"10661","",2014-08-04,"489998","1"
"216421477010661","109828417010661",2008,39,131,2188,4,2008,20,0,60,0,99,5,0,1.7,0,"",2009-10-05,"10661","",2014-08-04,"489998","1"
"216421297010661","109828299010661",2008,39,141,5316,1,2008,50,1,70,0,30,4,3,3.5,0,"",2009-10-05,"10661","",2014-08-04,"489998","1"
"216421298010661","109828299010661",2008,39,141,5316,2,2008,80,0,40,0,70,6.5,0,3.5,0,"",2009-10-05,"10661","",2014-08-04,"489998","1"
"216421299010661","109828299010661",2008,39,141,5316,3,2008,70,0,40,0,50,8,0,5,0,"",2009-10-05,"10661","",2014-08-04,"489998","1"
"216421300010661","109828299010661",2008,39,141,5316,4,2008,60,0,80,0,30,6,0,4,0,"",2009-10-05,"10661","",2014-08-04,"489998","1"
"216421155010661","109828093010661",2008,39,145,2227,1,2008,40,0,10,0,99,5,0,0.8,0,"",2009-10-05,"10661","",2014-08-04,"489998","1"
"216421156010661","109828093010661",2008,39,145,2227,2,2008,80,0,70,0,90,5.4,0,2,0,"",2009-10-05,"10661","",2014-08-04,"489998","1"
"216421157010661","109828093010661",2008,39,145,2227,3,2008,10,1,1,0,99,1,2.5,0.5,0,"",2009-10-05,"10661","",2014-08-04,"489998","1"
"216420478010661","109828017010661",2008,39,153,3576,3,2008,10,0,80,0,20,2.3,0,3.7,0,"",2009-10-05,"10661","",2014-08-04,"489998","1"
"216421158010661","109828093010661",2008,39,145,2227,4,2008,10,1,1,0,99,6,2,0.5,0,"",2009-10-05,"10661","",2014-08-04,"489998","1"
"216420476010661","109828017010661",2008,39,153,3576,1,2008,30,0,90,10,40,9,0,5.5,2.3,"",2009-10-05,"10661","",2014-08-04,"489998","1"
"216420477010661","109828017010661",2008,39,153,3576,2,2008,10,0,99,0,10,4.8,0,6,0,"",2009-10-05,"10661","",2014-08-04,"489998","1"
"216420479010661","109828017010661",2008,39,153,3576,4,2008,10,0,99,0,10,2,0,6,0,"",2009-10-05,"10661","",2014-08-04,"489998","1"
"216419842010661","109827759010661",2008,39,155,5061,1,2008,20,1,10,0,60,7,3,1.3,0,"",2009-10-05,"10661","",2014-08-04,"489998","1"
"216419843010661","109827759010661",2008,39,155,5061,2,2008,10,1,20,0,90,3.5,2,1.3,0,"",2009-10-05,"10661","",2014-08-04,"489998","1"
"216419844010661","109827759010661",2008,39,155,5061,3,2008,80,10,60,0,80,12,6,2.8,0,"",2009-10-05,"10661","",2014-08-04,"489998","1"
"216420196010661","109829303010661",2008,39,167,2110,1,2008,10,0,50,0,80,1.4,0,2.4,0,"",2009-10-05,"10661","",2014-08-04,"489998","1"
"216420197010661","109829303010661",2008,39,167,2110,2,2008,10,0,20,0,90,2.2,0,0.8,0,"",2009-10-05,"10661","",2014-08-04,"489998","1"
"216420198010661","109829303010661",2008,39,167,2110,3,2008,30,10,40,0,80,7,9,2.2,0,"",2009-10-05,"10661","",2014-08-04,"489998","1"
"216420199010661","109829303010661",2008,39,167,2110,4,2008,10,0,40,0,80,3.5,0,1.8,0,"",2009-10-05,"10661","",2014-08-04,"489998","1"
"233285217010661","144953751010661",2009,39,5,4827,1,2009,30,1,40,1,70,3,2,2,0.7,"",2010-08-18,"10661","",2014-08-04,"489998","1"
"233285218010661","144953751010661",2009,39,5,4827,2,2009,40,0,30,1,99,45,0,1,1,"",2010-08-18,"10661","",2014-08-04,"489998","1"
"233285219010661","144953751010661",2009,39,5,4827,3,2009,20,0,60,1,90,1,0,2.2,1.8,"",2010-08-18,"10661","",2014-08-04,"489998","1"
"224923092010661","144953675010661",2009,39,9,2380,1,2009,70,10,50,1,50,12,7.2,2.2,1.5,"",2010-08-17,"10661","",2014-08-04,"489998","1"
"224923093010661","144953675010661",2009,39,9,2380,2,2009,70,10,20,0,80,7,2.2,2.1,0,"",2010-08-17,"10661","",2014-08-04,"489998","1"
"224923094010661","144953675010661",2009,39,9,2380,3,2009,50,1,10,0,99,7.2,4.1,1.5,0,"",2010-08-17,"10661","",2014-08-04,"489998","1"
"224923095010661","144953675010661",2009,39,9,2380,4,2009,70,10,10,0,99,4.2,20,0.7,0,"",2010-08-17,"10661","",2014-08-04,"489998","1"
"225008094010661","144954517010661",2009,39,11,2083,2,2009,10,0,30,1,70,5,0,2.5,1.2,"",2010-08-17,"10661","",2014-08-04,"489998","1"
"225898547010661","144954161010661",2009,39,15,3247,1,2009,1,0,30,0,60,0.6,0,1.7,0,"",2010-08-17,"10661","",2014-08-04,"489998","1"
"225898548010661","144954161010661",2009,39,15,3247,2,2009,0,0,60,10,90,0,0,3,1.5,"",2010-08-17,"10661","",2014-08-04,"489998","1"
"225898549010661","144954161010661",2009,39,15,3247,3,2009,0,0,40,10,80,0,0,2.2,2.5,"",2010-08-17,"10661","",2014-08-04,"489998","1"
"225898550010661","144954161010661",2009,39,15,3247,4,2009,10,0,60,1,80,1.1,0,2.8,1.4,"",2010-08-17,"10661","",2014-08-04,"489998","1"
"224928641010661","144953287010661",2009,39,19,2633,1,2009,10,0,10,0,99,5,0,1.2,0,"",2010-08-17,"10661","",2014-08-04,"489998","1"
"224928642010661","144953287010661",2009,39,19,2633,2,2009,0,0,20,0,90,0,0,1.8,0,"",2010-08-17,"10661","",2014-08-04,"489998","1"
"224928643010661","144953287010661",2009,39,19,2633,3,2009,1,0,1,0,99,2.7,0,0.7,0,"",2010-08-17,"10661","",2014-08-04,"489998","1"
"224928644010661","144953287010661",2009,39,19,2633,4,2009,50,0,20,1,90,50,0,3,2,"",2010-08-17,"10661","",2014-08-04,"489998","1"
"224929291010661","144953639010661",2009,39,31,1154,1,2009,40,1,10,0,99,8,3,1,0,"",2010-08-17,"10661","",2014-08-04,"489998","1"
"224929292010661","144953639010661",2009,39,31,1154,2,2009,20,0,20,1,80,20,0,1.7,1.2,"",2010-08-17,"10661","",2014-08-04,"489998","1"
"224929293010661","144953639010661",2009,39,31,1154,3,2009,30,0,50,1,60,25,0,1.4,2,"",2010-08-17,"10661","",2014-08-04,"489998","1"
"224929294010661","144953639010661",2009,39,31,1154,4,2009,20,1,20,0,80,3,2,0.2,0,"",2010-08-17,"10661","",2014-08-04,"489998","1"
"225004976010661","144954107010661",2009,39,49,1720,1,2009,0,0,99,10,20,0,0,2.5,2.5,"",2010-08-17,"10661","",2014-08-04,"489998","1"
"225004977010661","144954107010661",2009,39,49,1720,2,2009,70,1,10,0,80,9,3,0.3,0,"",2010-08-17,"10661","",2014-08-04,"489998","1"
"225004978010661","144954107010661",2009,39,49,1720,4,2009,40,0,99,1,90,10,0,3,3,"",2010-08-17,"10661","",2014-08-04,"489998","1"
"224916804010661","144953567010661",2009,39,53,2364,1,2009,80,10,10,1,99,7.7,3.1,0.7,1.4,"",2010-08-17,"10661","",2014-08-04,"489998","1"
"224916805010661","144953567010661",2009,39,53,2364,2,2009,20,1,60,10,99,2.4,0.3,1.7,0.3,"",2010-08-17,"10661","",2014-08-04,"489998","1"
"233285290010661","144953593010661",2009,39,55,1176,1,2009,70,10,80,0,60,24,5,4.2,0,"",2010-08-18,"10661","",2014-08-04,"489998","1"
"233285291010661","144953593010661",2009,39,55,1176,2,2009,60,1,80,1,60,25,3,2.6,1.2,"",2010-08-18,"10661","",2014-08-04,"489998","1"
"233285292010661","144953593010661",2009,39,55,1176,4,2009,80,1,40,0,99,7.8,2.2,1.3,0,"",2010-08-18,"10661","",2014-08-04,"489998","1"
"233285343010661","144954337010661",2009,39,57,2961,1,2009,20,0,99,10,40,3.2,0,2.4,4.9,"",2010-08-18,"10661","",2014-08-04,"489998","1"
"233285344010661","144954337010661",2009,39,57,2961,2,2009,90,10,20,1,40,14,4.5,1.5,1.2,"",2010-08-18,"10661","",2014-08-04,"489998","1"
"233285345010661","144954337010661",2009,39,57,2961,3,2009,80,10,70,1,40,14,6.5,3.6,1.8,"",2010-08-18,"10661","",2014-08-04,"489998","1"
"233285145010661","144953299010661",2009,39,67,4888,1,2009,40,10,10,0,90,7,5,0.5,0,"",2010-08-18,"10661","",2014-08-04,"489998","1"
"233285146010661","144953299010661",2009,39,67,4888,2,2009,50,1,90,1,90,5.5,7,2.4,0.5,"",2010-08-18,"10661","",2014-08-04,"489998","1"
"233285147010661","144953299010661",2009,39,67,4888,3,2009,50,1,70,1,90,35,5,4,2,"",2010-08-18,"10661","",2014-08-04,"489998","1"
"233285148010661","144953299010661",2009,39,67,4888,4,2009,60,1,99,1,50,12,5,2.4,4,"",2010-08-18,"10661","",2014-08-04,"489998","1"
"224917818010661","144954149010661",2009,39,71,5390,1,2009,10,1,20,1,90,0.9,2.9,2.4,0.1,"",2010-08-17,"10661","",2014-08-04,"489998","1"
"224917819010661","144954149010661",2009,39,71,5390,2,2009,80,1,60,1,40,50,3,4.5,1,"",2010-08-17,"10661","",2014-08-04,"489998","1"
"224917820010661","144954149010661",2009,39,71,5390,3,2009,10,1,20,1,90,0.9,2,2.4,1,"",2010-08-17,"10661","",2014-08-04,"489998","1"
"224917821010661","144954149010661",2009,39,71,5390,4,2009,40,1,90,10,50,9,7,3.7,1.7,"",2010-08-17,"10661","",2014-08-04,"489998","1"
"233284721010661","144953707010661",2009,39,87,2049,1,2009,70,10,40,1,99,20,14,2.8,0.8,"",2010-08-18,"10661","",2014-08-04,"489998","1"
"233284722010661","144953707010661",2009,39,87,2049,2,2009,30,1,10,0,80,5,2,1.1,0,"",2010-08-18,"10661","",2014-08-04,"489998","1"
"233284723010661","144953707010661",2009,39,87,2049,3,2009,20,1,30,1,90,30,30,2.2,1.4,"",2010-08-18,"10661","",2014-08-04,"489998","1"
"233284724010661","144953707010661",2009,39,87,2049,4,2009,60,1,20,0,70,15,10.2,2.2,0,"",2010-08-18,"10661","",2014-08-04,"489998","1"
"233285495010661","144954313010661",2009,39,91,4513,1,2009,90,1,80,1,60,30,2.5,2,1.5,"",2010-08-18,"10661","",2014-08-04,"489998","1"
"233285496010661","144954313010661",2009,39,91,4513,2,2009,99,10,40,1,60,8,5,3,1.5,"",2010-08-18,"10661","",2014-08-04,"489998","1"
"233285497010661","144954313010661",2009,39,91,4513,4,2009,80,1,90,1,70,6.5,0.3,2.5,2,"",2010-08-18,"10661","",2014-08-04,"489998","1"
"225010489010661","144954467010661",2009,39,95,3536,1,2009,20,1,1,1,99,2.8,7.5,1.3,1.6,"",2010-08-17,"10661","",2014-08-04,"489998","1"
"225010490010661","144954467010661",2009,39,95,3536,2,2009,20,1,10,0,99,5.9,4.1,1.5,0,"",2010-08-17,"10661","",2014-08-04,"489998","1"
"225010491010661","144954467010661",2009,39,95,3536,3,2009,60,1,30,1,90,10.1,2.8,1.3,1.1,"",2010-08-17,"10661","",2014-08-04,"489998","1"
"225010492010661","144954467010661",2009,39,95,3536,4,2009,40,1,20,1,99,3.2,1.8,1.2,1.8,"",2010-08-17,"10661","",2014-08-04,"489998","1"
"225777179010661","144954079010661",2009,39,117,3433,4,2009,80,1,70,1,30,65,3.7,3.3,2.5,"",2010-08-17,"10661","",2014-08-04,"489998","1"
"225777176010661","144954079010661",2009,39,117,3433,1,2009,50,1,40,1,60,4.3,3.5,2.4,1.8,"",2010-08-17,"10661","",2014-08-04,"489998","1"
"225777177010661","144954079010661",2009,39,117,3433,2,2009,60,10,30,10,90,6,0.5,3.4,2.5,"",2010-08-17,"10661","",2014-08-04,"489998","1"
"225777178010661","144954079010661",2009,39,117,3433,3,2009,70,0,80,1,40,1,0,3.4,2.2,"",2010-08-17,"10661","",2014-08-04,"489998","1"
"225777223010661","144953531010661",2009,39,119,1245,3,2009,90,1,90,10,50,55,4,4.8,4,"",2010-08-17,"10661","",2014-08-04,"489998","1"
"224993891010661","144953331010661",2009,39,121,2146,1,2009,10,0,20,1,90,1,0,1.1,0.6,"",2010-08-17,"10661","",2014-08-04,"489998","1"
"224993892010661","144953331010661",2009,39,121,2146,2,2009,20,1,30,1,99,10,3,2,1.5,"",2010-08-17,"10661","",2014-08-04,"489998","1"
"224993893010661","144953331010661",2009,39,121,2146,3,2009,10,0,60,0,99,2.6,0,0.5,0,"",2010-08-17,"10661","",2014-08-04,"489998","1"
"224993894010661","144953331010661",2009,39,121,2146,4,2009,30,1,20,0,99,4,2.5,2,0,"",2010-08-17,"10661","",2014-08-04,"489998","1"
"233285052010661","144954845010661",2009,39,127,3072,1,2009,0,0,0,0,0,0,0,0,0,"",2010-08-18,"10661","",2014-08-04,"489998","1"
"233285053010661","144954845010661",2009,39,127,3072,2,2009,40,1,30,1,80,4.5,2.1,1.6,0.7,"",2010-08-18,"10661","",2014-08-04,"489998","1"
"233285054010661","144954845010661",2009,39,127,3072,3,2009,60,1,90,1,60,9,6,5,2,"",2010-08-18,"10661","",2014-08-04,"489998","1"
"233285055010661","144954845010661",2009,39,127,3072,4,2009,30,0,30,1,99,45,0,2.7,1.8,"",2010-08-18,"10661","",2014-08-04,"489998","1"
"225899069010661","144954561010661",2009,39,135,1422,1,2009,60,1,70,0,60,9.5,2.2,3.8,0,"",2010-08-17,"10661","",2014-08-04,"489998","1"
"225899070010661","144954561010661",2009,39,135,1422,3,2009,70,1,60,1,40,14,3.2,2.3,0.2,"",2010-08-17,"10661","",2014-08-04,"489998","1"
"233284962010661","144953903010661",2009,39,141,3077,2,2009,10,0,30,0,50,1.1,0,2.4,0,"",2010-08-18,"10661","",2014-08-04,"489998","1"
"225899071010661","144954561010661",2009,39,135,1422,4,2009,50,1,20,1,40,11.1,2.2,2.2,1.4,"",2010-08-17,"10661","",2014-08-04,"489998","1"
"233284961010661","144953903010661",2009,39,141,3077,1,2009,1,0,30,40,30,2.1,0,0.1,0.1,"",2010-08-18,"10661","",2014-08-04,"489998","1"
"233284963010661","144953903010661",2009,39,141,3077,3,2009,20,1,40,0,99,1.8,1.1,3.4,0,"",2010-08-18,"10661","",2014-08-04,"489998","1"
"233284964010661","144953903010661",2009,39,141,3077,4,2009,30,1,10,0,90,5.2,4.4,1.1,0,"",2010-08-18,"10661","",2014-08-04,"489998","1"
"224922127010661","144953809010661",2009,39,145,4951,1,2009,40,1,30,0,90,7.9,4.3,1.8,0,"",2010-08-17,"10661","",2014-08-04,"489998","1"
"224922128010661","144953809010661",2009,39,145,4951,2,2009,20,1,20,0,99,5.2,4.5,2.2,0,"",2010-08-17,"10661","",2014-08-04,"489998","1"
"224922129010661","144953809010661",2009,39,145,4951,3,2009,20,1,40,0,80,1.9,1.6,2.5,0,"",2010-08-17,"10661","",2014-08-04,"489998","1"
"224922130010661","144953809010661",2009,39,145,4951,4,2009,90,1,1,0,99,9,5.5,0.5,0,"",2010-08-17,"10661","",2014-08-04,"489998","1"
"224995074010661","144953627010661",2009,39,157,3047,1,2009,40,10,40,1,99,14,7,3,2,"",2010-08-17,"10661","",2014-08-04,"489998","1"
"224995075010661","144953627010661",2009,39,157,3047,2,2009,10,1,30,1,80,3,3,2,1,"",2010-08-17,"10661","",2014-08-04,"489998","1"
"224995076010661","144953627010661",2009,39,157,3047,3,2009,1,1,70,1,80,2,2,2.4,0.1,"",2010-08-17,"10661","",2014-08-04,"489998","1"
"224995077010661","144953627010661",2009,39,157,3047,4,2009,60,1,30,0,80,2.5,2,2.6,0,"",2010-08-17,"10661","",2014-08-04,"489998","1"
"233285437010661","144954347010661",2009,39,165,2505,1,2009,20,0,40,1,60,2.4,0,2.2,2.5,"",2010-08-18,"10661","",2014-08-04,"489998","1"
"233285438010661","144954347010661",2009,39,165,2505,2,2009,40,1,50,1,40,9.7,3.4,2.2,1.7,"",2010-08-18,"10661","",2014-08-04,"489998","1"
"233285439010661","144954347010661",2009,39,165,2505,3,2009,20,0,70,10,40,1.2,0,3,3.7,"",2010-08-18,"10661","",2014-08-04,"489998","1"
"233285440010661","144954347010661",2009,39,165,2505,4,2009,60,0,50,0,90,2.4,0,2.2,0,"",2010-08-18,"10661","",2014-08-04,"489998","1"
"247526401010661","168996353010661",2010,39,13,3399,3,2010,10,1,10,1,40,7.1,6.5,1.5,0.2,"",2011-05-05,"10661","",2014-08-04,"489998","1"
"247526612010661","168996583010661",2010,39,13,4479,1,2010,20,0,30,1,99,5.6,0,0.7,0.3,"",2011-05-05,"10661","",2014-08-04,"489998","1"
"247526613010661","168996583010661",2010,39,13,4479,2,2010,20,0,50,10,90,7.3,0,2.9,0.3,"",2011-05-05,"10661","",2014-08-04,"489998","1"
"247526614010661","168996583010661",2010,39,13,4479,3,2010,10,1,10,1,99,3.3,1.3,1.5,0.7,"",2011-05-05,"10661","",2014-08-04,"489998","1"
"247526615010661","168996583010661",2010,39,13,4479,4,2010,60,10,10,1,99,9.5,5.9,1.1,0.4,"",2011-05-05,"10661","",2014-08-04,"489998","1"
"247542055010661","168995905010661",2010,39,25,5374,1,2010,40,1,40,1,10,10.1,5.7,3.1,1.2,"",2011-05-05,"10661","",2014-08-04,"489998","1"
"247542056010661","168995905010661",2010,39,25,5374,2,2010,50,10,20,1,20,4.8,6.1,3.2,2.3,"",2011-05-05,"10661","",2014-08-04,"489998","1"
"247542057010661","168995905010661",2010,39,25,5374,3,2010,70,1,10,1,40,33.5,2,1,0.4,"",2011-05-05,"10661","",2014-08-04,"489998","1"
"247542058010661","168995905010661",2010,39,25,5374,4,2010,20,1,0,0,99,5.2,0.4,0,0,"",2011-05-05,"10661","",2014-08-04,"489998","1"
"247542317010661","168995897010661",2010,39,27,3456,1,2010,70,30,10,0,80,9.6,7.9,0.9,0,"",2011-05-05,"10661","",2014-08-04,"489998","1"
"247542318010661","168995897010661",2010,39,27,3456,3,2010,99,50,10,10,50,11.1,6.9,2.1,0.5,"",2011-05-05,"10661","",2014-08-04,"489998","1"
"247542319010661","168995897010661",2010,39,27,3456,4,2010,60,30,10,1,80,13.1,6.3,2.1,0.4,"",2011-05-05,"10661","",2014-08-04,"489998","1"
"247543428010661","168996623010661",2010,39,41,3878,3,2010,1,0,80,1,99,1.8,0,4.2,1.8,"",2011-05-05,"10661","",2014-08-04,"489998","1"
"247544146010661","168995097010661",2010,39,53,3579,1,2010,20,1,20,1,90,3.6,0.5,2,0.7,"",2011-05-05,"10661","",2014-08-04,"489998","1"
"247544147010661","168995097010661",2010,39,53,3579,2,2010,20,10,10,1,99,24.2,22.9,1.9,0.3,"",2011-05-05,"10661","",2014-08-04,"489998","1"
"247544148010661","168995097010661",2010,39,53,3579,3,2010,20,1,10,1,99,3.7,2.9,2.5,0.2,"",2011-05-05,"10661","",2014-08-04,"489998","1"
"247544149010661","168995097010661",2010,39,53,3579,4,2010,10,1,40,1,99,4.9,0.8,3.7,0.9,"",2011-05-05,"10661","",2014-08-04,"489998","1"
"248065458010661","168995175010661",2010,39,59,2204,1,2010,10,0,50,1,99,1.2,0,2.6,1.3,"",2011-05-05,"10661","",2014-08-04,"489998","1"
"248065459010661","168995175010661",2010,39,59,2204,2,2010,90,30,10,0,20,9.6,3.6,6,0,"",2011-05-05,"10661","",2014-08-04,"489998","1"
"248065460010661","168995175010661",2010,39,59,2204,3,2010,40,1,10,0,99,81.6,3.2,0.9,0,"",2011-05-05,"10661","",2014-08-04,"489998","1"
"248065461010661","168995175010661",2010,39,59,2204,4,2010,10,0,99,20,10,12.2,0,6,2.8,"",2011-05-05,"10661","",2014-08-04,"489998","1"
"247544997010661","168995163010661",2010,39,59,2535,2,2010,60,1,10,1,99,2,1,1.9,1.6,"",2011-05-05,"10661","",2014-08-04,"489998","1"
"248065679010661","168996193010661",2010,39,61,2063,1,2010,50,0,10,10,20,5.6,0,1.9,3.5,"",2011-05-05,"10661","",2014-08-04,"489998","1"
"248065680010661","168996193010661",2010,39,61,2063,2,2010,10,0,20,10,20,2.1,0,1.9,4.1,"",2011-05-05,"10661","",2014-08-04,"489998","1"
"248065681010661","168996193010661",2010,39,61,2063,3,2010,10,1,10,20,10,2.2,2.6,4.1,2.9,"",2011-05-05,"10661","",2014-08-04,"489998","1"
"248065682010661","168996193010661",2010,39,61,2063,4,2010,10,0,10,10,10,5.5,0,1.5,3.4,"",2011-05-05,"10661","",2014-08-04,"489998","1"
"247553408010661","168995445010661",2010,39,73,5262,1,2010,10,1,20,1,99,1.2,0.9,0.5,0.3,"",2011-05-05,"10661","",2014-08-04,"489998","1"
"247553409010661","168995445010661",2010,39,73,5262,2,2010,10,1,1,1,99,2.2,1.9,0.3,0.2,"",2011-05-05,"10661","",2014-08-04,"489998","1"
"247553410010661","168995445010661",2010,39,73,5262,3,2010,10,0,1,0,99,1.5,0,0.3,0,"",2011-05-05,"10661","",2014-08-04,"489998","1"
"247553411010661","168995445010661",2010,39,73,5262,4,2010,1,1,1,0,99,1.8,0.8,0.8,0,"",2011-05-05,"10661","",2014-08-04,"489998","1"
"248065851010661","168995405010661",2010,39,75,1717,1,2010,50,10,30,1,90,6.9,4.4,4.9,4.5,"",2011-05-05,"10661","",2014-08-04,"489998","1"
"248065852010661","168995405010661",2010,39,75,1717,2,2010,30,1,20,1,99,12.3,2.2,1.6,0.6,"",2011-05-05,"10661","",2014-08-04,"489998","1"
"248065853010661","168995405010661",2010,39,75,1717,3,2010,80,10,40,10,20,7.8,3.7,3.9,0.7,"",2011-05-05,"10661","",2014-08-04,"489998","1"
"248065854010661","168995405010661",2010,39,75,1717,4,2010,50,10,30,1,70,8.1,2.3,3.5,0.7,"",2011-05-05,"10661","",2014-08-04,"489998","1"
"247554665010661","168995585010661",2010,39,77,3789,2,2010,1,1,50,10,99,1.8,1.3,3,3.9,"",2011-05-05,"10661","",2014-08-04,"489998","1"
"247560160010661","168994889010661",2010,39,81,5147,1,2010,60,10,20,0,99,6.2,5.6,2.1,0,"",2011-05-05,"10661","",2014-08-04,"489998","1"
"247560161010661","168994889010661",2010,39,81,5147,2,2010,10,1,20,0,99,2.8,1,2.1,0,"",2011-05-05,"10661","",2014-08-04,"489998","1"
"247560162010661","168994889010661",2010,39,81,5147,3,2010,10,0,80,1,90,3.8,0,4.1,3.3,"",2011-05-05,"10661","",2014-08-04,"489998","1"
"247560163010661","168994889010661",2010,39,81,5147,4,2010,80,1,10,0,99,6.9,2.5,2.1,0,"",2011-05-05,"10661","",2014-08-04,"489998","1"
"247577509010661","168996389010661",2010,39,103,4704,1,2010,10,0,30,1,90,2.6,0,2.4,0.3,"",2011-05-05,"10661","",2014-08-04,"489998","1"
"247577510010661","168996389010661",2010,39,103,4704,2,2010,10,0,40,1,99,0.9,0,2.3,0.7,"",2011-05-05,"10661","",2014-08-04,"489998","1"
"247577511010661","168996389010661",2010,39,103,4704,3,2010,20,1,20,1,99,25.1,20.2,2.5,1.3,"",2011-05-05,"10661","",2014-08-04,"489998","1"
"247578250010661","168996323010661",2010,39,107,4902,2,2010,10,0,10,10,80,1.4,0,2.9,3.9,"",2011-05-05,"10661","",2014-08-04,"489998","1"
"247578811010661","168996081010661",2010,39,113,1116,1,2010,40,0,30,1,60,7.1,0,3.7,2.5,"",2011-05-05,"10661","",2014-08-04,"489998","1"
"247578812010661","168996081010661",2010,39,113,1116,2,2010,20,0,40,1,70,3.1,0,2.6,2.1,"",2011-05-05,"10661","",2014-08-04,"489998","1"
"247578813010661","168996081010661",2010,39,113,1116,3,2010,60,10,10,0,50,38.6,6.9,1.2,0,"",2011-05-05,"10661","",2014-08-04,"489998","1"
"247583021010661","168994999010661",2010,39,155,4794,1,2010,20,1,10,0,80,2.5,2.7,1.7,0,"",2011-05-05,"10661","",2014-08-04,"489998","1"
"247578814010661","168996081010661",2010,39,113,1116,4,2010,60,10,10,0,80,6.3,2.8,2,0,"",2011-05-05,"10661","",2014-08-04,"489998","1"
"247581379010661","168995667010661",2010,39,141,4924,1,2010,10,0,10,0,99,2.9,0,1.8,0,"",2011-05-05,"10661","",2014-08-04,"489998","1"
"247581380010661","168995667010661",2010,39,141,4924,2,2010,30,0,40,1,20,6.3,0,2.6,0.7,"",2011-05-05,"10661","",2014-08-04,"489998","1"
"247581381010661","168995667010661",2010,39,141,4924,3,2010,10,0,10,0,80,1.1,0,3.6,0,"",2011-05-05,"10661","",2014-08-04,"489998","1"
"247581382010661","168995667010661",2010,39,141,4924,4,2010,20,1,30,0,90,33.2,2.1,2.9,0,"",2011-05-05,"10661","",2014-08-04,"489998","1"
"247583022010661","168994999010661",2010,39,155,4794,2,2010,70,1,1,0,90,3,2.9,0.5,0,"",2011-05-05,"10661","",2014-08-04,"489998","1"
"247583023010661","168994999010661",2010,39,155,4794,3,2010,40,1,10,0,99,1.8,3.4,3.6,0,"",2011-05-05,"10661","",2014-08-04,"489998","1"
"247583024010661","168994999010661",2010,39,155,4794,4,2010,20,1,10,1,30,18.7,9.7,2.5,2.3,"",2011-05-05,"10661","",2014-08-04,"489998","1"
"247583370010661","168995039010661",2010,39,157,5760,1,2010,20,10,60,10,60,2.9,0.9,2.5,0.7,"",2011-05-05,"10661","",2014-08-04,"489998","1"
"247584497010661","168994921010661",2010,39,167,2121,1,2010,10,1,10,1,99,5.8,3.1,1.7,0.6,"",2011-05-05,"10661","",2014-08-04,"489998","1"
"247584498010661","168994921010661",2010,39,167,2121,2,2010,50,1,10,1,99,4,4.7,2.4,0.6,"",2011-05-05,"10661","",2014-08-04,"489998","1"
"247584499010661","168994921010661",2010,39,167,2121,4,2010,10,0,40,10,99,3.3,0,1.8,1,"",2011-05-05,"10661","",2014-08-04,"489998","1"
"247584967010661","168995389010661",2010,39,169,5407,1,2010,1,0,99,10,40,0.8,0,4.8,2.2,"",2011-05-05,"10661","",2014-08-04,"489998","1"
"247584968010661","168995389010661",2010,39,169,5407,3,2010,20,10,10,0,80,6.9,3.6,1.8,0,"",2011-05-05,"10661","",2014-08-04,"489998","1"
