"CN","PLT_CN","INVYR","STATECD","COUNTYCD","PLOT","LICH_SPPCD","MEASYEAR","ABUNDANCE_CLASS","ORIGIN_FLAG","SPP_COMMENTS","CREATED_BY","CREATED_DATE","CREATED_IN_INSTANCE","MODIFIED_BY","MODIFIED_DATE","MODIFIED_IN_INSTANCE"
"111270042010661","59780449010538",2001,39,1,561,301,2001,3,1,"","",2007-11-21,"10661","",,""
"111270044010661","59780449010538",2001,39,1,561,803,2001,3,1,"","",2007-11-21,"10661","",,""
"111270049010661","59780449010538",2001,39,1,561,2816,2001,3,1,"","",2007-11-21,"10661","",,""
"111270050010661","59780449010538",2001,39,1,561,2822,2001,3,1,"","",2007-11-21,"10661","",,""
"111270048010661","59780449010538",2001,39,1,561,3218,2001,3,1,"","",2007-11-21,"10661","",,""
"111270051010661","59780449010538",2001,39,1,561,4201,2001,3,1,"","",2007-11-21,"10661","",,""
"111270045010661","59780449010538",2001,39,1,561,5314,2001,2,1,"","",2007-11-21,"10661","",,""
"111270046010661","59780449010538",2001,39,1,561,5614,2001,3,1,"","",2007-11-21,"10661","",,""
"111270043010661","59780449010538",2001,39,1,561,5716,2001,3,1,"","",2007-11-21,"10661","",,""
"111270052010661","59780449010538",2001,39,1,561,6708,2001,3,1,"","",2007-11-21,"10661","",,""
"111270047010661","59780449010538",2001,39,1,561,6808,2001,3,1,"","",2007-11-21,"10661","",,""
"111270142010661","59781089010538",2001,39,7,120,2601,2001,3,1,"","",2007-11-21,"10661","",,""
"111270143010661","59781089010538",2001,39,7,120,5716,2001,3,1,"","",2007-11-21,"10661","",,""
"111270069010661","59782247010538",2001,39,9,598,2601,2001,3,1,"","",2007-11-21,"10661","",,""
"111270078010661","59782247010538",2001,39,9,598,2816,2001,3,1,"","",2007-11-21,"10661","",,""
"111270079010661","59782247010538",2001,39,9,598,4201,2001,3,1,"","",2007-11-21,"10661","",,""
"111270083010661","59782247010538",2001,39,9,598,4806,2001,3,1,"","",2007-11-21,"10661","",,""
"111270075010661","59782247010538",2001,39,9,598,5303,2001,3,1,"","",2007-11-21,"10661","",,""
"111270081010661","59782247010538",2001,39,9,598,5310,2001,3,1,"","",2007-11-21,"10661","",,""
"111270076010661","59782247010538",2001,39,9,598,5613,2001,3,1,"","",2007-11-21,"10661","",,""
"111270073010661","59782247010538",2001,39,9,598,5614,2001,3,1,"","",2007-11-21,"10661","",,""
"111270074010661","59782247010538",2001,39,9,598,5702,2001,3,1,"","",2007-11-21,"10661","",,""
"111270070010661","59782247010538",2001,39,9,598,5716,2001,3,1,"","",2007-11-21,"10661","",,""
"111270080010661","59782247010538",2001,39,9,598,5723,2001,3,1,"","",2007-11-21,"10661","",,""
"111270082010661","59782247010538",2001,39,9,598,6708,2001,3,1,"","",2007-11-21,"10661","",,""
"111270077010661","59782247010538",2001,39,9,598,6711,2001,3,1,"","",2007-11-21,"10661","",,""
"111270072010661","59782247010538",2001,39,9,598,8301,2001,2,1,"","",2007-11-21,"10661","",,""
"111270093010661","59784375010538",2001,39,25,401,2601,2001,3,1,"","",2007-11-21,"10661","",,""
"111270098010661","59784375010538",2001,39,25,401,4201,2001,3,1,"","",2007-11-21,"10661","",,""
"111270101010661","59784375010538",2001,39,25,401,5329,2001,2,1,"","",2007-11-21,"10661","",,""
"111270097010661","59784375010538",2001,39,25,401,5613,2001,3,1,"","",2007-11-21,"10661","",,""
"111270096010661","59784375010538",2001,39,25,401,5614,2001,3,1,"","",2007-11-21,"10661","",,""
"111270094010661","59784375010538",2001,39,25,401,5716,2001,3,1,"","",2007-11-21,"10661","",,""
"111270095010661","59784375010538",2001,39,25,401,6705,2001,3,1,"","",2007-11-21,"10661","",,""
"111270099010661","59784375010538",2001,39,25,401,6708,2001,3,1,"","",2007-11-21,"10661","",,""
"111270100010661","59784375010538",2001,39,25,401,6809,2001,3,1,"","",2007-11-21,"10661","",,""
"111270120010661","59784920010538",2001,39,29,606,1203,2001,3,1,"","",2007-11-21,"10661","",,""
"111270121010661","59784920010538",2001,39,29,606,2601,2001,3,1,"","",2007-11-21,"10661","",,""
"111270126010661","59784920010538",2001,39,29,606,4806,2001,3,1,"","",2007-11-21,"10661","",,""
"111270124010661","59784920010538",2001,39,29,606,5310,2001,3,1,"","",2007-11-21,"10661","",,""
"111270122010661","59784920010538",2001,39,29,606,5716,2001,3,1,"","",2007-11-21,"10661","",,""
"111270125010661","59784920010538",2001,39,29,606,6708,2001,3,1,"","",2007-11-21,"10661","",,""
"111270123010661","59784920010538",2001,39,29,606,6711,2001,3,1,"","",2007-11-21,"10661","",,""
"111270137010661","59786192010538",2001,39,41,574,3201,2001,2,1,"","",2007-11-21,"10661","",,""
"111270140010661","59786192010538",2001,39,41,574,4806,2001,3,1,"","",2007-11-21,"10661","",,""
"111270141010661","59786192010538",2001,39,41,574,5329,2001,2,1,"","",2007-11-21,"10661","",,""
"111270138010661","59786192010538",2001,39,41,574,5716,2001,3,1,"","",2007-11-21,"10661","",,""
"111270139010661","59786192010538",2001,39,41,574,5723,2001,3,1,"","",2007-11-21,"10661","",,""
"111270017010661","59787135010538",2001,39,53,778,803,2001,3,1,"","",2007-11-21,"10661","",,""
"111270026010661","59787135010538",2001,39,53,778,1214,2001,2,1,"","",2007-11-21,"10661","",,""
"111270015010661","59787135010538",2001,39,53,778,2601,2001,3,1,"","",2007-11-21,"10661","",,""
"111270022010661","59787135010538",2001,39,53,778,2816,2001,3,1,"","",2007-11-21,"10661","",,""
"111270023010661","59787135010538",2001,39,53,778,2822,2001,3,1,"","",2007-11-21,"10661","",,""
"111270024010661","59787135010538",2001,39,53,778,4201,2001,3,1,"","",2007-11-21,"10661","",,""
"111270018010661","59787135010538",2001,39,53,778,5314,2001,3,1,"","",2007-11-21,"10661","",,""
"111270020010661","59787135010538",2001,39,53,778,5613,2001,3,1,"","",2007-11-21,"10661","",,""
"111270019010661","59787135010538",2001,39,53,778,5614,2001,3,1,"","",2007-11-21,"10661","",,""
"111270025010661","59787135010538",2001,39,53,778,5704,2001,3,1,"","",2007-11-21,"10661","",,""
"111270016010661","59787135010538",2001,39,53,778,5716,2001,3,1,"","",2007-11-21,"10661","",,""
"111270027010661","59787135010538",2001,39,53,778,6708,2001,3,1,"","",2007-11-21,"10661","",,""
"111270021010661","59787135010538",2001,39,53,778,6711,2001,3,1,"","",2007-11-21,"10661","",,""
"111270028010661","59787135010538",2001,39,53,778,6809,2001,3,1,"","",2007-11-21,"10661","",,""
"111270103010661","59788852010538",2001,39,61,506,803,2001,3,1,"","",2007-11-21,"10661","",,""
"111270106010661","59788852010538",2001,39,61,506,2816,2001,2,1,"","",2007-11-21,"10661","",,""
"111270104010661","59788852010538",2001,39,61,506,5614,2001,2,1,"","",2007-11-21,"10661","",,""
"111270102010661","59788852010538",2001,39,61,506,5716,2001,3,1,"","",2007-11-21,"10661","",,""
"111270107010661","59788852010538",2001,39,61,506,6708,2001,3,1,"","",2007-11-21,"10661","",,""
"111270105010661","59788852010538",2001,39,61,506,6711,2001,3,1,"","",2007-11-21,"10661","",,""
"111270116010661","59789167010538",2001,39,67,363,1225,2001,3,1,"","",2007-11-21,"10661","",,""
"111270108010661","59789167010538",2001,39,67,363,1229,2001,3,1,"","",2007-11-21,"10661","",,""
"111270109010661","59789167010538",2001,39,67,363,2601,2001,3,1,"","",2007-11-21,"10661","",,""
"111270117010661","59789167010538",2001,39,67,363,4201,2001,2,1,"","",2007-11-21,"10661","",,""
"111270118010661","59789167010538",2001,39,67,363,4202,2001,2,1,"","",2007-11-21,"10661","",,""
"111270119010661","59789167010538",2001,39,67,363,4800,2001,2,1,"","",2007-11-21,"10661","",,""
"111270110010661","59789167010538",2001,39,67,363,5102,2001,2,1,"","",2007-11-21,"10661","",,""
"111270111010661","59789167010538",2001,39,67,363,5300,2001,2,1,"","",2007-11-21,"10661","",,""
"111270114010661","59789167010538",2001,39,67,363,5613,2001,2,1,"","",2007-11-21,"10661","",,""
"111270113010661","59789167010538",2001,39,67,363,5614,2001,2,1,"","",2007-11-21,"10661","",,""
"111270112010661","59789167010538",2001,39,67,363,5716,2001,3,1,"","",2007-11-21,"10661","",,""
"111270115010661","59789167010538",2001,39,67,363,6711,2001,3,1,"","",2007-11-21,"10661","",,""
"111270084010661","59790455010538",2001,39,73,197,1211,2001,3,1,"","",2007-11-21,"10661","",,""
"111270085010661","59790455010538",2001,39,73,197,2601,2001,2,1,"","",2007-11-21,"10661","",,""
"111270090010661","59790455010538",2001,39,73,197,4201,2001,3,1,"","",2007-11-21,"10661","",,""
"111270092010661","59790455010538",2001,39,73,197,5329,2001,1,1,"","",2007-11-21,"10661","",,""
"111270088010661","59790455010538",2001,39,73,197,5613,2001,3,1,"","",2007-11-21,"10661","",,""
"111270087010661","59790455010538",2001,39,73,197,5614,2001,3,1,"","",2007-11-21,"10661","",,""
"111270086010661","59790455010538",2001,39,73,197,5716,2001,3,1,"","",2007-11-21,"10661","",,""
"111270091010661","59790455010538",2001,39,73,197,6708,2001,3,1,"","",2007-11-21,"10661","",,""
"111270089010661","59790455010538",2001,39,73,197,6711,2001,3,1,"","",2007-11-21,"10661","",,""
"111270132010661","59792161010538",2001,39,83,604,2600,2001,2,1,"","",2007-11-21,"10661","",,""
"111270133010661","59792161010538",2001,39,83,604,2816,2001,2,1,"","",2007-11-21,"10661","",,""
"111270134010661","59792161010538",2001,39,83,604,4201,2001,2,1,"","",2007-11-21,"10661","",,""
"111270128010661","59792161010538",2001,39,83,604,5314,2001,2,1,"","",2007-11-21,"10661","",,""
"111270131010661","59792161010538",2001,39,83,604,5613,2001,3,1,"","",2007-11-21,"10661","",,""
"111270129010661","59792161010538",2001,39,83,604,5614,2001,3,1,"","",2007-11-21,"10661","",,""
"111270130010661","59792161010538",2001,39,83,604,5702,2001,2,1,"","",2007-11-21,"10661","",,""
"111270135010661","59792161010538",2001,39,83,604,5704,2001,3,1,"","",2007-11-21,"10661","",,""
"111270127010661","59792161010538",2001,39,83,604,5716,2001,3,1,"","",2007-11-21,"10661","",,""
"111270136010661","59792161010538",2001,39,83,604,6700,2001,2,1,"","",2007-11-21,"10661","",,""
"111270004010661","59792877010538",2001,39,87,319,803,2001,3,1,"","",2007-11-21,"10661","",,""
"111269998010661","59792877010538",2001,39,87,319,1211,2001,3,1,"","",2007-11-21,"10661","",,""
"111270011010661","59792877010538",2001,39,87,319,1214,2001,3,1,"","",2007-11-21,"10661","",,""
"111269999010661","59792877010538",2001,39,87,319,2601,2001,3,1,"","",2007-11-21,"10661","",,""
"111270000010661","59792877010538",2001,39,87,319,3215,2001,3,1,"","",2007-11-21,"10661","",,""
"111270010010661","59792877010538",2001,39,87,319,4201,2001,4,1,"","",2007-11-21,"10661","",,""
"111270001010661","59792877010538",2001,39,87,319,5102,2001,3,1,"","",2007-11-21,"10661","",,""
"111270008010661","59792877010538",2001,39,87,319,5303,2001,3,1,"","",2007-11-21,"10661","",,""
"111270005010661","59792877010538",2001,39,87,319,5314,2001,3,1,"","",2007-11-21,"10661","",,""
"111270006010661","59792877010538",2001,39,87,319,5614,2001,3,1,"","",2007-11-21,"10661","",,""
"111270002010661","59792877010538",2001,39,87,319,5716,2001,2,1,"","",2007-11-21,"10661","",,""
"111270012010661","59792877010538",2001,39,87,319,5911,2001,3,1,"","",2007-11-21,"10661","",,""
"111270013010661","59792877010538",2001,39,87,319,6708,2001,3,1,"","",2007-11-21,"10661","",,""
"111270003010661","59792877010538",2001,39,87,319,7104,2001,3,1,"","",2007-11-21,"10661","",,""
"111270009010661","59792877010538",2001,39,87,319,6711,2001,3,1,"","",2007-11-21,"10661","",,""
"111270007010661","59792877010538",2001,39,87,319,6808,2001,3,1,"","",2007-11-21,"10661","",,""
"111270014010661","59792877010538",2001,39,87,319,6809,2001,3,1,"","",2007-11-21,"10661","",,""
"111270061010661","59796133010538",2001,39,111,537,1211,2001,3,1,"","",2007-11-21,"10661","",,""
"111270062010661","59796133010538",2001,39,111,537,2601,2001,3,1,"","",2007-11-21,"10661","",,""
"111270066010661","59796133010538",2001,39,111,537,4015,2001,3,1,"","",2007-11-21,"10661","",,""
"111270068010661","59796133010538",2001,39,111,537,4806,2001,3,1,"","",2007-11-21,"10661","",,""
"111270064010661","59796133010538",2001,39,111,537,5303,2001,3,1,"","",2007-11-21,"10661","",,""
"111270063010661","59796133010538",2001,39,111,537,5716,2001,3,1,"","",2007-11-21,"10661","",,""
"111270067010661","59796133010538",2001,39,111,537,5723,2001,3,1,"","",2007-11-21,"10661","",,""
"111270065010661","59796133010538",2001,39,111,537,6711,2001,3,1,"","",2007-11-21,"10661","",,""
"111270148010661","59799485010538",2001,39,133,64,1214,2001,3,1,"","",2007-11-21,"10661","",,""
"111270144010661","59799485010538",2001,39,133,64,2601,2001,2,1,"","",2007-11-21,"10661","",,""
"111270149010661","59799485010538",2001,39,133,64,4806,2001,2,1,"","",2007-11-21,"10661","",,""
"111270145010661","59799485010538",2001,39,133,64,5300,2001,1,1,"","",2007-11-21,"10661","",,""
"111270146010661","59799485010538",2001,39,133,64,5716,2001,2,1,"","",2007-11-21,"10661","",,""
"111270147010661","59799485010538",2001,39,133,64,6711,2001,2,1,"","",2007-11-21,"10661","",,""
"111270037010661","59801189010538",2001,39,145,33,803,2001,3,1,"","",2007-11-21,"10661","",,""
"111270029010661","59801189010538",2001,39,145,33,1203,2001,3,1,"","",2007-11-21,"10661","",,""
"111270030010661","59801189010538",2001,39,145,33,2601,2001,3,1,"","",2007-11-21,"10661","",,""
"111270031010661","59801189010538",2001,39,145,33,3208,2001,3,1,"","",2007-11-21,"10661","",,""
"111270033010661","59801189010538",2001,39,145,33,3215,2001,3,1,"","",2007-11-21,"10661","",,""
"111270038010661","59801189010538",2001,39,145,33,3218,2001,3,1,"","",2007-11-21,"10661","",,""
"111270034010661","59801189010538",2001,39,145,33,5102,2001,3,1,"","",2007-11-21,"10661","",,""
"111270035010661","59801189010538",2001,39,145,33,5301,2001,3,1,"","",2007-11-21,"10661","",,""
"111270036010661","59801189010538",2001,39,145,33,5716,2001,2,1,"","",2007-11-21,"10661","",,""
"111270040010661","59801189010538",2001,39,145,33,5723,2001,3,1,"","",2007-11-21,"10661","",,""
"111270041010661","59801189010538",2001,39,145,33,6708,2001,3,1,"","",2007-11-21,"10661","",,""
"111270039010661","59801189010538",2001,39,145,33,6711,2001,3,1,"","",2007-11-21,"10661","",,""
"111270053010661","59804300010538",2001,39,167,404,2601,2001,2,1,"","",2007-11-21,"10661","",,""
"111270057010661","59804300010538",2001,39,167,404,4201,2001,2,1,"","",2007-11-21,"10661","",,""
"111270058010661","59804300010538",2001,39,167,404,5601,2001,3,1,"","",2007-11-21,"10661","",,""
"111270060010661","59804300010538",2001,39,167,404,5602,2001,2,1,"","",2007-11-21,"10661","",,""
"111270056010661","59804300010538",2001,39,167,404,5613,2001,3,1,"","",2007-11-21,"10661","",,""
"111270055010661","59804300010538",2001,39,167,404,5614,2001,3,1,"","",2007-11-21,"10661","",,""
"111270054010661","59804300010538",2001,39,167,404,5716,2001,3,1,"","",2007-11-21,"10661","",,""
"111270059010661","59804300010538",2001,39,167,404,6700,2001,2,1,"","",2007-11-21,"10661","",,""
"111271664010661","59827371010538",2002,39,1,5656,802,2002,3,1,"","",2007-11-21,"10661","",,""
"111271656010661","59827371010538",2002,39,1,5656,2601,2002,3,1,"","",2007-11-21,"10661","",,""
"111271663010661","59827371010538",2002,39,1,5656,3200,2002,2,1,"","",2007-11-21,"10661","",,""
"111271660010661","59827371010538",2002,39,1,5656,4201,2002,3,1,"","",2007-11-21,"10661","",,""
"111271657010661","59827371010538",2002,39,1,5656,5614,2002,3,1,"","",2007-11-21,"10661","",,""
"111271665010661","59827371010538",2002,39,1,5656,5716,2002,3,1,"","",2007-11-21,"10661","",,""
"111271661010661","59827371010538",2002,39,1,5656,6708,2002,3,1,"","",2007-11-21,"10661","",,""
"111271659010661","59827371010538",2002,39,1,5656,6711,2002,3,1,"","",2007-11-21,"10661","",,""
"111271658010661","59827371010538",2002,39,1,5656,6712,2002,3,1,"","",2007-11-21,"10661","",,""
"111271662010661","59827371010538",2002,39,1,5656,6809,2002,2,1,"","",2007-11-21,"10661","",,""
"111271775010661","59828166010538",2002,39,7,5352,5614,2002,1,1,"","",2007-11-21,"10661","",,""
"111271776010661","59828166010538",2002,39,7,5352,5716,2002,1,1,"","",2007-11-21,"10661","",,""
"111271678010661","59829816010538",2002,39,13,2644,2601,2002,1,1,"","",2007-11-21,"10661","",,""
"111271679010661","59829816010538",2002,39,13,2644,5614,2002,3,1,"","",2007-11-21,"10661","",,""
"111271681010661","59829816010538",2002,39,13,2644,5716,2002,3,1,"","",2007-11-21,"10661","",,""
"111271680010661","59829816010538",2002,39,13,2644,6708,2002,2,1,"","",2007-11-21,"10661","",,""
"111271667010661","59830348010538",2002,39,15,2715,2601,2002,3,1,"","",2007-11-21,"10661","",,""
"111271670010661","59830348010538",2002,39,15,2715,4201,2002,3,1,"","",2007-11-21,"10661","",,""
"111271668010661","59830348010538",2002,39,15,2715,5614,2002,3,1,"","",2007-11-21,"10661","",,""
"111271669010661","59830348010538",2002,39,15,2715,5702,2002,3,1,"","",2007-11-21,"10661","",,""
"111271673010661","59830348010538",2002,39,15,2715,5716,2002,3,1,"","",2007-11-21,"10661","",,""
"111271671010661","59830348010538",2002,39,15,2715,6708,2002,3,1,"","",2007-11-21,"10661","",,""
"111271672010661","59830348010538",2002,39,15,2715,6809,2002,3,1,"","",2007-11-21,"10661","",,""
"111271666010661","59830348010538",2002,39,15,2715,8301,2002,3,1,"","",2007-11-21,"10661","",,""
"111271765010661","59832243010538",2002,39,31,4927,2601,2002,3,1,"","",2007-11-21,"10661","",,""
"111271768010661","59832243010538",2002,39,31,4927,4201,2002,3,1,"","",2007-11-21,"10661","",,""
"111271770010661","59832243010538",2002,39,31,4927,4806,2002,3,1,"","",2007-11-21,"10661","",,""
"111271766010661","59832243010538",2002,39,31,4927,5613,2002,3,1,"","",2007-11-21,"10661","",,""
"111271767010661","59832243010538",2002,39,31,4927,5614,2002,3,1,"","",2007-11-21,"10661","",,""
"111271771010661","59832243010538",2002,39,31,4927,5716,2002,3,1,"","",2007-11-21,"10661","",,""
"111271769010661","59832243010538",2002,39,31,4927,6708,2002,3,1,"","",2007-11-21,"10661","",,""
"111271764010661","59832243010538",2002,39,31,4927,8301,2002,3,1,"","",2007-11-21,"10661","",,""
"111271777010661","59832674010538",2002,39,35,5793,2601,2002,1,1,"","",2007-11-21,"10661","",,""
"111271778010661","59832674010538",2002,39,35,5793,4806,2002,2,1,"","",2007-11-21,"10661","",,""
"111271779010661","59832674010538",2002,39,35,5793,5716,2002,1,1,"","",2007-11-21,"10661","",,""
"111271722010661","59821617010538",2002,39,73,4384,601,2002,3,1,"","",2007-11-21,"10661","",,""
"111271717010661","59821617010538",2002,39,73,4384,1006,2002,1,1,"","",2007-11-21,"10661","",,""
"111271720010661","59821617010538",2002,39,73,4384,1225,2002,2,1,"","",2007-11-21,"10661","",,""
"111271718010661","59821617010538",2002,39,73,4384,5614,2002,3,1,"","",2007-11-21,"10661","",,""
"111271723010661","59821617010538",2002,39,73,4384,5716,2002,3,1,"","",2007-11-21,"10661","",,""
"111271721010661","59821617010538",2002,39,73,4384,6708,2002,3,1,"","",2007-11-21,"10661","",,""
"111271719010661","59821617010538",2002,39,73,4384,6711,2002,3,1,"","",2007-11-21,"10661","",,""
"111271711010661","59822682010538",2002,39,79,2106,2601,2002,3,1,"","",2007-11-21,"10661","",,""
"111271714010661","59822682010538",2002,39,79,2106,4201,2002,3,1,"","",2007-11-21,"10661","",,""
"111271712010661","59822682010538",2002,39,79,2106,5314,2002,1,1,"","",2007-11-21,"10661","",,""
"111271713010661","59822682010538",2002,39,79,2106,5614,2002,3,1,"","",2007-11-21,"10661","",,""
"111271716010661","59822682010538",2002,39,79,2106,5716,2002,3,1,"","",2007-11-21,"10661","",,""
"111271715010661","59822682010538",2002,39,79,2106,6708,2002,3,1,"","",2007-11-21,"10661","",,""
"111271741010661","59823251010538",2002,39,81,2843,2601,2002,3,1,"","",2007-11-21,"10661","",,""
"111271742010661","59823251010538",2002,39,81,2843,2702,2002,3,1,"","",2007-11-21,"10661","",,""
"111271745010661","59823251010538",2002,39,81,2843,4806,2002,4,1,"","",2007-11-21,"10661","",,""
"111271743010661","59823251010538",2002,39,81,2843,5300,2002,1,1,"","",2007-11-21,"10661","",,""
"111271746010661","59823251010538",2002,39,81,2843,5716,2002,4,1,"","",2007-11-21,"10661","",,""
"111271744010661","59823251010538",2002,39,81,2843,5723,2002,1,1,"","",2007-11-21,"10661","",,""
"111271748010661","59825609010538",2002,39,99,5047,2601,2002,2,1,"","",2007-11-21,"10661","",,""
"111271752010661","59825609010538",2002,39,99,5047,4201,2002,2,1,"","",2007-11-21,"10661","",,""
"111271753010661","59825609010538",2002,39,99,5047,4806,2002,3,1,"","",2007-11-21,"10661","",,""
"111271749010661","59825609010538",2002,39,99,5047,5613,2002,3,1,"","",2007-11-21,"10661","",,""
"111271750010661","59825609010538",2002,39,99,5047,5614,2002,3,1,"","",2007-11-21,"10661","",,""
"111271754010661","59825609010538",2002,39,99,5047,5716,2002,3,1,"","",2007-11-21,"10661","",,""
"111271751010661","59825609010538",2002,39,99,5047,6711,2002,2,1,"","",2007-11-21,"10661","",,""
"111271747010661","59825609010538",2002,39,99,5047,8301,2002,3,1,"","",2007-11-21,"10661","",,""
"111271682010661","59826469010538",2002,39,105,2981,1006,2002,3,1,"","",2007-11-21,"10661","",,""
"111271683010661","59826469010538",2002,39,105,2981,1207,2002,1,1,"","",2007-11-21,"10661","",,""
"111271691010661","59826469010538",2002,39,105,2981,1225,2002,3,1,"","",2007-11-21,"10661","",,""
"111271684010661","59826469010538",2002,39,105,2981,2601,2002,2,1,"","",2007-11-21,"10661","",,""
"111271695010661","59826469010538",2002,39,105,2981,3301,2002,2,1,"","",2007-11-21,"10661","",,""
"111271685010661","59826469010538",2002,39,105,2981,3611,2002,1,1,"","",2007-11-21,"10661","",,""
"111271692010661","59826469010538",2002,39,105,2981,4201,2002,3,1,"","",2007-11-21,"10661","",,""
"111271696010661","59826469010538",2002,39,105,2981,4806,2002,3,1,"","",2007-11-21,"10661","",,""
"111271686010661","59826469010538",2002,39,105,2981,5314,2002,3,1,"","",2007-11-21,"10661","",,""
"111271687010661","59826469010538",2002,39,105,2981,5613,2002,3,1,"","",2007-11-21,"10661","",,""
"111271688010661","59826469010538",2002,39,105,2981,5614,2002,3,1,"","",2007-11-21,"10661","",,""
"111271693010661","59826469010538",2002,39,105,2981,5704,2002,3,1,"","",2007-11-21,"10661","",,""
"111271697010661","59826469010538",2002,39,105,2981,5716,2002,3,1,"","",2007-11-21,"10661","",,""
"111271694010661","59826469010538",2002,39,105,2981,6708,2002,3,1,"","",2007-11-21,"10661","",,""
"111271689010661","59826469010538",2002,39,105,2981,6711,2002,2,1,"","",2007-11-21,"10661","",,""
"111271690010661","59826469010538",2002,39,105,2981,6808,2002,1,1,"","",2007-11-21,"10661","",,""
"111271674010661","59833508010538",2002,39,111,3407,2601,2002,3,1,"","",2007-11-21,"10661","",,""
"111271675010661","59833508010538",2002,39,111,3407,5614,2002,2,1,"","",2007-11-21,"10661","",,""
"111271677010661","59833508010538",2002,39,111,3407,5716,2002,3,1,"","",2007-11-21,"10661","",,""
"111271676010661","59833508010538",2002,39,111,3407,6711,2002,3,1,"","",2007-11-21,"10661","",,""
"111271704010661","59806958010538",2002,39,115,3640,2601,2002,3,1,"","",2007-11-21,"10661","",,""
"111271709010661","59806958010538",2002,39,115,3640,4806,2002,3,1,"","",2007-11-21,"10661","",,""
"111271705010661","59806958010538",2002,39,115,3640,5314,2002,3,1,"","",2007-11-21,"10661","",,""
"111271706010661","59806958010538",2002,39,115,3640,5614,2002,3,1,"","",2007-11-21,"10661","",,""
"111271710010661","59806958010538",2002,39,115,3640,5716,2002,3,1,"","",2007-11-21,"10661","",,""
"111271708010661","59806958010538",2002,39,115,3640,6708,2002,3,1,"","",2007-11-21,"10661","",,""
"111271707010661","59806958010538",2002,39,115,3640,6711,2002,3,1,"","",2007-11-21,"10661","",,""
"111271756010661","59807612010538",2002,39,119,1949,2601,2002,3,1,"","",2007-11-21,"10661","",,""
"111271759010661","59807612010538",2002,39,119,1949,2816,2002,3,1,"","",2007-11-21,"10661","",,""
"111271760010661","59807612010538",2002,39,119,1949,4201,2002,3,1,"","",2007-11-21,"10661","",,""
"111271762010661","59807612010538",2002,39,119,1949,4806,2002,2,1,"","",2007-11-21,"10661","",,""
"111271757010661","59807612010538",2002,39,119,1949,5613,2002,3,1,"","",2007-11-21,"10661","",,""
"111271758010661","59807612010538",2002,39,119,1949,5614,2002,3,1,"","",2007-11-21,"10661","",,""
"111271763010661","59807612010538",2002,39,119,1949,5716,2002,3,1,"","",2007-11-21,"10661","",,""
"111271761010661","59807612010538",2002,39,119,1949,6708,2002,3,1,"","",2007-11-21,"10661","",,""
"111271755010661","59807612010538",2002,39,119,1949,8301,2002,1,1,"","",2007-11-21,"10661","",,""
"111271724010661","59809293010538",2002,39,131,2188,2601,2002,1,1,"","",2007-11-21,"10661","",,""
"111271730010661","59809293010538",2002,39,131,2188,4201,2002,3,1,"","",2007-11-21,"10661","",,""
"111271725010661","59809293010538",2002,39,131,2188,5314,2002,2,1,"","",2007-11-21,"10661","",,""
"111271726010661","59809293010538",2002,39,131,2188,5613,2002,3,1,"","",2007-11-21,"10661","",,""
"111271727010661","59809293010538",2002,39,131,2188,5614,2002,3,1,"","",2007-11-21,"10661","",,""
"111271733010661","59809293010538",2002,39,131,2188,5716,2002,3,1,"","",2007-11-21,"10661","",,""
"111271731010661","59809293010538",2002,39,131,2188,6708,2002,3,1,"","",2007-11-21,"10661","",,""
"111271728010661","59809293010538",2002,39,131,2188,6712,2002,3,1,"","",2007-11-21,"10661","",,""
"111271729010661","59809293010538",2002,39,131,2188,6808,2002,3,1,"","",2007-11-21,"10661","",,""
"111271732010661","59809293010538",2002,39,131,2188,6809,2002,3,1,"","",2007-11-21,"10661","",,""
"111271734010661","59811100010538",2002,39,141,5316,2601,2002,2,1,"","",2007-11-21,"10661","",,""
"111271737010661","59811100010538",2002,39,141,5316,4201,2002,2,1,"","",2007-11-21,"10661","",,""
"111271739010661","59811100010538",2002,39,141,5316,4806,2002,2,1,"","",2007-11-21,"10661","",,""
"111271735010661","59811100010538",2002,39,141,5316,5614,2002,3,1,"","",2007-11-21,"10661","",,""
"111271740010661","59811100010538",2002,39,141,5316,5716,2002,3,1,"","",2007-11-21,"10661","",,""
"111271738010661","59811100010538",2002,39,141,5316,6708,2002,3,1,"","",2007-11-21,"10661","",,""
"111271736010661","59811100010538",2002,39,141,5316,6712,2002,2,1,"","",2007-11-21,"10661","",,""
"111271647010661","59811889010538",2002,39,145,2227,803,2002,3,1,"","",2007-11-21,"10661","",,""
"111271648010661","59811889010538",2002,39,145,2227,2601,2002,3,1,"","",2007-11-21,"10661","",,""
"111271651010661","59811889010538",2002,39,145,2227,4201,2002,3,1,"","",2007-11-21,"10661","",,""
"111271652010661","59811889010538",2002,39,145,2227,4202,2002,3,1,"","",2007-11-21,"10661","",,""
"111271654010661","59811889010538",2002,39,145,2227,4806,2002,3,1,"","",2007-11-21,"10661","",,""
"111271649010661","59811889010538",2002,39,145,2227,5314,2002,3,1,"","",2007-11-21,"10661","",,""
"111271650010661","59811889010538",2002,39,145,2227,5614,2002,3,1,"","",2007-11-21,"10661","",,""
"111271655010661","59811889010538",2002,39,145,2227,5716,2002,3,1,"","",2007-11-21,"10661","",,""
"111271653010661","59811889010538",2002,39,145,2227,6708,2002,3,1,"","",2007-11-21,"10661","",,""
"111271772010661","59813781010538",2002,39,155,5061,5613,2002,1,1,"","",2007-11-21,"10661","",,""
"111271773010661","59813781010538",2002,39,155,5061,5614,2002,1,1,"","",2007-11-21,"10661","",,""
"111271774010661","59813781010538",2002,39,155,5061,5716,2002,3,1,"","",2007-11-21,"10661","",,""
"111271698010661","59815863010538",2002,39,167,2110,1207,2002,2,1,"","",2007-11-21,"10661","",,""
"111271701010661","59815863010538",2002,39,167,2110,1225,2002,3,1,"","",2007-11-21,"10661","",,""
"111271699010661","59815863010538",2002,39,167,2110,2601,2002,3,1,"","",2007-11-21,"10661","",,""
"111271702010661","59815863010538",2002,39,167,2110,4201,2002,3,1,"","",2007-11-21,"10661","",,""
"111271703010661","59815863010538",2002,39,167,2110,6708,2002,3,1,"","",2007-11-21,"10661","",,""
"111271700010661","59815863010538",2002,39,167,2110,6808,2002,3,1,"","",2007-11-21,"10661","",,""
"64227820010538","59845225010538",2003,39,5,4827,4201,2003,3,1,"","",2006-12-06,"10538","",,""
"64227824010538","59845225010538",2003,39,5,4827,6708,2003,3,1,"","",2006-12-06,"10538","",,""
"64227821010538","59845225010538",2003,39,5,4827,5314,2003,3,1,"","",2006-12-06,"10538","",,""
"64227822010538","59845225010538",2003,39,5,4827,5614,2003,3,1,"","",2006-12-06,"10538","",,""
"64227823010538","59845225010538",2003,39,5,4827,5716,2003,3,1,"","",2006-12-06,"10538","",,""
"64227819010538","59845225010538",2003,39,5,4827,8301,2003,2,1,"","",2006-12-06,"10538","",,""
"64227848010538","59845818010538",2003,39,7,1392,5716,2003,3,1,"","",2006-12-06,"10538","",,""
"64227722010538","59846299010538",2003,39,9,2380,803,2003,2,1,"","",2006-12-06,"10538","",,""
"64227723010538","59846299010538",2003,39,9,2380,2601,2003,3,1,"","",2006-12-06,"10538","",,""
"64227730010538","59846299010538",2003,39,9,2380,4800,2003,3,1,"","",2006-12-06,"10538","",,""
"64227724010538","59846299010538",2003,39,9,2380,5318,2003,2,1,"","",2006-12-06,"10538","",,""
"64227725010538","59846299010538",2003,39,9,2380,5613,2003,3,1,"","",2006-12-06,"10538","",,""
"64227726010538","59846299010538",2003,39,9,2380,5614,2003,3,1,"","",2006-12-06,"10538","",,""
"64227727010538","59846299010538",2003,39,9,2380,5704,2003,2,1,"","",2006-12-06,"10538","",,""
"64227728010538","59846299010538",2003,39,9,2380,5716,2003,3,1,"","",2006-12-06,"10538","",,""
"64227729010538","59846299010538",2003,39,9,2380,6708,2003,3,1,"","",2006-12-06,"10538","",,""
"64227840010538","59846862010538",2003,39,11,2083,5601,2003,4,1,"","",2006-12-06,"10538","",,""
"64227841010538","59846862010538",2003,39,11,2083,5716,2003,3,1,"","",2006-12-06,"10538","",,""
"64227842010538","59846862010538",2003,39,11,2083,5801,2003,2,1,"","",2006-12-06,"10538","",,""
"64227843010538","59846862010538",2003,39,11,2083,6700,2003,1,1,"","",2006-12-06,"10538","",,""
"64227839010538","59846862010538",2003,39,11,2083,8301,2003,2,1,"","",2006-12-06,"10538","",,""
"64227700010538","59847831010538",2003,39,15,3247,3302,2003,3,1,"","",2006-12-06,"10538","",,""
"64227694010538","59847831010538",2003,39,15,3247,4201,2003,4,1,"","",2006-12-06,"10538","",,""
"64227695010538","59847831010538",2003,39,15,3247,5314,2003,2,1,"","",2006-12-06,"10538","",,""
"64227696010538","59847831010538",2003,39,15,3247,5613,2003,3,1,"","",2006-12-06,"10538","",,""
"64227697010538","59847831010538",2003,39,15,3247,5614,2003,2,1,"","",2006-12-06,"10538","",,""
"64227698010538","59847831010538",2003,39,15,3247,5716,2003,2,1,"","",2006-12-06,"10538","",,""
"64227699010538","59847831010538",2003,39,15,3247,6708,2003,4,1,"","",2006-12-06,"10538","",,""
"64227790010538","59848292010538",2003,39,19,2633,2601,2003,4,1,"","",2006-12-06,"10538","",,""
"64227791010538","59848292010538",2003,39,19,2633,4201,2003,2,1,"","",2006-12-06,"10538","",,""
"64227792010538","59848292010538",2003,39,19,2633,4806,2003,3,1,"","",2006-12-06,"10538","",,""
"64227793010538","59848292010538",2003,39,19,2633,5614,2003,3,1,"","",2006-12-06,"10538","",,""
"64227794010538","59848292010538",2003,39,19,2633,5716,2003,3,1,"","",2006-12-06,"10538","",,""
"64227795010538","59848292010538",2003,39,19,2633,6708,2003,3,1,"","",2006-12-06,"10538","",,""
"64227803010538","59850077010538",2003,39,31,1154,2601,2003,3,1,"","",2006-12-06,"10538","",,""
"64227804010538","59850077010538",2003,39,31,1154,4201,2003,3,1,"","",2006-12-06,"10538","",,""
"64227808010538","59850077010538",2003,39,31,1154,5300,2003,2,1,"","",2006-12-06,"10538","",,""
"64227805010538","59850077010538",2003,39,31,1154,5614,2003,3,1,"","",2006-12-06,"10538","",,""
"64227806010538","59850077010538",2003,39,31,1154,5716,2003,3,1,"","",2006-12-06,"10538","",,""
"64227807010538","59850077010538",2003,39,31,1154,6708,2003,3,1,"","",2006-12-06,"10538","",,""
"64227757010538","59835507010538",2003,39,49,1720,803,2003,2,1,"","",2006-12-06,"10538","",,""
"64227758010538","59835507010538",2003,39,49,1720,5314,2003,2,1,"","",2006-12-06,"10538","",,""
"64227759010538","59835507010538",2003,39,49,1720,5614,2003,4,1,"","",2006-12-06,"10538","",,""
"64227760010538","59835507010538",2003,39,49,1720,5716,2003,3,1,"","",2006-12-06,"10538","",,""
"64227761010538","59835507010538",2003,39,49,1720,5723,2003,3,1,"","",2006-12-06,"10538","",,""
"64227756010538","59835507010538",2003,39,49,1720,8301,2003,3,1,"","",2006-12-06,"10538","",,""
"64227712010538","59835838010538",2003,39,53,2364,803,2003,3,1,"","",2006-12-06,"10538","",,""
"64227721010538","59835838010538",2003,39,53,2364,1006,2003,2,1,"","",2006-12-06,"10538","",,""
"64227713010538","59835838010538",2003,39,53,2364,2601,2003,3,1,"","",2006-12-06,"10538","",,""
"64227714010538","59835838010538",2003,39,53,2364,4806,2003,3,1,"","",2006-12-06,"10538","",,""
"64227715010538","59835838010538",2003,39,53,2364,5314,2003,3,1,"","",2006-12-06,"10538","",,""
"64227716010538","59835838010538",2003,39,53,2364,5613,2003,3,1,"","",2006-12-06,"10538","",,""
"64227717010538","59835838010538",2003,39,53,2364,5614,2003,3,1,"","",2006-12-06,"10538","",,""
"64227718010538","59835838010538",2003,39,53,2364,5702,2003,2,1,"","",2006-12-06,"10538","",,""
"64227719010538","59835838010538",2003,39,53,2364,5716,2003,3,1,"","",2006-12-06,"10538","",,""
"64227720010538","59835838010538",2003,39,53,2364,6708,2003,3,1,"","",2006-12-06,"10538","",,""
"64227850010538","59836584010538",2003,39,55,1176,4800,2003,1,1,"","",2006-12-06,"10538","",,""
"64227849010538","59836584010538",2003,39,55,1176,5716,2003,1,1,"","",2006-12-06,"10538","",,""
"64227772010538","59836717010538",2003,39,57,2961,2601,2003,3,1,"","",2006-12-06,"10538","",,""
"64227773010538","59836717010538",2003,39,57,2961,4201,2003,3,1,"","",2006-12-06,"10538","",,""
"64227774010538","59836717010538",2003,39,57,2961,5614,2003,3,1,"","",2006-12-06,"10538","",,""
"64227775010538","59836717010538",2003,39,57,2961,5716,2003,2,1,"","",2006-12-06,"10538","",,""
"64227778010538","59836717010538",2003,39,57,2961,6703,2003,3,1,"","",2006-12-06,"10538","",,""
"64227776010538","59836717010538",2003,39,57,2961,6708,2003,3,1,"","",2006-12-06,"10538","",,""
"64227777010538","59836717010538",2003,39,57,2961,6809,2003,2,1,"","",2006-12-06,"10538","",,""
"64227771010538","59836717010538",2003,39,57,2961,8301,2003,3,1,"","",2006-12-06,"10538","",,""
"64227797010538","59838494010538",2003,39,67,4888,802,2003,2,1,"","",2006-12-06,"10538","",,""
"64227798010538","59838494010538",2003,39,67,4888,2601,2003,3,1,"","",2006-12-06,"10538","",,""
"64227799010538","59838494010538",2003,39,67,4888,4806,2003,3,1,"","",2006-12-06,"10538","",,""
"64227800010538","59838494010538",2003,39,67,4888,5614,2003,2,1,"","",2006-12-06,"10538","",,""
"64227801010538","59838494010538",2003,39,67,4888,5716,2003,3,1,"","",2006-12-06,"10538","",,""
"64227802010538","59838494010538",2003,39,67,4888,6706,2003,3,1,"","",2006-12-06,"10538","",,""
"64227796010538","59838494010538",2003,39,67,4888,8301,2003,2,1,"","",2006-12-06,"10538","",,""
"64227749010538","59839136010538",2003,39,71,5390,803,2003,2,1,"","",2006-12-06,"10538","",,""
"64227750010538","59839136010538",2003,39,71,5390,2601,2003,3,1,"","",2006-12-06,"10538","",,""
"64227751010538","59839136010538",2003,39,71,5390,4201,2003,3,1,"","",2006-12-06,"10538","",,""
"64227752010538","59839136010538",2003,39,71,5390,5614,2003,4,1,"","",2006-12-06,"10538","",,""
"64227753010538","59839136010538",2003,39,71,5390,5716,2003,4,1,"","",2006-12-06,"10538","",,""
"64227754010538","59839136010538",2003,39,71,5390,6708,2003,4,1,"","",2006-12-06,"10538","",,""
"64227755010538","59839136010538",2003,39,71,5390,6809,2003,2,1,"","",2006-12-06,"10538","",,""
"64227748010538","59839136010538",2003,39,71,5390,8301,2003,3,1,"","",2006-12-06,"10538","",,""
"64227674010538","59841598010538",2003,39,87,2049,1228,2003,2,1,"","",2006-12-06,"10538","",,""
"64227675010538","59841598010538",2003,39,87,2049,2601,2003,3,1,"","",2006-12-06,"10538","",,""
"64227676010538","59841598010538",2003,39,87,2049,2822,2003,3,1,"","",2006-12-06,"10538","",,""
"64227677010538","59841598010538",2003,39,87,2049,4201,2003,3,1,"","",2006-12-06,"10538","",,""
"64227678010538","59841598010538",2003,39,87,2049,4202,2003,2,1,"","",2006-12-06,"10538","",,""
"64227679010538","59841598010538",2003,39,87,2049,5314,2003,2,1,"","",2006-12-06,"10538","",,""
"64227680010538","59841598010538",2003,39,87,2049,5613,2003,3,1,"","",2006-12-06,"10538","",,""
"64227681010538","59841598010538",2003,39,87,2049,5614,2003,3,1,"","",2006-12-06,"10538","",,""
"64227682010538","59841598010538",2003,39,87,2049,5704,2003,3,1,"","",2006-12-06,"10538","",,""
"64227683010538","59841598010538",2003,39,87,2049,6705,2003,2,1,"","",2006-12-06,"10538","",,""
"64227684010538","59841598010538",2003,39,87,2049,6708,2003,3,1,"","",2006-12-06,"10538","",,""
"64227833010538","59842149010538",2003,39,91,4513,4201,2003,4,1,"","",2006-12-06,"10538","",,""
"64227834010538","59842149010538",2003,39,91,4513,5613,2003,3,1,"","",2006-12-06,"10538","",,""
"64227835010538","59842149010538",2003,39,91,4513,5716,2003,4,1,"","",2006-12-06,"10538","",,""
"64227836010538","59842149010538",2003,39,91,4513,5723,2003,1,1,"","",2006-12-06,"10538","",,""
"64227837010538","59842149010538",2003,39,91,4513,6708,2003,4,1,"","",2006-12-06,"10538","",,""
"64227838010538","59842149010538",2003,39,91,4513,8210,2003,2,1,"","",2006-12-06,"10538","",,""
"64227832010538","59842149010538",2003,39,91,4513,8301,2003,3,1,"","",2006-12-06,"10538","",,""
"64227852010538","59842363010538",2003,39,95,3536,4201,2003,3,1,"","",2006-12-06,"10538","",,""
"64227853010538","59842363010538",2003,39,95,3536,5314,2003,2,1,"","",2006-12-06,"10538","",,""
"64227854010538","59842363010538",2003,39,95,3536,5613,2003,3,1,"","",2006-12-06,"10538","",,""
"64227855010538","59842363010538",2003,39,95,3536,5716,2003,3,1,"","",2006-12-06,"10538","",,""
"64227856010538","59842363010538",2003,39,95,3536,6808,2003,2,1,"","",2006-12-06,"10538","",,""
"64227851010538","59842363010538",2003,39,95,3536,8301,2003,1,1,"","",2006-12-06,"10538","",,""
"64227826010538","59852459010538",2003,39,117,3433,803,2003,3,1,"","",2006-12-06,"10538","",,""
"64227827010538","59852459010538",2003,39,117,3433,4201,2003,3,1,"","",2006-12-06,"10538","",,""
"64227831010538","59852459010538",2003,39,117,3433,4800,2003,3,1,"","",2006-12-06,"10538","",,""
"64227828010538","59852459010538",2003,39,117,3433,5614,2003,3,1,"","",2006-12-06,"10538","",,""
"64227829010538","59852459010538",2003,39,117,3433,5716,2003,3,1,"","",2006-12-06,"10538","",,""
"64227830010538","59852459010538",2003,39,117,3433,6708,2003,4,1,"","",2006-12-06,"10538","",,""
"64227825010538","59852459010538",2003,39,117,3433,8301,2003,1,1,"","",2006-12-06,"10538","",,""
"64227705010538","59853254010538",2003,39,119,1245,1214,2003,3,1,"","",2006-12-06,"10538","",,""
"64227706010538","59853254010538",2003,39,119,1245,2601,2003,3,1,"","",2006-12-06,"10538","",,""
"64227711010538","59853254010538",2003,39,119,1245,4800,2003,3,1,"","",2006-12-06,"10538","",,""
"64227707010538","59853254010538",2003,39,119,1245,5314,2003,3,1,"","",2006-12-06,"10538","",,""
"64227708010538","59853254010538",2003,39,119,1245,5716,2003,3,1,"","",2006-12-06,"10538","",,""
"64227709010538","59853254010538",2003,39,119,1245,6706,2003,3,1,"","",2006-12-06,"10538","",,""
"64227710010538","59853254010538",2003,39,119,1245,6708,2003,3,1,"","",2006-12-06,"10538","",,""
"64227701010538","59853380010538",2003,39,121,2146,1214,2003,2,1,"","",2006-12-06,"10538","",,""
"64227702010538","59853380010538",2003,39,121,2146,2601,2003,3,1,"","",2006-12-06,"10538","",,""
"64227703010538","59853380010538",2003,39,121,2146,4806,2003,2,1,"","",2006-12-06,"10538","",,""
"64227704010538","59853380010538",2003,39,121,2146,6706,2003,3,1,"","",2006-12-06,"10538","",,""
"64227739010538","59854367010538",2003,39,127,3072,803,2003,2,1,"","",2006-12-06,"10538","",,""
"64227740010538","59854367010538",2003,39,127,3072,2601,2003,3,1,"","",2006-12-06,"10538","",,""
"64227741010538","59854367010538",2003,39,127,3072,4201,2003,3,1,"","",2006-12-06,"10538","",,""
"64227742010538","59854367010538",2003,39,127,3072,5314,2003,3,1,"","",2006-12-06,"10538","",,""
"64227743010538","59854367010538",2003,39,127,3072,5613,2003,3,1,"","",2006-12-06,"10538","",,""
"64227744010538","59854367010538",2003,39,127,3072,5614,2003,2,1,"","",2006-12-06,"10538","",,""
"64227745010538","59854367010538",2003,39,127,3072,5716,2003,3,1,"","",2006-12-06,"10538","",,""
"64227746010538","59854367010538",2003,39,127,3072,6706,2003,3,1,"","",2006-12-06,"10538","",,""
"64227747010538","59854367010538",2003,39,127,3072,6808,2003,2,1,"","",2006-12-06,"10538","",,""
"64227780010538","59855376010538",2003,39,135,1422,803,2003,3,1,"","",2006-12-06,"10538","",,""
"64227781010538","59855376010538",2003,39,135,1422,2601,2003,3,1,"","",2006-12-06,"10538","",,""
"64227782010538","59855376010538",2003,39,135,1422,4201,2003,2,1,"","",2006-12-06,"10538","",,""
"64227789010538","59855376010538",2003,39,135,1422,5302,2003,2,1,"","",2006-12-06,"10538","",,""
"64227783010538","59855376010538",2003,39,135,1422,5613,2003,2,1,"","",2006-12-06,"10538","",,""
"64227784010538","59855376010538",2003,39,135,1422,5614,2003,3,1,"","",2006-12-06,"10538","",,""
"64227785010538","59855376010538",2003,39,135,1422,5716,2003,2,1,"","",2006-12-06,"10538","",,""
"64227786010538","59855376010538",2003,39,135,1422,5723,2003,2,1,"","",2006-12-06,"10538","",,""
"64227787010538","59855376010538",2003,39,135,1422,6705,2003,3,1,"","",2006-12-06,"10538","",,""
"64227788010538","59855376010538",2003,39,135,1422,6809,2003,2,1,"","",2006-12-06,"10538","",,""
"64227779010538","59855376010538",2003,39,135,1422,8301,2003,2,1,"","",2006-12-06,"10538","",,""
"64227732010538","59856286010538",2003,39,141,3077,803,2003,3,1,"","",2006-12-06,"10538","",,""
"64227733010538","59856286010538",2003,39,141,3077,2601,2003,3,1,"","",2006-12-06,"10538","",,""
"64227734010538","59856286010538",2003,39,141,3077,4201,2003,2,1,"","",2006-12-06,"10538","",,""
"64227738010538","59856286010538",2003,39,141,3077,5300,2003,3,1,"","",2006-12-06,"10538","",,""
"64227735010538","59856286010538",2003,39,141,3077,5613,2003,3,1,"","",2006-12-06,"10538","",,""
"64227736010538","59856286010538",2003,39,141,3077,5716,2003,3,1,"","",2006-12-06,"10538","",,""
"64227737010538","59856286010538",2003,39,141,3077,6708,2003,3,1,"","",2006-12-06,"10538","",,""
"64227731010538","59856286010538",2003,39,141,3077,8301,2003,2,1,"","",2006-12-06,"10538","",,""
"64227686010538","59857241010538",2003,39,145,4951,2601,2003,3,1,"","",2006-12-06,"10538","",,""
"64227687010538","59857241010538",2003,39,145,4951,4201,2003,3,1,"","",2006-12-06,"10538","",,""
"64227688010538","59857241010538",2003,39,145,4951,4202,2003,3,1,"","",2006-12-06,"10538","",,""
"64227689010538","59857241010538",2003,39,145,4951,5314,2003,3,1,"","",2006-12-06,"10538","",,""
"64227690010538","59857241010538",2003,39,145,4951,5702,2003,3,1,"","",2006-12-06,"10538","",,""
"64227691010538","59857241010538",2003,39,145,4951,5716,2003,3,1,"","",2006-12-06,"10538","",,""
"64227692010538","59857241010538",2003,39,145,4951,6708,2003,3,1,"","",2006-12-06,"10538","",,""
"64227693010538","59857241010538",2003,39,145,4951,6808,2003,2,1,"","",2006-12-06,"10538","",,""
"64227846010538","59858451010538",2003,39,155,3843,5716,2003,3,1,"","",2006-12-06,"10538","",,""
"64227685010538","59857241010538",2003,39,145,4951,8301,2003,1,1,"","",2006-12-06,"10538","",,""
"64227844010538","59858451010538",2003,39,155,3843,4806,2003,1,1,"","",2006-12-06,"10538","",,""
"64227845010538","59858451010538",2003,39,155,3843,5613,2003,3,1,"","",2006-12-06,"10538","",,""
"64227847010538","59858451010538",2003,39,155,3843,6700,2003,1,1,"","",2006-12-06,"10538","",,""
"64227811010538","59859396010538",2003,39,157,3047,4201,2003,3,1,"","",2006-12-06,"10538","",,""
"64227809010538","59859396010538",2003,39,157,3047,2601,2003,3,1,"","",2006-12-06,"10538","",,""
"64227810010538","59859396010538",2003,39,157,3047,4015,2003,2,1,"","",2006-12-06,"10538","",,""
"64227812010538","59859396010538",2003,39,157,3047,4806,2003,3,1,"","",2006-12-06,"10538","",,""
"64227813010538","59859396010538",2003,39,157,3047,5314,2003,3,1,"","",2006-12-06,"10538","",,""
"64227814010538","59859396010538",2003,39,157,3047,5613,2003,3,1,"","",2006-12-06,"10538","",,""
"64227815010538","59859396010538",2003,39,157,3047,5614,2003,2,1,"","",2006-12-06,"10538","",,""
"64227816010538","59859396010538",2003,39,157,3047,5716,2003,3,1,"","",2006-12-06,"10538","",,""
"64227817010538","59859396010538",2003,39,157,3047,6706,2003,3,1,"","",2006-12-06,"10538","",,""
"64227818010538","59859396010538",2003,39,157,3047,6711,2003,2,1,"","",2006-12-06,"10538","",,""
"64227762010538","59860065010538",2003,39,165,2505,803,2003,2,1,"","",2006-12-06,"10538","",,""
"64227763010538","59860065010538",2003,39,165,2505,4201,2003,3,1,"","",2006-12-06,"10538","",,""
"64227769010538","59860065010538",2003,39,165,2505,5300,2003,2,1,"","",2006-12-06,"10538","",,""
"64227764010538","59860065010538",2003,39,165,2505,5601,2003,2,1,"","",2006-12-06,"10538","",,""
"64227770010538","59860065010538",2003,39,165,2505,5608,2003,2,1,"","",2006-12-06,"10538","",,""
"64227765010538","59860065010538",2003,39,165,2505,5614,2003,3,1,"","",2006-12-06,"10538","",,""
"64227766010538","59860065010538",2003,39,165,2505,5704,2003,3,1,"","",2006-12-06,"10538","",,""
"64227767010538","59860065010538",2003,39,165,2505,5716,2003,2,1,"","",2006-12-06,"10538","",,""
"64227768010538","59860065010538",2003,39,165,2505,6705,2003,4,1,"","",2006-12-06,"10538","",,""
"63547717010538","59885224010538",2004,39,13,4479,1214,2004,3,1,"","",2006-08-16,"10538","",,""
"63547723010538","59885224010538",2004,39,13,4479,1229,2004,3,1,"","",2006-08-16,"10538","",,""
"63547718010538","59885224010538",2004,39,13,4479,2601,2004,3,1,"","",2006-08-16,"10538","",,""
"63547719010538","59885224010538",2004,39,13,4479,4806,2004,3,1,"","",2006-08-16,"10538","",,""
"63547720010538","59885224010538",2004,39,13,4479,5614,2004,3,1,"","",2006-08-16,"10538","",,""
"63547721010538","59885224010538",2004,39,13,4479,5716,2004,2,1,"","",2006-08-16,"10538","",,""
"63547724010538","59885224010538",2004,39,13,4479,6706,2004,3,1,"","",2006-08-16,"10538","",,""
"63547722010538","59885224010538",2004,39,13,4479,6708,2004,2,1,"","",2006-08-16,"10538","",,""
"63547698010538","59886638010538",2004,39,25,5374,803,2004,3,1,"","",2006-08-16,"10538","",,""
"63547699010538","59886638010538",2004,39,25,5374,2601,2004,3,1,"","",2006-08-16,"10538","",,""
"63547700010538","59886638010538",2004,39,25,5374,4201,2004,2,1,"","",2006-08-16,"10538","",,""
"63547701010538","59886638010538",2004,39,25,5374,4806,2004,3,1,"","",2006-08-16,"10538","",,""
"63547702010538","59886638010538",2004,39,25,5374,5314,2004,3,1,"","",2006-08-16,"10538","",,""
"63547703010538","59886638010538",2004,39,25,5374,5614,2004,3,1,"","",2006-08-16,"10538","",,""
"63547704010538","59886638010538",2004,39,25,5374,5716,2004,3,1,"","",2006-08-16,"10538","",,""
"63547705010538","59886638010538",2004,39,25,5374,6708,2004,4,1,"","",2006-08-16,"10538","",,""
"63547706010538","59886638010538",2004,39,25,5374,6712,2004,2,1,"","",2006-08-16,"10538","",,""
"63547744010538","59886738010538",2004,39,27,3456,5314,2004,3,1,"","",2006-08-16,"10538","",,""
"63547745010538","59886738010538",2004,39,27,3456,5614,2004,3,1,"","",2006-08-16,"10538","",,""
"63547746010538","59886738010538",2004,39,27,3456,5716,2004,3,1,"","",2006-08-16,"10538","",,""
"63547747010538","59886738010538",2004,39,27,3456,6708,2004,2,1,"","",2006-08-16,"10538","",,""
"63547773010538","59887136010538",2004,39,29,2347,1210,2004,2,1,"","",2006-08-16,"10538","",,""
"63547767010538","59887136010538",2004,39,29,2347,2601,2004,3,1,"","",2006-08-16,"10538","",,""
"63547768010538","59887136010538",2004,39,29,2347,4201,2004,2,1,"","",2006-08-16,"10538","",,""
"63547769010538","59887136010538",2004,39,29,2347,4806,2004,3,1,"","",2006-08-16,"10538","",,""
"63547770010538","59887136010538",2004,39,29,2347,5613,2004,2,1,"","",2006-08-16,"10538","",,""
"63547771010538","59887136010538",2004,39,29,2347,5716,2004,2,1,"","",2006-08-16,"10538","",,""
"63547772010538","59887136010538",2004,39,29,2347,6706,2004,2,1,"","",2006-08-16,"10538","",,""
"63547792010538","59872676010538",2004,39,41,3878,2603,2004,2,1,"","",2006-08-16,"10538","",,""
"63547786010538","59872676010538",2004,39,41,3878,4201,2004,3,1,"","",2006-08-16,"10538","",,""
"63547787010538","59872676010538",2004,39,41,3878,4806,2004,3,1,"","",2006-08-16,"10538","",,""
"63547793010538","59872676010538",2004,39,41,3878,5601,2004,3,1,"","",2006-08-16,"10538","",,""
"63547788010538","59872676010538",2004,39,41,3878,5613,2004,3,1,"","",2006-08-16,"10538","",,""
"63547789010538","59872676010538",2004,39,41,3878,5614,2004,2,1,"","",2006-08-16,"10538","",,""
"63547790010538","59872676010538",2004,39,41,3878,5716,2004,3,1,"","",2006-08-16,"10538","",,""
"63547791010538","59872676010538",2004,39,41,3878,6708,2004,3,1,"","",2006-08-16,"10538","",,""
"63547689010538","59873691010538",2004,39,53,3579,803,2004,3,1,"","",2006-08-16,"10538","",,""
"63547690010538","59873691010538",2004,39,53,3579,2601,2004,3,1,"","",2006-08-16,"10538","",,""
"63547691010538","59873691010538",2004,39,53,3579,4201,2004,3,1,"","",2006-08-16,"10538","",,""
"63547697010538","59873691010538",2004,39,53,3579,5329,2004,3,1,"","",2006-08-16,"10538","",,""
"63547692010538","59873691010538",2004,39,53,3579,5613,2004,3,1,"","",2006-08-16,"10538","",,""
"63547693010538","59873691010538",2004,39,53,3579,5614,2004,3,1,"","",2006-08-16,"10538","",,""
"63547694010538","59873691010538",2004,39,53,3579,5716,2004,3,1,"","",2006-08-16,"10538","",,""
"63547695010538","59873691010538",2004,39,53,3579,6708,2004,3,1,"","",2006-08-16,"10538","",,""
"63547696010538","59873691010538",2004,39,53,3579,6809,2004,3,1,"","",2006-08-16,"10538","",,""
"63547688010538","59873691010538",2004,39,53,3579,8301,2004,3,1,"","",2006-08-16,"10538","",,""
"63547774010538","59875046010538",2004,39,59,2535,803,2004,3,1,"","",2006-08-16,"10538","",,""
"63547775010538","59875046010538",2004,39,59,2535,2601,2004,3,1,"","",2006-08-16,"10538","",,""
"63547779010538","59875046010538",2004,39,59,2535,5600,2004,3,1,"","",2006-08-16,"10538","",,""
"63547776010538","59875046010538",2004,39,59,2535,5716,2004,3,1,"","",2006-08-16,"10538","",,""
"63547780010538","59875046010538",2004,39,59,2535,6706,2004,3,1,"","",2006-08-16,"10538","",,""
"63547777010538","59875046010538",2004,39,59,2535,6708,2004,3,1,"","",2006-08-16,"10538","",,""
"63547778010538","59875046010538",2004,39,59,2535,6808,2004,3,1,"","",2006-08-16,"10538","",,""
"63547748010538","59875667010538",2004,39,61,2063,4201,2004,3,1,"","",2006-08-16,"10538","",,""
"63547749010538","59875667010538",2004,39,61,2063,5613,2004,3,1,"","",2006-08-16,"10538","",,""
"63547750010538","59875667010538",2004,39,61,2063,5614,2004,3,1,"","",2006-08-16,"10538","",,""
"63547753010538","59875667010538",2004,39,61,2063,5700,2004,3,1,"","",2006-08-16,"10538","",,""
"63547751010538","59875667010538",2004,39,61,2063,6708,2004,3,1,"","",2006-08-16,"10538","",,""
"63547752010538","59875667010538",2004,39,61,2063,6809,2004,2,1,"","",2006-08-16,"10538","",,""
"63547726010538","59877102010538",2004,39,73,5262,803,2004,3,1,"","",2006-08-16,"10538","",,""
"63547735010538","59877102010538",2004,39,73,5262,1203,2004,3,1,"","",2006-08-16,"10538","",,""
"63547727010538","59877102010538",2004,39,73,5262,2601,2004,3,1,"","",2006-08-16,"10538","",,""
"63547728010538","59877102010538",2004,39,73,5262,4201,2004,2,1,"","",2006-08-16,"10538","",,""
"63547729010538","59877102010538",2004,39,73,5262,5314,2004,3,1,"","",2006-08-16,"10538","",,""
"63547730010538","59877102010538",2004,39,73,5262,5614,2004,3,1,"","",2006-08-16,"10538","",,""
"63547731010538","59877102010538",2004,39,73,5262,5716,2004,3,1,"","",2006-08-16,"10538","",,""
"63547733010538","59877102010538",2004,39,73,5262,6706,2004,4,1,"","",2006-08-16,"10538","",,""
"63547732010538","59877102010538",2004,39,73,5262,6708,2004,3,1,"","",2006-08-16,"10538","",,""
"63547734010538","59877102010538",2004,39,73,5262,8053,2004,1,1,"","",2006-08-16,"10538","",,""
"63547725010538","59877102010538",2004,39,73,5262,8301,2004,2,1,"","",2006-08-16,"10538","",,""
"63547803010538","59877582010538",2004,39,75,1717,1203,2004,2,1,"","",2006-08-16,"10538","",,""
"63547802010538","59877582010538",2004,39,75,1717,1207,2004,3,1,"","",2006-08-16,"10538","",,""
"63547794010538","59877582010538",2004,39,75,1717,2601,2004,3,1,"","",2006-08-16,"10538","",,""
"63547795010538","59877582010538",2004,39,75,1717,4201,2004,2,1,"","",2006-08-16,"10538","",,""
"63547796010538","59877582010538",2004,39,75,1717,4806,2004,3,1,"","",2006-08-16,"10538","",,""
"63547805010538","59877582010538",2004,39,75,1717,5101,2004,2,1,"","",2006-08-16,"10538","",,""
"63547797010538","59877582010538",2004,39,75,1717,5314,2004,3,1,"","",2006-08-16,"10538","",,""
"63547798010538","59877582010538",2004,39,75,1717,5613,2004,2,1,"","",2006-08-16,"10538","",,""
"63547799010538","59877582010538",2004,39,75,1717,5614,2004,4,1,"","",2006-08-16,"10538","",,""
"63547800010538","59877582010538",2004,39,75,1717,5716,2004,3,1,"","",2006-08-16,"10538","",,""
"63547804010538","59877582010538",2004,39,75,1717,6706,2004,3,1,"","",2006-08-16,"10538","",,""
"63547801010538","59877582010538",2004,39,75,1717,6708,2004,3,1,"","",2006-08-16,"10538","",,""
"63547760010538","59879090010538",2004,39,81,5147,1225,2004,2,1,"","",2006-08-16,"10538","",,""
"63547761010538","59879090010538",2004,39,81,5147,2601,2004,3,1,"","",2006-08-16,"10538","",,""
"63547762010538","59879090010538",2004,39,81,5147,4202,2004,3,1,"","",2006-08-16,"10538","",,""
"63547763010538","59879090010538",2004,39,81,5147,4806,2004,3,1,"","",2006-08-16,"10538","",,""
"63547764010538","59879090010538",2004,39,81,5147,5614,2004,3,1,"","",2006-08-16,"10538","",,""
"63547765010538","59879090010538",2004,39,81,5147,5716,2004,4,1,"","",2006-08-16,"10538","",,""
"63547766010538","59879090010538",2004,39,81,5147,6706,2004,3,1,"","",2006-08-16,"10538","",,""
"63547781010538","59880373010538",2004,39,89,1536,2601,2004,3,1,"","",2006-08-16,"10538","",,""
"63547785010538","59880373010538",2004,39,89,1536,5300,2004,3,1,"","",2006-08-16,"10538","",,""
"63547782010538","59880373010538",2004,39,89,1536,5614,2004,3,1,"","",2006-08-16,"10538","",,""
"63547783010538","59880373010538",2004,39,89,1536,5716,2004,3,1,"","",2006-08-16,"10538","",,""
"63547784010538","59880373010538",2004,39,89,1536,6708,2004,3,1,"","",2006-08-16,"10538","",,""
"63547816010538","59882113010538",2004,39,103,4704,2601,2004,2,1,"","",2006-08-16,"10538","",,""
"63547817010538","59882113010538",2004,39,103,4704,5614,2004,3,1,"","",2006-08-16,"10538","",,""
"63547818010538","59882113010538",2004,39,103,4704,5716,2004,3,1,"","",2006-08-16,"10538","",,""
"63547819010538","59882113010538",2004,39,103,4704,5723,2004,3,1,"","",2006-08-16,"10538","",,""
"63547811010538","59882851010538",2004,39,107,4902,5202,2004,3,1,"","",2006-08-16,"10538","",,""
"63547807010538","59882851010538",2004,39,107,4902,5613,2004,3,1,"","",2006-08-16,"10538","",,""
"63547808010538","59882851010538",2004,39,107,4902,5614,2004,3,1,"","",2006-08-16,"10538","",,""
"63547809010538","59882851010538",2004,39,107,4902,5716,2004,3,1,"","",2006-08-16,"10538","",,""
"63547812010538","59882851010538",2004,39,107,4902,5801,2004,3,1,"","",2006-08-16,"10538","",,""
"63547810010538","59882851010538",2004,39,107,4902,6708,2004,2,1,"","",2006-08-16,"10538","",,""
"63547806010538","59882851010538",2004,39,107,4902,8301,2004,4,1,"","",2006-08-16,"10538","",,""
"63547755010538","59862539010538",2004,39,113,1116,2601,2004,3,1,"","",2006-08-16,"10538","",,""
"63547756010538","59862539010538",2004,39,113,1116,4201,2004,3,1,"","",2006-08-16,"10538","",,""
"63547757010538","59862539010538",2004,39,113,1116,5614,2004,3,1,"","",2006-08-16,"10538","",,""
"63547758010538","59862539010538",2004,39,113,1116,5700,2004,3,1,"","",2006-08-16,"10538","",,""
"63547759010538","59862539010538",2004,39,113,1116,6700,2004,3,1,"","",2006-08-16,"10538","",,""
"63547754010538","59862539010538",2004,39,113,1116,8301,2004,2,1,"","",2006-08-16,"10538","",,""
"63547737010538","59865858010538",2004,39,141,4924,803,2004,3,1,"","",2006-08-16,"10538","",,""
"63547738010538","59865858010538",2004,39,141,4924,4201,2004,3,1,"","",2006-08-16,"10538","",,""
"63547739010538","59865858010538",2004,39,141,4924,5613,2004,3,1,"","",2006-08-16,"10538","",,""
"63547740010538","59865858010538",2004,39,141,4924,5614,2004,3,1,"","",2006-08-16,"10538","",,""
"63547741010538","59865858010538",2004,39,141,4924,5704,2004,3,1,"","",2006-08-16,"10538","",,""
"63547742010538","59865858010538",2004,39,141,4924,5716,2004,3,1,"","",2006-08-16,"10538","",,""
"63547743010538","59865858010538",2004,39,141,4924,6708,2004,3,1,"","",2006-08-16,"10538","",,""
"63547736010538","59865858010538",2004,39,141,4924,8301,2004,3,1,"","",2006-08-16,"10538","",,""
"63547821010538","59867573010538",2004,39,147,4302,5613,2004,3,1,"","",2006-08-16,"10538","",,""
"63547822010538","59867573010538",2004,39,147,4302,5614,2004,3,1,"","",2006-08-16,"10538","",,""
"63547823010538","59867573010538",2004,39,147,4302,5716,2004,3,1,"","",2006-08-16,"10538","",,""
"63547820010538","59867573010538",2004,39,147,4302,8301,2004,3,1,"","",2006-08-16,"10538","",,""
"63547815010538","59868956010538",2004,39,155,4794,1200,2004,2,1,"","",2006-08-16,"10538","",,""
"63547813010538","59868956010538",2004,39,155,4794,5613,2004,3,1,"","",2006-08-16,"10538","",,""
"63547814010538","59868956010538",2004,39,155,4794,5614,2004,3,1,"","",2006-08-16,"10538","",,""
"63547707010538","59871051010538",2004,39,167,2121,1211,2004,2,1,"","",2006-08-16,"10538","",,""
"63547708010538","59871051010538",2004,39,167,2121,2601,2004,4,1,"","",2006-08-16,"10538","",,""
"63547709010538","59871051010538",2004,39,167,2121,3301,2004,3,1,"","",2006-08-16,"10538","",,""
"63547710010538","59871051010538",2004,39,167,2121,4201,2004,2,1,"","",2006-08-16,"10538","",,""
"63547711010538","59871051010538",2004,39,167,2121,4806,2004,2,1,"","",2006-08-16,"10538","",,""
"63547712010538","59871051010538",2004,39,167,2121,5613,2004,3,1,"","",2006-08-16,"10538","",,""
"63547713010538","59871051010538",2004,39,167,2121,5614,2004,4,1,"","",2006-08-16,"10538","",,""
"63547716010538","59871051010538",2004,39,167,2121,5704,2004,2,1,"","",2006-08-16,"10538","",,""
"63547714010538","59871051010538",2004,39,167,2121,6708,2004,3,1,"","",2006-08-16,"10538","",,""
"63547715010538","59871051010538",2004,39,167,2121,8069,2004,1,1,"","",2006-08-16,"10538","",,""
"62365105010538","66400505010538",2005,39,15,4442,803,2005,3,1,"","",2006-05-23,"10538","",,""
"62365106010538","66400505010538",2005,39,15,4442,2601,2005,3,1,"","",2006-05-23,"10538","",,""
"62365110010538","66400505010538",2005,39,15,4442,5614,2005,3,1,"","",2006-05-23,"10538","",,""
"62365107010538","66400505010538",2005,39,15,4442,4201,2005,3,1,"","",2006-05-23,"10538","",,""
"62365108010538","66400505010538",2005,39,15,4442,4806,2005,3,1,"","",2006-05-23,"10538","",,""
"62365109010538","66400505010538",2005,39,15,4442,5314,2005,3,1,"","",2006-05-23,"10538","",,""
"62365111010538","66400505010538",2005,39,15,4442,5716,2005,3,1,"","",2006-05-23,"10538","",,""
"62365112010538","66400505010538",2005,39,15,4442,6705,2005,3,1,"","",2006-05-23,"10538","",,""
"62365104010538","66400505010538",2005,39,15,4442,8301,2005,1,1,"","",2006-05-23,"10538","",,""
"62365114010538","66400505010538",2005,39,15,4442,6706,2005,3,1,"","",2006-05-23,"10538","",,""
"62365113010538","66400505010538",2005,39,15,4442,6708,2005,3,1,"","",2006-05-23,"10538","",,""
"62365115010538","66400505010538",2005,39,15,4442,8000,2005,1,1,"","",2006-05-23,"10538","",,""
"62365205010538","66400768010538",2005,39,19,1299,800,2005,1,1,"","",2006-05-23,"10538","",,""
"62365198010538","66400768010538",2005,39,19,1299,2601,2005,3,1,"","",2006-05-23,"10538","",,""
"62365203010538","66400768010538",2005,39,19,1299,4800,2005,1,1,"","",2006-05-23,"10538","",,""
"62365204010538","66400768010538",2005,39,19,1299,5300,2005,2,1,"","",2006-05-23,"10538","",,""
"62365199010538","66400768010538",2005,39,19,1299,5613,2005,2,1,"","",2006-05-23,"10538","",,""
"62365200010538","66400768010538",2005,39,19,1299,5614,2005,2,1,"","",2006-05-23,"10538","",,""
"62365201010538","66400768010538",2005,39,19,1299,5716,2005,3,1,"","",2006-05-23,"10538","",,""
"62365202010538","66400768010538",2005,39,19,1299,6706,2005,2,1,"","",2006-05-23,"10538","",,""
"62365245010538","66401283010538",2005,39,21,2936,2601,2005,2,1,"","",2006-05-23,"10538","",,""
"62365246010538","66401283010538",2005,39,21,2936,4201,2005,3,1,"","",2006-05-23,"10538","",,""
"62365247010538","66401283010538",2005,39,21,2936,4806,2005,2,1,"","",2006-05-23,"10538","",,""
"62365248010538","66401283010538",2005,39,21,2936,5614,2005,3,1,"","",2006-05-23,"10538","",,""
"62365249010538","66401283010538",2005,39,21,2936,5716,2005,3,1,"","",2006-05-23,"10538","",,""
"62365250010538","66401283010538",2005,39,21,2936,5723,2005,3,1,"","",2006-05-23,"10538","",,""
"62365251010538","66401283010538",2005,39,21,2936,6705,2005,2,1,"","",2006-05-23,"10538","",,""
"62365252010538","66401283010538",2005,39,21,2936,6706,2005,3,1,"","",2006-05-23,"10538","",,""
"62365244010538","66401283010538",2005,39,21,2936,8301,2005,3,1,"","",2006-05-23,"10538","",,""
"62365233010538","66402727010538",2005,39,33,4995,2601,2005,3,1,"","",2006-05-23,"10538","",,""
"62365242010538","66402727010538",2005,39,33,4995,3302,2005,3,1,"","",2006-05-23,"10538","",,""
"62365234010538","66402727010538",2005,39,33,4995,4806,2005,3,1,"","",2006-05-23,"10538","",,""
"62365241010538","66402727010538",2005,39,33,4995,5300,2005,1,1,"","",2006-05-23,"10538","",,""
"62365235010538","66402727010538",2005,39,33,4995,5613,2005,3,1,"","",2006-05-23,"10538","",,""
"62365236010538","66402727010538",2005,39,33,4995,5614,2005,3,1,"","",2006-05-23,"10538","",,""
"62365237010538","66402727010538",2005,39,33,4995,5716,2005,3,1,"","",2006-05-23,"10538","",,""
"62365238010538","66402727010538",2005,39,33,4995,5723,2005,3,1,"","",2006-05-23,"10538","",,""
"62365243010538","66402727010538",2005,39,33,4995,5801,2005,1,1,"","",2006-05-23,"10538","",,""
"62365239010538","66402727010538",2005,39,33,4995,6705,2005,1,1,"","",2006-05-23,"10538","",,""
"62365240010538","66402727010538",2005,39,33,4995,6708,2005,3,1,"","",2006-05-23,"10538","",,""
"62365232010538","66402727010538",2005,39,33,4995,8301,2005,3,1,"","",2006-05-23,"10538","",,""
"62365254010538","66404522010538",2005,39,37,1088,2601,2005,3,1,"","",2006-05-23,"10538","",,""
"62365255010538","66404522010538",2005,39,37,1088,5614,2005,2,1,"","",2006-05-23,"10538","",,""
"62365256010538","66404522010538",2005,39,37,1088,5716,2005,3,1,"","",2006-05-23,"10538","",,""
"62365257010538","66404522010538",2005,39,37,1088,6705,2005,3,1,"","",2006-05-23,"10538","",,""
"62365253010538","66404522010538",2005,39,37,1088,8301,2005,3,1,"","",2006-05-23,"10538","",,""
"62365206010538","66406855010538",2005,39,59,5447,803,2005,3,1,"","",2006-05-23,"10538","",,""
"62365207010538","66406855010538",2005,39,59,5447,1228,2005,3,1,"","",2006-05-23,"10538","",,""
"62365208010538","66406855010538",2005,39,59,5447,2601,2005,3,1,"","",2006-05-23,"10538","",,""
"62365209010538","66406855010538",2005,39,59,5447,2704,2005,1,1,"","",2006-05-23,"10538","",,""
"62365210010538","66406855010538",2005,39,59,5447,4201,2005,3,1,"","",2006-05-23,"10538","",,""
"62365211010538","66406855010538",2005,39,59,5447,4202,2005,1,1,"","",2006-05-23,"10538","",,""
"62365212010538","66406855010538",2005,39,59,5447,4806,2005,3,1,"","",2006-05-23,"10538","",,""
"62365213010538","66406855010538",2005,39,59,5447,5102,2005,3,1,"","",2006-05-23,"10538","",,""
"62365214010538","66406855010538",2005,39,59,5447,5314,2005,3,1,"","",2006-05-23,"10538","",,""
"62365215010538","66406855010538",2005,39,59,5447,5601,2005,3,1,"","",2006-05-23,"10538","",,""
"62365216010538","66406855010538",2005,39,59,5447,5614,2005,3,1,"","",2006-05-23,"10538","",,""
"62365217010538","66406855010538",2005,39,59,5447,5716,2005,3,1,"","",2006-05-23,"10538","",,""
"62365218010538","66406855010538",2005,39,59,5447,6706,2005,3,1,"","",2006-05-23,"10538","",,""
"62365219010538","66406855010538",2005,39,59,5447,6708,2005,3,1,"","",2006-05-23,"10538","",,""
"62365220010538","66406855010538",2005,39,59,5447,6808,2005,3,1,"","",2006-05-23,"10538","",,""
"62365183010538","66407100010538",2005,39,61,2287,800,2005,1,1,"","",2006-05-23,"10538","",,""
"62365174010538","66407100010538",2005,39,61,2287,4201,2005,3,1,"","",2006-05-23,"10538","",,""
"62365175010538","66407100010538",2005,39,61,2287,5314,2005,1,1,"","",2006-05-23,"10538","",,""
"62365176010538","66407100010538",2005,39,61,2287,5601,2005,3,1,"","",2006-05-23,"10538","",,""
"62365177010538","66407100010538",2005,39,61,2287,5614,2005,3,1,"","",2006-05-23,"10538","",,""
"62365178010538","66407100010538",2005,39,61,2287,5716,2005,2,1,"","",2006-05-23,"10538","",,""
"62365179010538","66407100010538",2005,39,61,2287,5723,2005,1,1,"","",2006-05-23,"10538","",,""
"62365180010538","66407100010538",2005,39,61,2287,6708,2005,1,1,"","",2006-05-23,"10538","",,""
"62365181010538","66407100010538",2005,39,61,2287,6808,2005,1,1,"","",2006-05-23,"10538","",,""
"62365182010538","66407100010538",2005,39,61,2287,6809,2005,3,1,"","",2006-05-23,"10538","",,""
"62365221010538","66407916010538",2005,39,67,1501,803,2005,3,1,"","",2006-05-23,"10538","",,""
"62365222010538","66407916010538",2005,39,67,1501,1211,2005,3,1,"","",2006-05-23,"10538","",,""
"62365223010538","66407916010538",2005,39,67,1501,2601,2005,3,1,"","",2006-05-23,"10538","",,""
"62365224010538","66407916010538",2005,39,67,1501,4201,2005,3,1,"","",2006-05-23,"10538","",,""
"62365225010538","66407916010538",2005,39,67,1501,4806,2005,3,1,"","",2006-05-23,"10538","",,""
"62365226010538","66407916010538",2005,39,67,1501,5314,2005,3,1,"","",2006-05-23,"10538","",,""
"62365227010538","66407916010538",2005,39,67,1501,5318,2005,3,1,"","",2006-05-23,"10538","",,""
"62365228010538","66407916010538",2005,39,67,1501,5613,2005,3,1,"","",2006-05-23,"10538","",,""
"62365229010538","66407916010538",2005,39,67,1501,5614,2005,3,1,"","",2006-05-23,"10538","",,""
"62365230010538","66407916010538",2005,39,67,1501,5716,2005,3,1,"","",2006-05-23,"10538","",,""
"62365231010538","66407916010538",2005,39,67,1501,5901,2005,1,1,"","",2006-05-23,"10538","",,""
"62365267010538","66407994010538",2005,39,69,5636,4806,2005,3,1,"","",2006-05-23,"10538","",,""
"62365268010538","66407994010538",2005,39,69,5636,5300,2005,1,1,"","",2006-05-23,"10538","",,""
"62365269010538","66407994010538",2005,39,69,5636,5614,2005,3,1,"","",2006-05-23,"10538","",,""
"62365270010538","66407994010538",2005,39,69,5636,5716,2005,3,1,"","",2006-05-23,"10538","",,""
"62365271010538","66407994010538",2005,39,69,5636,5723,2005,3,1,"","",2006-05-23,"10538","",,""
"62365272010538","66407994010538",2005,39,69,5636,6708,2005,1,1,"","",2006-05-23,"10538","",,""
"62365266010538","66407994010538",2005,39,69,5636,8301,2005,3,1,"","",2006-05-23,"10538","",,""
"62365132010538","66409182010538",2005,39,73,1771,803,2005,3,1,"","",2006-05-23,"10538","",,""
"62365133010538","66409182010538",2005,39,73,1771,1203,2005,3,1,"","",2006-05-23,"10538","",,""
"62365134010538","66409182010538",2005,39,73,1771,1207,2005,3,1,"","",2006-05-23,"10538","",,""
"62365135010538","66409182010538",2005,39,73,1771,1211,2005,3,1,"","",2006-05-23,"10538","",,""
"62365136010538","66409182010538",2005,39,73,1771,2601,2005,3,1,"","",2006-05-23,"10538","",,""
"62365137010538","66409182010538",2005,39,73,1771,4201,2005,3,1,"","",2006-05-23,"10538","",,""
"62365138010538","66409182010538",2005,39,73,1771,4806,2005,2,1,"","",2006-05-23,"10538","",,""
"62365139010538","66409182010538",2005,39,73,1771,5101,2005,1,1,"","",2006-05-23,"10538","",,""
"62365140010538","66409182010538",2005,39,73,1771,5102,2005,1,1,"","",2006-05-23,"10538","",,""
"62365141010538","66409182010538",2005,39,73,1771,5314,2005,1,1,"","",2006-05-23,"10538","",,""
"62365142010538","66409182010538",2005,39,73,1771,5614,2005,3,1,"","",2006-05-23,"10538","",,""
"62365143010538","66409182010538",2005,39,73,1771,6705,2005,1,1,"","",2006-05-23,"10538","",,""
"62365144010538","66409182010538",2005,39,73,1771,6706,2005,3,1,"","",2006-05-23,"10538","",,""
"62365145010538","66409182010538",2005,39,73,1771,6708,2005,3,1,"","",2006-05-23,"10538","",,""
"62365146010538","66409182010538",2005,39,73,1771,6808,2005,3,1,"","",2006-05-23,"10538","",,""
"62365147010538","66409182010538",2005,39,73,1771,6809,2005,3,1,"","",2006-05-23,"10538","",,""
"62365079010538","66410984010538",2005,39,87,1355,803,2005,3,1,"","",2006-05-23,"10538","",,""
"62365080010538","66410984010538",2005,39,87,1355,1203,2005,3,1,"","",2006-05-23,"10538","",,""
"62365081010538","66410984010538",2005,39,87,1355,2601,2005,3,1,"","",2006-05-23,"10538","",,""
"62365082010538","66410984010538",2005,39,87,1355,4201,2005,3,1,"","",2006-05-23,"10538","",,""
"62365083010538","66410984010538",2005,39,87,1355,4202,2005,3,1,"","",2006-05-23,"10538","",,""
"62365084010538","66410984010538",2005,39,87,1355,5329,2005,3,1,"","",2006-05-23,"10538","",,""
"62365085010538","66410984010538",2005,39,87,1355,5613,2005,3,1,"","",2006-05-23,"10538","",,""
"62365086010538","66410984010538",2005,39,87,1355,5614,2005,3,1,"","",2006-05-23,"10538","",,""
"62365087010538","66410984010538",2005,39,87,1355,5704,2005,3,1,"","",2006-05-23,"10538","",,""
"62365088010538","66410984010538",2005,39,87,1355,6706,2005,3,1,"","",2006-05-23,"10538","",,""
"62365089010538","66410984010538",2005,39,87,1355,6708,2005,3,1,"","",2006-05-23,"10538","",,""
"62365090010538","66410984010538",2005,39,87,1355,6809,2005,1,1,"","",2006-05-23,"10538","",,""
"62365259010538","66412678010538",2005,39,99,3684,1211,2005,3,1,"","",2006-05-23,"10538","",,""
"62365264010538","66412678010538",2005,39,99,3684,1236,2005,3,1,"","",2006-05-23,"10538","",,""
"62365260010538","66412678010538",2005,39,99,3684,2603,2005,1,1,"","",2006-05-23,"10538","",,""
"62365261010538","66412678010538",2005,39,99,3684,4201,2005,1,1,"","",2006-05-23,"10538","",,""
"62365262010538","66412678010538",2005,39,99,3684,5613,2005,3,1,"","",2006-05-23,"10538","",,""
"62365263010538","66412678010538",2005,39,99,3684,5716,2005,2,1,"","",2006-05-23,"10538","",,""
"62365258010538","66412678010538",2005,39,99,3684,8301,2005,1,1,"","",2006-05-23,"10538","",,""
"62365070010538","66413241010538",2005,39,105,2390,803,2005,1,1,"","",2006-05-23,"10538","",,""
"62365071010538","66413241010538",2005,39,105,2390,1211,2005,3,1,"","",2006-05-23,"10538","",,""
"62365072010538","66413241010538",2005,39,105,2390,2601,2005,3,1,"","",2006-05-23,"10538","",,""
"62365073010538","66413241010538",2005,39,105,2390,5102,2005,1,1,"","",2006-05-23,"10538","",,""
"62365078010538","66413241010538",2005,39,105,2390,5300,2005,1,1,"","",2006-05-23,"10538","",,""
"62365074010538","66413241010538",2005,39,105,2390,5614,2005,3,1,"","",2006-05-23,"10538","",,""
"62365075010538","66413241010538",2005,39,105,2390,5716,2005,3,1,"","",2006-05-23,"10538","",,""
"62365076010538","66413241010538",2005,39,105,2390,6705,2005,3,1,"","",2006-05-23,"10538","",,""
"62365077010538","66413241010538",2005,39,105,2390,6706,2005,3,1,"","",2006-05-23,"10538","",,""
"62365195010538","66414281010538",2005,39,113,3539,4200,2005,3,1,"","",2006-05-23,"10538","",2007-01-04,"10538"
"62365197010538","66414281010538",2005,39,113,3539,5601,2005,2,1,"","",2006-05-23,"10538","",2007-01-04,"10538"
"62365193010538","66414281010538",2005,39,113,3539,5614,2005,3,1,"","",2006-05-23,"10538","",2007-01-04,"10538"
"62365194010538","66414281010538",2005,39,113,3539,5716,2005,3,1,"","",2006-05-23,"10538","",2007-01-04,"10538"
"62365196010538","66414281010538",2005,39,113,3539,6809,2005,1,1,"","",2006-05-23,"10538","",2007-01-04,"10538"
"62365160010538","66415946010538",2005,39,119,2977,803,2005,1,1,"","",2006-05-23,"10538","",,""
"62365161010538","66415946010538",2005,39,119,2977,2601,2005,3,1,"","",2006-05-23,"10538","",,""
"62365162010538","66415946010538",2005,39,119,2977,4201,2005,3,1,"","",2006-05-23,"10538","",,""
"62365163010538","66415946010538",2005,39,119,2977,4806,2005,1,1,"","",2006-05-23,"10538","",,""
"62365164010538","66415946010538",2005,39,119,2977,5314,2005,3,1,"","",2006-05-23,"10538","",,""
"62365165010538","66415946010538",2005,39,119,2977,5614,2005,3,1,"","",2006-05-23,"10538","",,""
"62365166010538","66415946010538",2005,39,119,2977,5716,2005,3,1,"","",2006-05-23,"10538","",,""
"62365167010538","66415946010538",2005,39,119,2977,5723,2005,3,1,"","",2006-05-23,"10538","",,""
"62365172010538","66415946010538",2005,39,119,2977,5900,2005,1,1,"","",2006-05-23,"10538","",,""
"62365168010538","66415946010538",2005,39,119,2977,6706,2005,3,1,"","",2006-05-23,"10538","",,""
"62365169010538","66415946010538",2005,39,119,2977,6708,2005,3,1,"","",2006-05-23,"10538","",,""
"62365170010538","66415946010538",2005,39,119,2977,6808,2005,1,1,"","",2006-05-23,"10538","",,""
"62365171010538","66415946010538",2005,39,119,2977,6809,2005,3,1,"","",2006-05-23,"10538","",,""
"62365173010538","66415946010538",2005,39,119,2977,6900,2005,1,1,"","",2006-05-23,"10538","",,""
"62365149010538","66416953010538",2005,39,129,4055,803,2005,3,1,"","",2006-05-23,"10538","",,""
"62365150010538","66416953010538",2005,39,129,4055,2601,2005,3,1,"","",2006-05-23,"10538","",,""
"62365151010538","66416953010538",2005,39,129,4055,4201,2005,3,1,"","",2006-05-23,"10538","",,""
"62365152010538","66416953010538",2005,39,129,4055,5314,2005,3,1,"","",2006-05-23,"10538","",,""
"62365153010538","66416953010538",2005,39,129,4055,5614,2005,3,1,"","",2006-05-23,"10538","",,""
"62365154010538","66416953010538",2005,39,129,4055,5716,2005,3,1,"","",2006-05-23,"10538","",,""
"62365155010538","66416953010538",2005,39,129,4055,5723,2005,3,1,"","",2006-05-23,"10538","",,""
"62365159010538","66416953010538",2005,39,129,4055,5801,2005,3,1,"","",2006-05-23,"10538","",,""
"62365156010538","66416953010538",2005,39,129,4055,6705,2005,3,1,"","",2006-05-23,"10538","",,""
"62365157010538","66416953010538",2005,39,129,4055,6708,2005,2,1,"","",2006-05-23,"10538","",,""
"62365158010538","66416953010538",2005,39,129,4055,6809,2005,2,1,"","",2006-05-23,"10538","",,""
"62365093010538","66419770010538",2005,39,145,2326,2601,2005,3,1,"","",2006-05-23,"10538","",,""
"62365148010538","66416953010538",2005,39,129,4055,8301,2005,3,1,"","",2006-05-23,"10538","",,""
"62365091010538","66419770010538",2005,39,145,2326,803,2005,3,1,"","",2006-05-23,"10538","",,""
"62365092010538","66419770010538",2005,39,145,2326,1211,2005,3,1,"","",2006-05-23,"10538","",,""
"62365094010538","66419770010538",2005,39,145,2326,2816,2005,1,1,"","",2006-05-23,"10538","",,""
"62365095010538","66419770010538",2005,39,145,2326,4201,2005,3,1,"","",2006-05-23,"10538","",,""
"62365096010538","66419770010538",2005,39,145,2326,5314,2005,3,1,"","",2006-05-23,"10538","",,""
"62365102010538","66419770010538",2005,39,145,2326,6809,2005,1,1,"","",2006-05-23,"10538","",,""
"62365097010538","66419770010538",2005,39,145,2326,5613,2005,3,1,"","",2006-05-23,"10538","",,""
"62365098010538","66419770010538",2005,39,145,2326,5614,2005,3,1,"","",2006-05-23,"10538","",,""
"62365099010538","66419770010538",2005,39,145,2326,5716,2005,3,1,"","",2006-05-23,"10538","",,""
"62365100010538","66419770010538",2005,39,145,2326,6705,2005,3,1,"","",2006-05-23,"10538","",,""
"62365101010538","66419770010538",2005,39,145,2326,6708,2005,3,1,"","",2006-05-23,"10538","",,""
"62365103010538","66419770010538",2005,39,145,2326,8000,2005,1,1,"","",2006-05-23,"10538","",,""
"62365265010538","66420013010538",2005,39,147,4936,5700,2005,2,1,"","",2006-05-23,"10538","",,""
"62365116010538","66422502010538",2005,39,163,2417,803,2005,3,1,"","",2006-05-23,"10538","",,""
"62365117010538","66422502010538",2005,39,163,2417,1211,2005,3,1,"","",2006-05-23,"10538","",,""
"62365118010538","66422502010538",2005,39,163,2417,2601,2005,3,1,"","",2006-05-23,"10538","",,""
"62365119010538","66422502010538",2005,39,163,2417,2816,2005,3,1,"","",2006-05-23,"10538","",,""
"62365120010538","66422502010538",2005,39,163,2417,4201,2005,3,1,"","",2006-05-23,"10538","",,""
"62365121010538","66422502010538",2005,39,163,2417,4202,2005,1,1,"","",2006-05-23,"10538","",,""
"62365122010538","66422502010538",2005,39,163,2417,4805,2005,2,1,"","",2006-05-23,"10538","",,""
"62365123010538","66422502010538",2005,39,163,2417,5314,2005,3,1,"","",2006-05-23,"10538","",,""
"62365124010538","66422502010538",2005,39,163,2417,5613,2005,2,1,"","",2006-05-23,"10538","",,""
"62365125010538","66422502010538",2005,39,163,2417,5614,2005,3,1,"","",2006-05-23,"10538","",,""
"62365126010538","66422502010538",2005,39,163,2417,5704,2005,3,1,"","",2006-05-23,"10538","",,""
"62365127010538","66422502010538",2005,39,163,2417,5716,2005,3,1,"","",2006-05-23,"10538","",,""
"62365128010538","66422502010538",2005,39,163,2417,6706,2005,3,1,"","",2006-05-23,"10538","",,""
"62365129010538","66422502010538",2005,39,163,2417,6708,2005,3,1,"","",2006-05-23,"10538","",,""
"62365130010538","66422502010538",2005,39,163,2417,6808,2005,3,1,"","",2006-05-23,"10538","",,""
"62365131010538","66422502010538",2005,39,163,2417,6809,2005,3,1,"","",2006-05-23,"10538","",,""
"62365185010538","66422980010538",2005,39,165,2886,2601,2005,3,1,"","",2006-05-23,"10538","",,""
"62365186010538","66422980010538",2005,39,165,2886,4806,2005,3,1,"","",2006-05-23,"10538","",,""
"62365187010538","66422980010538",2005,39,165,2886,5613,2005,3,1,"","",2006-05-23,"10538","",,""
"62365188010538","66422980010538",2005,39,165,2886,5614,2005,3,1,"","",2006-05-23,"10538","",,""
"62365189010538","66422980010538",2005,39,165,2886,5716,2005,3,1,"","",2006-05-23,"10538","",,""
"62365190010538","66422980010538",2005,39,165,2886,5723,2005,3,1,"","",2006-05-23,"10538","",,""
"62365191010538","66422980010538",2005,39,165,2886,6705,2005,1,1,"","",2006-05-23,"10538","",,""
"62365192010538","66422980010538",2005,39,165,2886,6708,2005,3,1,"","",2006-05-23,"10538","",,""
"62365184010538","66422980010538",2005,39,165,2886,8301,2005,3,1,"","",2006-05-23,"10538","",,""
