"CN","PLT_CN","INVYR","STATECD","COUNTYCD","O3PLOT","FIELD_ID","SPLIT_PLOTID","SMPKNDCD","MEASDAY","MEASMON","MEASYEAR","PLTSIZE","ASPECT","TERRPOS","SOILDPTH","SOILDRN","PLTDSTRB","CRWTYPCD","PLOTWET","INJCHECK","GRIDDEN","CREATED_BY","CREATED_DATE","CREATED_IN_INSTANCE","MODIFIED_BY","MODIFIED_DATE","MODIFIED_IN_INSTANCE"
"1974075000333","159626659010661",1997,39,1,11491,1149,1,1,12,8,1997,2,20,3,1,1,0,1,,0,,"",2008-06-20,"10661","",2010-09-10,"10661"
"1974076000333","159626661010661",1997,39,5,9191,919,1,1,4,8,1997,2,90,1,1,1,0,1,,0,,"",2008-06-20,"10661","",2010-09-10,"10661"
"1974077000333","159626663010661",1997,39,29,9611,961,1,1,19,8,1997,2,0,2,1,1,0,1,,0,,"",2008-06-20,"10661","",2010-09-10,"10661"
"1974078000333","159626665010661",1997,39,67,10341,1034,1,1,19,8,1997,2,90,1,1,1,0,1,,0,,"",2008-06-20,"10661","",2010-09-10,"10661"
"1974079000333","159626667010661",1997,39,69,3461,346,1,1,18,8,1997,2,0,5,1,1,0,1,,0,,"",2008-06-20,"10661","",2010-09-10,"10661"
"1974080000333","159626669010661",1997,39,73,2051,205,1,1,29,7,1997,2,120,1,1,1,0,1,,0,,"",2008-06-20,"10661","",2010-09-10,"10661"
"1974081000333","159626671010661",1997,39,79,1841,184,1,1,5,8,1997,2,2,5,1,1,0,1,,0,,"",2008-06-20,"10661","",2010-09-10,"10661"
"1974082000333","159626673010661",1997,39,81,8041,804,1,1,19,8,1997,3,10,1,1,1,0,1,,0,,"",2008-06-20,"10661","",2010-09-10,"10661"
"1974083000333","159626675010661",1997,39,87,301,30,1,1,11,8,1997,2,180,1,1,1,0,1,,0,,"",2008-06-20,"10661","",2010-09-10,"10661"
"1974084000333","159626677010661",1997,39,105,2421,242,1,1,14,8,1997,1,180,1,1,1,0,1,,0,,"",2008-06-20,"10661","",2010-09-10,"10661"
"1974085000333","159626679010661",1997,39,119,5291,529,1,1,8,8,1997,1,0,5,1,1,0,1,,0,,"",2008-06-20,"10661","",2010-09-10,"10661"
"1974086000333","159626681010661",1997,39,127,10451,1045,1,1,7,8,1997,2,0,5,2,3,1,1,,0,,"",2008-06-20,"10661","",2010-09-10,"10661"
"1974087000333","159626683010661",1997,39,131,4601,460,1,1,12,8,1997,2,0,1,1,3,0,1,,0,,"",2008-06-20,"10661","",2010-09-10,"10661"
"1974089000333","159626687010661",1997,39,141,3841,384,1,1,12,8,1997,1,180,3,1,1,0,1,,0,,"",2008-06-20,"10661","",2010-09-10,"10661"
"1974088000333","159626685010661",1997,39,141,14121,1412,1,1,15,8,1997,2,20,1,1,1,0,1,,0,,"",2008-06-20,"10661","",2010-09-10,"10661"
"1974091000333","159626691010661",1997,39,145,451,45,1,1,6,8,1997,2,180,1,1,3,0,1,,0,,"",2008-06-20,"10661","",2010-09-10,"10661"
"1974090000333","159626689010661",1997,39,145,1531,153,1,1,6,8,1997,2,30,5,1,1,2,1,,0,,"",2008-06-20,"10661","",2010-09-10,"10661"
"1974093000333","159626695010661",1997,39,163,1141,114,1,1,5,8,1997,2,30,1,1,3,2,1,,0,,"",2008-06-20,"10661","",2010-09-10,"10661"
"1974092000333","159626693010661",1997,39,163,1921,192,1,1,5,8,1997,2,0,5,1,1,0,1,,0,,"",2008-06-20,"10661","",2010-09-10,"10661"
"1974454000333","159626109010661",1998,39,1,11491,1149,1,2,17,8,1998,2,270,3,1,1,0,1,,0,,"",2008-06-20,"10661","",2010-09-10,"10661"
"1974455000333","159626111010661",1998,39,5,9191,919,1,2,13,8,1998,2,0,1,1,1,0,1,,0,,"",2008-06-20,"10661","",2010-09-10,"10661"
"1974456000333","159626113010661",1998,39,29,9611,961,1,2,6,8,1998,2,0,1,1,1,0,1,,0,,"",2008-06-20,"10661","",2010-09-10,"10661"
"1974457000333","159626115010661",1998,39,67,10341,1034,1,2,5,8,1998,1,122,1,2,1,0,1,,0,,"",2008-06-20,"10661","",2010-09-10,"10661"
"1974458000333","159626117010661",1998,39,69,3461,346,1,2,5,8,1998,2,0,5,1,1,0,1,,0,,"",2008-06-20,"10661","",2010-09-10,"10661"
"1974459000333","159626119010661",1998,39,73,2051,205,1,2,18,8,1998,2,140,5,1,2,0,1,,0,,"",2008-06-20,"10661","",2010-09-10,"10661"
"1974460000333","159626121010661",1998,39,79,1841,184,1,2,13,8,1998,2,160,1,1,1,0,1,,0,,"",2008-06-20,"10661","",2010-09-10,"10661"
"1974461000333","159626123010661",1998,39,81,8041,804,1,2,5,8,1998,1,0,5,2,1,0,1,,0,,"",2008-06-20,"10661","",2010-09-10,"10661"
"1974462000333","159626125010661",1998,39,87,301,30,1,2,18,8,1998,2,0,1,1,1,0,1,,0,,"",2008-06-20,"10661","",2010-09-10,"10661"
"1974463000333","159626127010661",1998,39,105,2421,242,1,2,14,8,1998,2,0,5,1,1,0,1,,0,,"",2008-06-20,"10661","",2010-09-10,"10661"
"1974464000333","159626129010661",1998,39,119,5291,529,1,2,4,8,1998,2,0,5,1,1,0,1,,0,,"",2008-06-20,"10661","",2010-09-10,"10661"
"1974465000333","159626131010661",1998,39,127,10451,1045,1,2,4,8,1998,2,0,5,1,1,0,1,,0,,"",2008-06-20,"10661","",2010-09-10,"10661"
"1974466000333","159626133010661",1998,39,131,4601,460,1,2,17,8,1998,2,90,1,1,1,0,1,,0,,"",2008-06-20,"10661","",2010-09-10,"10661"
"1974468000333","159626137010661",1998,39,141,3841,384,1,2,17,8,1998,3,0,5,1,1,0,1,,0,,"",2008-06-20,"10661","",2010-09-10,"10661"
"1974467000333","159626135010661",1998,39,141,14121,1412,1,2,17,8,1998,2,360,3,1,1,0,1,,0,,"",2008-06-20,"10661","",2010-09-10,"10661"
"1974470000333","159626141010661",1998,39,145,451,45,1,2,21,8,1998,2,0,1,1,1,0,1,,0,,"",2008-06-20,"10661","",2010-09-10,"10661"
"1974469000333","159626139010661",1998,39,145,1531,153,1,2,21,8,1998,2,0,5,1,3,1,1,,0,,"",2008-06-20,"10661","",2010-09-10,"10661"
"1974472000333","159626145010661",1998,39,163,1141,114,1,2,13,8,1998,2,200,1,1,1,0,1,,0,,"",2008-06-20,"10661","",2010-09-10,"10661"
"1974471000333","159626143010661",1998,39,163,1921,192,1,2,13,8,1998,2,0,5,1,2,0,1,,0,,"",2008-06-20,"10661","",2010-09-10,"10661"
"1975909000333","159623787010661",1999,39,1,11491,1149,1,2,18,8,1999,2,270,3,1,1,0,1,,0,,"",2008-06-20,"10661","",2010-09-10,"10661"
"1975911000333","159623789010661",1999,39,5,9191,919,1,2,12,8,1999,2,0,1,1,1,0,1,,0,,"",2008-06-20,"10661","",2010-09-10,"10661"
"1975913000333","159623791010661",1999,39,67,10341,1034,1,2,20,8,1999,1,122,1,2,1,0,1,,0,,"",2008-06-20,"10661","",2010-09-10,"10661"
"1975915000333","159623793010661",1999,39,69,3461,346,1,2,13,8,1999,2,0,5,1,2,0,1,,0,,"",2008-06-20,"10661","",2010-09-10,"10661"
"1975916000333","159623795010661",1999,39,73,2051,205,1,2,18,8,1999,2,140,1,1,2,0,1,,0,,"",2008-06-20,"10661","",2010-09-10,"10661"
"1975918000333","159623797010661",1999,39,79,1841,184,1,2,20,8,1999,2,0,5,1,1,1,1,,0,,"",2008-06-20,"10661","",2010-09-10,"10661"
"1975920000333","159623799010661",1999,39,81,8041,804,1,2,20,8,1999,1,0,5,2,1,0,1,,0,,"",2008-06-20,"10661","",2010-09-10,"10661"
"1975922000333","159623801010661",1999,39,87,301,30,1,2,17,8,1999,2,0,1,1,1,0,1,,0,,"",2008-06-20,"10661","",2010-09-10,"10661"
"1975924000333","159623803010661",1999,39,105,2421,242,1,2,20,8,1999,2,160,1,1,1,0,1,,0,,"",2008-06-20,"10661","",2010-09-10,"10661"
"1975925000333","159623805010661",1999,39,119,5291,529,1,2,11,8,1999,2,0,5,1,1,0,1,,0,,"",2008-06-20,"10661","",2010-09-10,"10661"
"1975927000333","159623807010661",1999,39,127,10451,1045,1,2,19,8,1999,2,0,5,1,1,0,1,,0,,"",2008-06-20,"10661","",2010-09-10,"10661"
"1975929000333","159623809010661",1999,39,131,4601,460,1,2,18,8,1999,2,90,1,1,1,0,1,,0,,"",2008-06-20,"10661","",2010-09-10,"10661"
"1975932000333","159623813010661",1999,39,141,3841,384,1,2,17,8,1999,3,0,5,1,1,0,1,,0,,"",2008-06-20,"10661","",2010-09-10,"10661"
"1975931000333","159623811010661",1999,39,141,14121,1412,1,2,19,8,1999,2,360,3,1,1,0,1,,0,,"",2008-06-20,"10661","",2010-09-10,"10661"
"1975936000333","159622591010661",1999,39,145,451,45,1,2,18,8,1999,2,0,1,1,1,0,1,,0,,"",2008-06-20,"10661","",2010-09-10,"10661"
"1975934000333","159622589010661",1999,39,145,1531,153,1,2,18,8,1999,2,0,5,1,1,0,1,,0,,"",2008-06-20,"10661","",2010-09-10,"10661"
"1975940000333","159622595010661",1999,39,163,1141,114,1,2,18,8,1999,2,200,1,1,1,0,1,,0,,"",2008-06-20,"10661","",2010-09-10,"10661"
"1975938000333","159622593010661",1999,39,163,1921,192,1,2,18,8,1999,2,0,5,1,2,0,1,,0,,"",2008-06-20,"10661","",2010-09-10,"10661"
"1979869000333","159622401010661",2000,39,1,11491,1149,1,2,1,8,2000,3,0,5,1,1,0,1,,0,,"",2008-06-20,"10661","",2010-09-10,"10661"
"1979870000333","159622403010661",2000,39,5,9191,919,1,2,14,8,2000,1,0,1,1,1,0,1,,0,,"",2008-06-20,"10661","",2010-09-10,"10661"
"1979871000333","159622405010661",2000,39,29,9611,961,1,2,14,8,2000,2,0,1,1,1,0,1,,0,,"",2008-06-20,"10661","",2010-09-10,"10661"
"1979872000333","159622407010661",2000,39,67,10341,1034,1,2,14,8,2000,1,122,1,2,1,0,1,,0,,"",2008-06-20,"10661","",2010-09-10,"10661"
"1979873000333","159622409010661",2000,39,69,3461,346,1,2,15,8,2000,2,0,5,1,1,0,1,,0,,"",2008-06-20,"10661","",2010-09-10,"10661"
"1979874000333","159622411010661",2000,39,73,2051,205,1,2,2,8,2000,2,120,1,1,1,0,1,,0,,"",2008-06-20,"10661","",2010-09-10,"10661"
"1979875000333","159622413010661",2000,39,79,1841,184,1,2,2,8,2000,2,0,5,1,1,0,1,,0,,"",2008-06-20,"10661","",2010-09-10,"10661"
"1979876000333","159622415010661",2000,39,81,8041,804,1,2,14,8,2000,1,0,1,1,1,0,1,,0,,"",2008-06-20,"10661","",2010-09-10,"10661"
"1979877000333","159622417010661",2000,39,87,301,30,1,2,2,8,2000,3,0,1,1,1,0,1,,0,,"",2008-06-20,"10661","",2010-09-10,"10661"
"1979878000333","159622419010661",2000,39,105,2421,242,1,2,8,8,2000,1,180,1,1,1,0,1,,0,,"",2008-06-20,"10661","",2010-09-10,"10661"
"1979879000333","159622421010661",2000,39,119,5291,529,1,2,8,8,2000,1,0,5,1,1,0,1,,0,,"",2008-06-20,"10661","",2010-09-10,"10661"
"1979880000333","159622423010661",2000,39,127,10451,1045,1,2,8,8,2000,2,360,5,2,3,0,1,,0,,"",2008-06-20,"10661","",2010-09-10,"10661"
"1979881000333","159622425010661",2000,39,131,4601,460,1,2,1,8,2000,2,0,1,1,1,0,1,,0,,"",2008-06-20,"10661","",2010-09-10,"10661"
"1979883000333","159622429010661",2000,39,141,3841,384,1,2,4,8,2000,2,0,5,1,1,0,1,,0,,"",2008-06-20,"10661","",2010-09-10,"10661"
"1979882000333","159622427010661",2000,39,141,10141,1014,1,1,4,8,2000,2,0,1,1,1,0,1,,0,,"",2008-06-20,"10661","",2010-09-10,"10661"
"1979885000333","159622433010661",2000,39,145,451,45,1,2,1,8,2000,3,0,1,1,1,0,1,,0,,"",2008-06-20,"10661","",2010-09-10,"10661"
"1979884000333","159622431010661",2000,39,145,1531,153,1,2,1,8,2000,2,0,5,1,1,0,1,,0,,"",2008-06-20,"10661","",2010-09-10,"10661"
"1979887000333","159622437010661",2000,39,163,1141,114,1,2,2,8,2000,2,0,1,1,1,0,1,,0,,"",2008-06-20,"10661","",2010-09-10,"10661"
"1979886000333","159622435010661",2000,39,163,1921,192,1,2,2,8,2000,2,90,3,1,1,0,1,,0,,"",2008-06-20,"10661","",2010-09-10,"10661"
"1979320000333","159621023010661",2001,39,1,3921,392,1,1,23,8,2001,2,0,4,1,1,0,1,,0,,"",2008-06-20,"10661","",2010-09-10,"10661"
"1979321000333","159621025010661",2001,39,7,7431,743,1,1,23,8,2001,2,0,4,1,2,0,1,,0,,"",2008-06-20,"10661","",2010-09-10,"10661"
"1979322000333","159621027010661",2001,39,13,8321,832,1,1,22,8,2001,2,315,3,1,1,0,1,,0,,"",2008-06-20,"10661","",2010-09-10,"10661"
"1979323000333","159621029010661",2001,39,15,6481,648,1,1,23,8,2001,2,0,4,1,2,0,1,,1,,"",2008-06-20,"10661","",2010-09-10,"10661"
"1979324000333","159621031010661",2001,39,37,14591,1459,1,1,22,8,2001,2,0,4,1,1,0,1,,1,,"",2008-06-20,"10661","",2010-09-10,"10661"
"1979325000333","159621033010661",2001,39,41,2511,251,1,1,7,8,2001,2,0,5,1,1,0,1,,0,,"",2008-06-20,"10661","",2010-09-10,"10661"
"1979326000333","159621035010661",2001,39,41,8681,868,1,1,21,8,2001,1,0,4,1,1,0,1,,1,,"",2008-06-20,"10661","",2010-09-10,"10661"
"1979327000333","159621037010661",2001,39,43,9581,958,1,1,21,8,2001,1,0,4,1,2,0,1,,1,,"",2008-06-20,"10661","",2010-09-10,"10661"
"1979328000333","159621039010661",2001,39,47,12131,1213,1,1,22,8,2001,1,0,4,1,1,0,1,,0,,"",2008-06-20,"10661","",2010-09-10,"10661"
"1979329000333","159621041010661",2001,39,57,14351,1435,1,1,22,8,2001,2,0,4,1,1,0,1,,1,,"",2008-06-20,"10661","",2010-09-10,"10661"
"1979330000333","159621043010661",2001,39,59,4441,444,1,1,23,8,2001,2,80,3,1,1,0,1,,0,,"",2008-06-20,"10661","",2010-09-10,"10661"
"1979331000333","159621045010661",2001,39,71,8741,874,1,1,23,8,2001,2,0,4,1,1,0,1,,1,,"",2008-06-20,"10661","",2010-09-10,"10661"
"1979332000333","159621047010661",2001,39,73,12521,1252,1,1,1,8,2001,2,0,1,1,1,0,1,,0,,"",2008-06-20,"10661","",2010-09-10,"10661"
"1979333000333","159621049010661",2001,39,77,13861,1386,1,1,20,8,2001,1,0,4,1,1,0,1,,0,,"",2008-06-20,"10661","",2010-09-10,"10661"
"1979334000333","159621051010661",2001,39,79,3701,370,1,1,24,8,2001,2,0,4,1,1,0,1,,0,,"",2008-06-20,"10661","",2010-09-10,"10661"
"1979335000333","159621053010661",2001,39,83,12991,1299,1,1,31,7,2001,2,192,1,1,1,0,1,,0,,"",2008-06-20,"10661","",2010-09-10,"10661"
"1979336000333","159621055010661",2001,39,85,2351,235,1,1,24,8,2001,2,0,4,1,1,0,1,,1,,"",2008-06-20,"10661","",2010-09-10,"10661"
"1979337000333","159621057010661",2001,39,103,4691,469,1,1,21,8,2001,2,0,4,1,1,0,1,,0,,"",2008-06-20,"10661","",2010-09-10,"10661"
"1979338000333","159621059010661",2001,39,103,5321,532,1,1,20,8,2001,1,0,4,1,2,0,1,,1,,"",2008-06-20,"10661","",2010-09-10,"10661"
"1979339000333","159621061010661",2001,39,105,7461,746,1,1,24,8,2001,2,0,3,1,1,0,1,,0,,"",2008-06-20,"10661","",2010-09-10,"10661"
"1979340000333","159621063010661",2001,39,111,10871,1087,1,1,22,8,2001,1,150,3,1,1,0,1,,0,,"",2008-06-20,"10661","",2010-09-10,"10661"
"1979341000333","159621065010661",2001,39,119,11801,1180,1,1,21,8,2001,2,0,4,1,1,0,1,,0,,"",2008-06-20,"10661","",2010-09-10,"10661"
"1979342000333","159621067010661",2001,39,131,8671,867,1,1,23,8,2001,2,0,4,1,1,0,1,,1,,"",2008-06-20,"10661","",2010-09-10,"10661"
"1979343000333","159621069010661",2001,39,133,311,31,1,1,10,8,2001,2,0,1,1,1,0,1,,0,,"",2008-06-20,"10661","",2010-09-10,"10661"
"1979344000333","159621071010661",2001,39,135,2871,287,1,1,22,8,2001,2,0,1,1,1,0,1,,1,,"",2008-06-20,"10661","",2010-09-10,"10661"
"1979345000333","159621073010661",2001,39,145,13481,1348,1,1,16,8,2001,2,0,4,1,1,0,1,,1,,"",2008-06-20,"10661","",2010-09-10,"10661"
"1979347000333","159621077010661",2001,39,151,4531,453,1,1,23,8,2001,1,0,4,1,1,0,1,,0,,"",2008-06-20,"10661","",2010-09-10,"10661"
"1979346000333","159621075010661",2001,39,151,13541,1354,1,1,22,8,2001,1,140,3,1,1,0,1,,1,,"",2008-06-20,"10661","",2010-09-10,"10661"
"1979348000333","159621079010661",2001,39,157,8191,819,1,1,23,8,2001,1,0,4,1,1,0,1,,0,,"",2008-06-20,"10661","",2010-09-10,"10661"
"1979349000333","159621081010661",2001,39,163,5741,574,1,1,23,8,2001,2,50,3,1,1,0,1,,1,,"",2008-06-20,"10661","",2010-09-10,"10661"
"1979350000333","159621083010661",2001,39,167,10111,1011,1,1,8,8,2001,1,0,2,1,2,0,1,,0,,"",2008-06-20,"10661","",2010-09-10,"10661"
"1979351000333","159621085010661",2001,39,169,12741,1274,1,1,21,8,2001,2,60,1,1,1,0,1,,0,,"",2008-06-20,"10661","",2010-09-10,"10661"
"1979352000333","159621087010661",2001,39,173,9181,918,1,1,21,8,2001,1,0,4,1,1,0,1,,0,,"",2008-06-20,"10661","",2010-09-10,"10661"
"1979353000333","159621089010661",2001,39,175,6571,657,1,1,21,8,2001,2,0,4,1,1,0,1,,0,,"",2008-06-20,"10661","",2010-09-10,"10661"
"1990212000333","159624539010661",2002,39,1,3921,392,1,2,14,8,2002,1,220,4,1,1,0,1,,0,1,"",2008-06-20,"10661","",2010-06-28,"10661"
"1990213000333","159624541010661",2002,39,7,7431,743,1,2,22,8,2002,1,0,4,1,2,0,1,,0,1,"",2008-06-20,"10661","",2010-06-28,"10661"
"1990214000333","159624543010661",2002,39,13,15641,1564,1,1,15,8,2002,1,285,3,1,1,0,1,,0,1,"",2008-06-20,"10661","",2010-06-28,"10661"
"1990215000333","159624545010661",2002,39,15,6481,648,1,2,16,8,2002,1,188,3,1,3,0,1,,0,1,"",2008-06-20,"10661","",2010-06-28,"10661"
"1990216000333","159624547010661",2002,39,37,4851,485,1,1,15,8,2002,1,80,1,1,1,0,1,,0,1,"",2008-06-20,"10661","",2010-06-28,"10661"
"1990217000333","159624549010661",2002,39,41,8681,868,1,2,13,8,2002,1,0,4,1,1,0,1,,0,1,"",2008-06-20,"10661","",2010-06-28,"10661"
"1990218000333","159624551010661",2002,39,41,8921,892,1,1,14,8,2002,1,330,4,1,1,0,1,,0,1,"",2008-06-20,"10661","",2010-06-28,"10661"
"1990219000333","159624553010661",2002,39,43,9581,958,1,2,28,8,2002,1,0,4,1,1,0,1,,0,1,"",2008-06-20,"10661","",2010-06-28,"10661"
"1990220000333","159624555010661",2002,39,47,12131,1213,1,2,14,8,2002,1,90,3,1,1,0,1,,0,1,"",2008-06-20,"10661","",2010-06-28,"10661"
"1990221000333","159624557010661",2002,39,57,14351,1435,1,2,15,8,2002,1,98,4,1,3,0,1,,0,1,"",2008-06-20,"10661","",2010-06-28,"10661"
"1990222000333","159624559010661",2002,39,59,3181,318,1,1,15,8,2002,1,15,3,1,1,0,1,,0,1,"",2008-06-20,"10661","",2010-06-28,"10661"
"1990223000333","159624561010661",2002,39,71,8741,874,1,2,14,8,2002,1,357,4,1,1,0,1,,0,1,"",2008-06-20,"10661","",2010-06-28,"10661"
"1990224000333","159624563010661",2002,39,73,1881,188,1,1,12,8,2002,2,277,1,1,1,0,1,,1,1,"",2008-06-20,"10661","",2010-06-28,"10661"
"1990225000333","159624565010661",2002,39,77,13861,1386,1,2,28,8,2002,1,0,4,1,1,0,1,,0,1,"",2008-06-20,"10661","",2010-06-28,"10661"
"1990226000333","159624567010661",2002,39,79,3701,370,1,2,27,8,2002,1,0,5,1,1,0,1,,0,1,"",2008-06-20,"10661","",2010-06-28,"10661"
"1990227000333","159624569010661",2002,39,85,2351,235,1,2,22,8,2002,1,0,4,1,1,0,1,,0,1,"",2008-06-20,"10661","",2010-06-28,"10661"
"1990228000333","159624571010661",2002,39,89,1221,122,1,1,14,8,2002,1,0,4,1,1,0,1,,0,1,"",2008-06-20,"10661","",2010-06-28,"10661"
"1990229000333","159624573010661",2002,39,99,1461,146,1,1,27,8,2002,1,0,4,1,1,0,1,,0,1,"",2008-06-20,"10661","",2010-06-28,"10661"
"1990230000333","159624575010661",2002,39,103,5321,532,1,2,27,8,2002,1,0,4,1,1,0,1,,0,1,"",2008-06-20,"10661","",2010-06-28,"10661"
"1990231000333","159624577010661",2002,39,103,6151,615,1,1,27,8,2002,1,0,4,1,1,0,1,,0,1,"",2008-06-20,"10661","",2010-06-28,"10661"
"1990232000333","159624579010661",2002,39,105,7461,746,1,2,27,8,2002,1,70,1,1,1,0,1,,0,1,"",2008-06-20,"10661","",2010-06-28,"10661"
"1990233000333","159624581010661",2002,39,111,4841,484,1,1,14,8,2002,1,130,3,1,1,0,1,,1,1,"",2008-06-20,"10661","",2010-06-28,"10661"
"1990234000333","159624583010661",2002,39,119,11801,1180,1,2,14,8,2002,2,0,1,1,1,0,1,,0,1,"",2008-06-20,"10661","",2010-06-28,"10661"
"1990235000333","159624585010661",2002,39,131,8671,867,1,2,12,8,2002,1,0,4,1,1,0,1,,0,1,"",2008-06-20,"10661","",2010-06-28,"10661"
"1990236000333","159624587010661",2002,39,135,2871,287,1,2,15,8,2002,1,60,4,1,1,0,1,,0,1,"",2008-06-20,"10661","",2010-06-28,"10661"
"1990237000333","159624589010661",2002,39,145,4511,451,1,1,13,8,2002,1,277,3,1,1,0,1,,1,1,"",2008-06-20,"10661","",2010-06-28,"10661"
"1990239000333","159624593010661",2002,39,151,4531,453,1,2,28,8,2002,1,0,4,1,1,0,1,,0,1,"",2008-06-20,"10661","",2010-06-28,"10661"
"1990238000333","159624591010661",2002,39,151,10621,1062,1,1,12,8,2002,1,125,3,1,1,0,1,,0,1,"",2008-06-20,"10661","",2010-06-28,"10661"
"1990240000333","159624595010661",2002,39,157,8191,819,1,2,12,8,2002,1,200,3,1,1,0,1,,1,1,"",2008-06-20,"10661","",2010-06-28,"10661"
"1990241000333","159624597010661",2002,39,163,5741,574,1,2,27,8,2002,1,52,3,1,1,0,1,,0,1,"",2008-06-20,"10661","",2010-06-28,"10661"
"1990242000333","159624599010661",2002,39,167,10411,1041,1,1,26,8,2002,1,171,1,1,1,0,1,,0,1,"",2008-06-20,"10661","",2010-06-28,"10661"
"54209781010538","65379587010538",2003,39,1,3921,392,1,2,5,8,2003,1,0,3,1,1,0,1,,0,1,"",2007-01-26,"10538","",2010-06-28,"10661"
"1990243000333","159624601010661",2002,39,169,4701,470,1,1,13,8,2002,1,0,2,1,1,0,1,,0,1,"",2008-06-20,"10661","",2010-06-28,"10661"
"1990244000333","159624603010661",2002,39,173,9181,918,1,2,28,8,2002,2,0,4,1,1,0,1,,0,1,"",2008-06-20,"10661","",2010-06-28,"10661"
"1990245000333","159624605010661",2002,39,175,6571,657,1,2,13,8,2002,1,0,1,1,1,0,1,,0,1,"",2008-06-20,"10661","",2010-06-28,"10661"
"54211617010538","65379589010538",2003,39,7,7431,743,1,2,20,8,2003,2,0,4,1,1,0,1,,0,1,"",2007-01-26,"10538","",2010-06-28,"10661"
"54210283010538","65379591010538",2003,39,13,15641,1564,1,2,18,8,2003,1,230,3,1,1,0,1,,0,1,"",2007-01-26,"10538","",2010-06-28,"10661"
"54210387010538","65379593010538",2003,39,15,6481,648,1,2,6,8,2003,2,0,3,1,1,0,1,,0,1,"",2007-01-26,"10538","",2010-06-28,"10661"
"54210870010538","65379595010538",2003,39,37,4851,485,1,2,7,8,2003,1,0,4,1,1,0,1,,0,1,"",2007-01-26,"10538","",2010-06-28,"10661"
"54210854010538","65379597010538",2003,39,41,8681,868,1,2,14,8,2003,1,0,4,1,1,0,1,,0,1,"",2007-01-26,"10538","",2010-06-28,"10661"
"54210877010538","65379599010538",2003,39,41,8921,892,1,2,11,8,2003,1,0,4,1,1,0,1,,0,1,"",2007-01-26,"10538","",2010-06-28,"10661"
"54211656010538","65379601010538",2003,39,43,9581,958,1,2,13,8,2003,1,0,4,1,1,0,1,,0,1,"",2007-01-26,"10538","",2010-06-28,"10661"
"54210373010538","65379603010538",2003,39,47,12131,1213,1,2,7,8,2003,1,75,1,1,1,1,1,,0,1,"",2007-01-26,"10538","",2010-06-28,"10661"
"54210402010538","65379605010538",2003,39,57,14351,1435,1,2,6,8,2003,2,0,1,1,1,0,1,,0,1,"",2007-01-26,"10538","",2010-06-28,"10661"
"54210817010538","65379607010538",2003,39,59,3181,318,1,2,14,8,2003,2,20,3,1,1,0,1,,0,1,"",2007-01-26,"10538","",2010-06-28,"10661"
"54210366010538","65379609010538",2003,39,71,8741,874,1,2,6,8,2003,1,0,4,1,1,0,1,,0,1,"",2007-01-26,"10538","",2010-06-28,"10661"
"54210352010538","65379611010538",2003,39,73,1881,188,1,2,12,8,2003,2,0,1,1,1,0,1,,0,1,"",2007-01-26,"10538","",2010-06-28,"10661"
"54211649010538","65379613010538",2003,39,77,13861,1386,1,2,13,8,2003,1,0,4,1,1,0,1,,0,1,"",2007-01-26,"10538","",2010-06-28,"10661"
"54209761010538","65379615010538",2003,39,79,3701,370,1,2,30,7,2003,1,0,5,1,1,0,1,,0,1,"",2007-01-26,"10538","",2010-06-28,"10661"
"54211636010538","65379617010538",2003,39,85,2351,235,1,2,20,8,2003,1,0,4,1,1,0,1,,0,1,"",2007-01-26,"10538","",2010-06-28,"10661"
"54210846010538","65379619010538",2003,39,89,1221,122,1,2,14,8,2003,1,225,3,1,1,0,1,,0,1,"",2007-01-26,"10538","",2010-06-28,"10661"
"54211609010538","65379621010538",2003,39,99,1461,146,1,2,19,8,2003,1,0,4,1,1,0,1,,0,1,"",2007-01-26,"10538","",2010-06-28,"10661"
"54211624010538","65379623010538",2003,39,103,5321,532,1,2,20,8,2003,1,0,4,1,1,0,1,,0,1,"",2007-01-26,"10538","",2010-06-28,"10661"
"54211643010538","65379625010538",2003,39,103,6151,615,1,2,21,8,2003,1,0,4,1,1,0,1,,0,1,"",2007-01-26,"10538","",2010-06-28,"10661"
"54209716010538","65379627010538",2003,39,105,7461,746,1,2,30,7,2003,1,70,1,1,1,0,1,,0,1,"",2007-01-26,"10538","",2010-06-28,"10661"
"54210330010538","65379629010538",2003,39,111,4841,484,1,2,31,7,2003,2,120,3,1,1,0,1,,0,1,"",2007-01-26,"10538","",2010-06-28,"10661"
"54210360010538","65379631010538",2003,39,119,11801,1180,1,2,4,8,2003,1,0,1,1,1,0,1,,0,1,"",2007-01-26,"10538","",2010-06-28,"10661"
"54210344010538","65379633010538",2003,39,131,8671,867,1,2,5,8,2003,1,240,3,1,1,0,1,,0,1,"",2007-01-26,"10538","",2010-06-28,"10661"
"54210394010538","65379635010538",2003,39,135,2871,287,1,2,6,8,2003,1,0,1,1,1,0,1,,0,1,"",2007-01-26,"10538","",2010-06-28,"10661"
"54209787010538","65379637010538",2003,39,145,4511,451,1,2,30,7,2003,2,0,4,1,1,0,1,,0,1,"",2007-01-26,"10538","",2010-06-28,"10661"
"54210837010538","65379641010538",2003,39,151,4531,453,1,2,19,8,2003,1,0,4,1,1,0,1,,0,1,"",2007-01-26,"10538","",2010-06-28,"10661"
"54210825010538","65379639010538",2003,39,151,10621,1062,1,2,21,8,2003,1,120,3,1,1,0,1,,0,1,"",2007-01-26,"10538","",2010-06-28,"10661"
"54210808010538","65379643010538",2003,39,157,8191,819,1,2,21,8,2003,1,180,3,1,1,0,1,,0,1,"",2007-01-26,"10538","",2010-06-28,"10661"
"54210336010538","65379645010538",2003,39,163,5741,574,1,2,5,8,2003,1,45,3,1,1,0,1,,0,1,"",2007-01-26,"10538","",2010-06-28,"10661"
"54210301010538","65379647010538",2003,39,167,10411,1041,1,3,31,7,2003,2,0,5,1,1,0,1,,0,1,"",2007-01-26,"10538","",2010-06-28,"10661"
"54210863010538","65379649010538",2003,39,169,4701,470,1,2,14,8,2003,1,90,1,1,1,0,1,,0,1,"",2007-01-26,"10538","",2010-06-28,"10661"
"54211674010538","65379651010538",2003,39,173,9181,918,1,2,13,8,2003,2,0,4,1,1,0,1,,0,1,"",2007-01-26,"10538","",2010-06-28,"10661"
"54210885010538","65379653010538",2003,39,175,6571,657,1,2,12,8,2003,1,0,4,1,1,0,1,,0,1,"",2007-01-26,"10538","",2010-06-28,"10661"
"56562953010538","65379785010538",2004,39,1,3921,392,1,2,12,8,2004,1,0,4,1,1,0,1,,0,1,"",2007-01-26,"10538","",2010-06-28,"10661"
"56564854010538","65379787010538",2004,39,7,7431,743,1,2,2,8,2004,1,0,4,1,2,0,1,,0,1,"",2007-01-26,"10538","",2010-06-28,"10661"
"56563396010538","65379789010538",2004,39,13,15641,1564,1,2,5,8,2004,1,230,3,1,1,0,1,,0,1,"",2007-01-26,"10538","",2010-06-28,"10661"
"56563514010538","65379791010538",2004,39,15,6481,648,1,2,11,8,2004,1,0,4,1,1,0,1,,0,1,"",2007-01-26,"10538","",2010-06-28,"10661"
"56564192010538","65379793010538",2004,39,37,4851,485,1,2,28,7,2004,1,0,4,1,1,0,1,,0,1,"",2007-01-26,"10538","",2010-06-28,"10661"
"56564176010538","65379795010538",2004,39,41,8681,868,1,2,29,7,2004,1,0,4,1,1,0,1,,0,1,"",2007-01-26,"10538","",2010-06-28,"10661"
"56564203010538","65379797010538",2004,39,41,8921,892,1,2,28,7,2004,1,0,4,1,1,0,1,,0,1,"",2007-01-26,"10538","",2010-06-28,"10661"
"56564896010538","65379799010538",2004,39,43,9581,958,1,2,27,7,2004,1,0,4,1,1,0,1,,0,1,"",2007-01-26,"10538","",2010-06-28,"10661"
"56563498010538","65379807010538",2004,39,71,8741,874,1,2,11,8,2004,1,0,4,1,1,0,1,,0,1,"",2007-01-26,"10538","",2010-06-28,"10661"
"56563507010538","65379801010538",2004,39,47,12131,1213,1,2,10,8,2004,1,0,4,1,1,0,1,,0,1,"",2007-01-26,"10538","",2010-06-28,"10661"
"56563531010538","65379803010538",2004,39,57,14351,1435,1,2,11,8,2004,1,0,4,1,1,0,1,,0,1,"",2007-01-26,"10538","",2010-06-28,"10661"
"56564135010538","65379805010538",2004,39,59,3181,318,1,2,9,8,2004,2,10,3,1,1,0,1,,0,1,"",2007-01-26,"10538","",2010-06-28,"10661"
"56563470010538","65379809010538",2004,39,73,1881,188,1,2,10,8,2004,2,0,1,1,1,0,1,,0,1,"",2007-01-26,"10538","",2010-06-28,"10661"
"56564888010538","65379811010538",2004,39,77,13861,1386,1,2,29,7,2004,1,0,4,1,1,0,1,,0,1,"",2007-01-26,"10538","",2010-06-28,"10661"
"56562931010538","65379813010538",2004,39,79,3701,370,1,2,12,8,2004,1,0,4,1,1,0,1,,0,1,"",2007-01-26,"10538","",2010-06-28,"10661"
"56564870010538","65379815010538",2004,39,85,2351,235,1,2,2,8,2004,1,0,4,1,1,0,1,,0,1,"",2007-01-26,"10538","",2010-06-28,"10661"
"56564159010538","65379817010538",2004,39,89,1221,122,1,2,2,8,2004,1,240,3,1,1,0,1,,0,1,"",2007-01-26,"10538","",2010-06-28,"10661"
"56564862010538","65379819010538",2004,39,103,5321,532,1,2,2,8,2004,1,0,4,1,1,0,1,,0,1,"",2007-01-26,"10538","",2010-06-28,"10661"
"56564880010538","65379821010538",2004,39,103,6151,615,1,2,29,7,2004,1,0,4,1,1,0,1,,0,1,"",2007-01-26,"10538","",2010-06-28,"10661"
"56562861010538","65379823010538",2004,39,105,7461,746,1,2,16,8,2004,1,75,3,1,1,0,1,,0,1,"",2007-01-26,"10538","",2010-06-28,"10661"
"56563437010538","65379825010538",2004,39,111,4841,484,1,2,5,8,2004,2,140,3,1,1,0,1,,0,1,"",2007-01-26,"10538","",2010-06-28,"10661"
"56563481010538","65379827010538",2004,39,119,11801,1180,1,2,9,8,2004,1,310,1,1,1,0,1,,0,1,"",2007-01-26,"10538","",2010-06-28,"10661"
"56563453010538","65379829010538",2004,39,131,8671,867,1,2,10,8,2004,1,0,4,1,1,0,1,,0,1,"",2007-01-26,"10538","",2010-06-28,"10661"
"56563523010538","65379831010538",2004,39,135,2871,287,1,2,11,8,2004,1,0,4,1,1,0,1,,0,1,"",2007-01-26,"10538","",2010-06-28,"10661"
"56562971010538","65379833010538",2004,39,145,4511,451,1,2,12,8,2004,1,0,4,1,1,0,1,,0,1,"",2007-01-26,"10538","",2010-06-28,"10661"
"56564151010538","65379837010538",2004,39,151,4531,453,1,2,3,8,2004,1,0,4,1,1,0,1,,0,1,"",2007-01-26,"10538","",2010-06-28,"10661"
"56564144010538","65379835010538",2004,39,151,10621,1062,1,2,5,8,2004,1,120,3,1,1,0,1,,0,1,"",2007-01-26,"10538","",2010-06-28,"10661"
"56564845010538","65379839010538",2004,39,155,1461,146,1,3,3,8,2004,1,0,4,1,1,0,1,,0,1,"",2007-01-26,"10538","",2010-06-28,"10661"
"56564125010538","65379841010538",2004,39,157,8191,819,1,2,5,8,2004,1,240,2,1,1,0,1,,0,1,"",2007-01-26,"10538","",2010-06-28,"10661"
"56563446010538","65379843010538",2004,39,163,5741,574,1,3,10,8,2004,1,0,4,1,1,0,1,,0,1,"",2007-01-26,"10538","",2010-06-28,"10661"
"56563413010538","65379845010538",2004,39,167,10411,1041,1,3,16,8,2004,1,0,4,1,1,0,1,,0,1,"",2007-01-26,"10538","",2010-06-28,"10661"
"56564184010538","65379847010538",2004,39,169,4701,470,1,2,2,8,2004,1,45,1,1,1,0,1,,0,1,"",2007-01-26,"10538","",2010-06-28,"10661"
"56564906010538","65379849010538",2004,39,173,9181,918,1,2,27,7,2004,2,0,4,1,1,0,1,,0,1,"",2007-01-26,"10538","",2010-06-28,"10661"
"56564209010538","65379851010538",2004,39,175,6571,657,1,2,26,7,2004,1,0,4,1,1,0,1,,0,1,"",2007-01-26,"10538","",2010-06-28,"10661"
"62053256010538","65380261010538",2005,39,1,3921,392,1,2,2,8,2005,1,0,4,1,1,0,1,,0,1,"",2007-01-26,"10538","",2010-06-28,"10661"
"62054937010538","65380263010538",2005,39,7,7431,743,1,2,10,8,2005,1,0,4,1,1,0,1,,0,1,"",2007-01-26,"10538","",2010-06-28,"10661"
"62053894010538","65380265010538",2005,39,13,15641,1564,1,2,8,8,2005,1,0,4,1,1,0,1,,0,1,"",2007-01-26,"10538","",2010-06-28,"10661"
"62053971010538","65380267010538",2005,39,15,6481,648,1,2,2,8,2005,1,0,4,1,1,0,1,,0,1,"",2007-01-26,"10538","",2010-06-28,"10661"
"62054398010538","65380269010538",2005,39,37,4851,485,1,2,3,8,2005,1,0,4,1,1,0,1,,0,1,"",2007-01-26,"10538","",2010-06-28,"10661"
"62054385010538","65380271010538",2005,39,41,8681,868,1,2,4,8,2005,2,0,4,1,1,0,1,,0,1,"",2007-01-26,"10538","",2010-06-28,"10661"
"62054405010538","65380273010538",2005,39,41,8921,892,1,2,18,8,2005,1,0,4,1,1,0,1,,0,1,"",2007-01-26,"10538","",2010-06-28,"10661"
"62054969010538","65380275010538",2005,39,43,9581,958,1,2,15,8,2005,1,0,4,1,1,0,1,,0,1,"",2007-01-26,"10538","",2010-06-28,"10661"
"62053960010538","65380277010538",2005,39,47,12131,1213,1,2,1,8,2005,1,0,4,1,1,0,1,,0,1,"",2007-01-26,"10538","",2010-06-28,"10661"
"62053983010538","65380279010538",2005,39,57,14351,1435,1,2,2,8,2005,1,0,4,1,1,0,1,,0,1,"",2007-01-26,"10538","",2010-06-28,"10661"
"62054365010538","65380281010538",2005,39,59,3181,318,1,2,8,8,2005,1,12,3,1,1,0,1,,0,1,"",2007-01-26,"10538","",2010-06-28,"10661"
"62053952010538","65380283010538",2005,39,71,8741,874,1,2,2,8,2005,1,0,4,1,1,0,1,,0,1,"",2007-01-26,"10538","",2010-06-28,"10661"
"62053941010538","65380285010538",2005,39,73,1881,188,1,2,27,7,2005,2,0,1,1,1,0,1,,0,1,"",2007-01-26,"10538","",2010-06-28,"10661"
"62054964010538","65380287010538",2005,39,77,13861,1386,1,2,15,8,2005,1,0,4,1,1,0,1,,0,1,"",2007-01-26,"10538","",2010-06-28,"10661"
"62053251010538","65380289010538",2005,39,79,3701,370,1,2,26,7,2005,1,0,4,1,1,0,1,,0,1,"",2007-01-26,"10538","",2010-06-28,"10661"
"62054952010538","65380291010538",2005,39,85,2351,235,1,2,10,8,2005,2,0,4,1,1,0,1,,0,1,"",2007-01-26,"10538","",2010-06-28,"10661"
"62054380010538","65380293010538",2005,39,89,1221,122,1,2,4,8,2005,1,240,3,1,1,0,1,,0,1,"",2007-01-26,"10538","",2010-06-28,"10661"
"62054942010538","65380295010538",2005,39,103,5321,532,1,2,11,8,2005,1,0,4,1,1,0,1,,0,1,"",2007-01-26,"10538","",2010-06-28,"10661"
"62054958010538","65380297010538",2005,39,103,6151,615,1,2,11,8,2005,1,0,4,1,1,0,1,,0,1,"",2007-01-26,"10538","",2010-06-28,"10661"
"62053231010538","65380299010538",2005,39,105,7461,746,1,2,26,7,2005,1,105,1,1,1,0,1,,0,1,"",2007-01-26,"10538","",2010-06-28,"10661"
"62053924010538","65380301010538",2005,39,111,4841,484,1,2,9,8,2005,2,140,3,1,1,0,1,,0,1,"",2007-01-26,"10538","",2010-06-28,"10661"
"62053947010538","65380303010538",2005,39,119,11801,1180,1,2,8,8,2005,1,310,1,1,1,0,1,,0,1,"",2007-01-26,"10538","",2010-06-28,"10661"
"62054375010538","65380313010538",2005,39,151,4531,453,1,2,10,8,2005,1,0,4,1,1,0,1,,0,1,"",2007-01-26,"10538","",2010-06-28,"10661"
"62053935010538","65380305010538",2005,39,131,8671,867,1,2,28,7,2005,1,0,4,1,1,0,1,,0,1,"",2007-01-26,"10538","",2010-06-28,"10661"
"62053976010538","65380307010538",2005,39,135,2871,287,1,2,3,8,2005,1,0,4,1,1,0,1,,0,1,"",2007-01-26,"10538","",2010-06-28,"10661"
"62053261010538","65380309010538",2005,39,145,4511,451,1,2,28,7,2005,1,0,4,1,1,0,1,,0,1,"",2007-01-26,"10538","",2010-06-28,"10661"
"62054370010538","65380311010538",2005,39,151,10621,1062,1,2,9,8,2005,1,0,4,1,1,0,1,,0,1,"",2007-01-26,"10538","",2010-06-28,"10661"
"62054931010538","65380315010538",2005,39,155,1461,146,1,2,10,8,2005,1,0,4,1,1,0,1,,0,1,"",2007-01-26,"10538","",2010-06-28,"10661"
"62054360010538","65380317010538",2005,39,157,8191,819,1,2,9,8,2005,1,0,4,1,1,0,1,,0,1,"",2007-01-26,"10538","",2010-06-28,"10661"
"62053929010538","65380319010538",2005,39,163,5741,574,1,2,27,7,2005,1,192,1,1,1,0,1,,0,1,"",2007-01-26,"10538","",2010-06-28,"10661"
"62053912010538","65380321010538",2005,39,167,10411,1041,1,2,9,8,2005,1,0,4,1,1,0,1,,0,1,"",2007-01-26,"10538","",2010-06-28,"10661"
"62054393010538","65380323010538",2005,39,169,4701,470,1,2,11,8,2005,1,50,3,1,1,0,1,,0,1,"",2007-01-26,"10538","",2010-06-28,"10661"
"62054974010538","65380325010538",2005,39,173,9181,918,1,2,15,8,2005,2,0,4,1,1,0,1,,0,1,"",2007-01-26,"10538","",2010-06-28,"10661"
"62054410010538","65380327010538",2005,39,175,6571,657,1,2,15,8,2005,1,0,4,1,1,0,1,,0,1,"",2007-01-26,"10538","",2010-06-28,"10661"
"65370906010538","65378935010538",2006,39,1,3921,392,1,2,27,7,2006,1,0,4,1,1,0,1,,0,1,"",2007-01-26,"10538","",2010-06-28,"10661"
"65374699010538","65378937010538",2006,39,7,7431,743,1,2,3,8,2006,1,0,4,1,2,0,1,,0,1,"",2007-01-26,"10538","",2010-06-28,"10661"
"65372177010538","65378939010538",2006,39,13,15641,1564,1,2,10,8,2006,1,0,4,1,1,0,1,,0,1,"",2007-01-26,"10538","",2010-06-28,"10661"
"65372411010538","65378941010538",2006,39,15,6481,648,1,2,27,7,2006,1,0,4,1,1,0,1,,1,1,"",2007-01-26,"10538","",2010-06-28,"10661"
"65373638010538","65378943010538",2006,39,37,4851,485,1,2,1,8,2006,1,0,4,1,1,0,1,,0,1,"",2007-01-26,"10538","",2010-06-28,"10661"
"65373608010538","65378945010538",2006,39,41,8681,868,1,2,8,8,2006,1,0,4,1,1,0,1,,0,1,"",2007-01-26,"10538","",2010-06-28,"10661"
"65373652010538","65378947010538",2006,39,41,8921,892,1,3,8,8,2006,1,0,4,1,1,0,1,,0,1,"",2007-01-26,"10538","",2010-06-28,"10661"
"65374738010538","65378949010538",2006,39,43,9581,958,1,2,2,8,2006,1,0,4,1,1,0,1,,0,1,"",2007-01-26,"10538","",2010-06-28,"10661"
"65372406010538","65378951010538",2006,39,47,12131,1213,1,2,8,8,2006,1,0,4,1,1,0,1,,0,1,"",2007-01-26,"10538","",2010-06-28,"10661"
"65372426010538","65378953010538",2006,39,57,14351,1435,1,2,31,7,2006,1,0,4,1,1,0,1,,0,1,"",2007-01-26,"10538","",2010-06-28,"10661"
"65373584010538","65378955010538",2006,39,59,3181,318,1,2,9,8,2006,1,10,3,1,1,0,1,,0,1,"",2007-01-26,"10538","",2010-06-28,"10661"
"65372401010538","65378957010538",2006,39,71,8741,874,1,2,31,7,2006,1,0,4,1,1,0,1,,0,1,"",2007-01-26,"10538","",2010-06-28,"10661"
"65372364010538","65378959010538",2006,39,73,1881,188,1,2,14,8,2006,1,0,1,1,1,0,1,,0,1,"",2007-01-26,"10538","",2010-06-28,"10661"
"65374732010538","65378961010538",2006,39,77,13861,1386,1,2,2,8,2006,1,0,4,1,1,0,1,,0,1,"",2007-01-26,"10538","",2010-06-28,"10661"
"65370901010538","65378963010538",2006,39,79,3701,370,1,2,14,8,2006,1,0,4,1,1,0,1,,0,1,"",2007-01-26,"10538","",2010-06-28,"10661"
"65374716010538","65378965010538",2006,39,85,2351,235,1,2,2,8,2006,1,0,4,1,1,0,1,,0,1,"",2007-01-26,"10538","",2010-06-28,"10661"
"65373601010538","65378967010538",2006,39,89,1221,122,1,3,9,8,2006,1,0,3,1,1,0,1,,0,1,"",2007-01-26,"10538","",2010-06-28,"10661"
"65374704010538","65378969010538",2006,39,103,5321,532,1,2,2,8,2006,1,0,4,1,1,0,1,,0,1,"",2007-01-26,"10538","",2010-06-28,"10661"
"65374722010538","65378971010538",2006,39,103,6151,615,1,2,2,8,2006,1,0,4,1,1,0,1,,0,1,"",2007-01-26,"10538","",2010-06-28,"10661"
"65370836010538","65378973010538",2006,39,105,7461,746,1,2,14,8,2006,1,65,1,1,1,0,1,,0,1,"",2007-01-26,"10538","",2010-06-28,"10661"
"65372345010538","65378975010538",2006,39,111,4841,484,1,2,10,8,2006,1,130,3,1,1,0,1,,0,1,"",2007-01-26,"10538","",2010-06-28,"10661"
"65372369010538","65378977010538",2006,39,119,11801,1180,1,2,9,8,2006,1,310,1,1,1,0,1,,0,1,"",2007-01-26,"10538","",2010-06-28,"10661"
"65372356010538","65378979010538",2006,39,131,8671,867,1,2,8,8,2006,1,0,4,1,1,0,1,,0,1,"",2007-01-26,"10538","",2010-06-28,"10661"
"65372419010538","65378981010538",2006,39,135,2871,287,1,2,31,7,2006,1,0,4,1,1,0,1,,0,1,"",2007-01-26,"10538","",2010-06-28,"10661"
"65370911010538","65378983010538",2006,39,145,4511,451,1,2,27,7,2006,1,0,4,1,1,0,1,,0,1,"",2007-01-26,"10538","",2010-06-28,"10661"
"65373596010538","65378987010538",2006,39,151,4531,453,1,2,3,8,2006,1,0,4,1,1,0,1,,0,1,"",2007-01-26,"10538","",2010-06-28,"10661"
"65373589010538","65378985010538",2006,39,151,10621,1062,1,2,4,8,2006,1,0,4,1,1,0,1,,0,1,"",2007-01-26,"10538","",2010-06-28,"10661"
"65372308010538","65378995010538",2006,39,167,10411,1041,1,3,14,8,2006,1,0,4,1,1,0,1,,0,1,"",2007-01-26,"10538","",2010-06-28,"10661"
"65374693010538","65378989010538",2006,39,155,1461,146,1,2,3,8,2006,1,0,4,1,1,0,1,,0,1,"",2007-01-26,"10538","",2010-06-28,"10661"
"65373579010538","65378991010538",2006,39,157,8191,819,1,2,9,8,2006,1,0,4,1,1,0,1,,0,1,"",2007-01-26,"10538","",2010-06-28,"10661"
"65372351010538","65378993010538",2006,39,163,5741,574,1,2,14,8,2006,1,192,1,1,1,0,1,,0,1,"",2007-01-26,"10538","",2010-06-28,"10661"
"65373632010538","65378997010538",2006,39,169,4701,470,1,2,4,8,2006,1,0,3,1,1,0,1,,0,1,"",2007-01-26,"10538","",2010-06-28,"10661"
"65374743010538","65378999010538",2006,39,173,9181,918,1,2,1,8,2006,1,0,4,1,1,0,1,,0,1,"",2007-01-26,"10538","",2010-06-28,"10661"
"65373668010538","65379001010538",2006,39,175,6571,657,1,2,1,8,2006,1,0,4,1,1,0,1,,0,1,"",2007-01-26,"10538","",2010-06-28,"10661"
"156699575010661","159624347010661",2007,39,1,3921,392,1,2,7,8,2007,1,0,4,1,1,0,1,,1,,"",2008-06-20,"10661","",2010-06-28,"10661"
"156699587010661","159624349010661",2007,39,7,7431,743,1,2,3,8,2007,2,0,4,1,1,0,1,,0,,"",2008-06-20,"10661","",2010-06-28,"10661"
"156699593010661","159624351010661",2007,39,13,15641,1564,1,2,10,8,2007,1,0,4,1,1,0,1,,0,,"",2008-06-20,"10661","",2010-06-28,"10661"
"156699599010661","159624353010661",2007,39,15,6481,648,1,2,7,8,2007,2,0,4,1,1,0,1,,0,,"",2008-06-20,"10661","",2010-06-28,"10661"
"156699605010661","159624355010661",2007,39,37,4851,485,1,2,8,8,2007,2,10,3,1,1,0,1,,1,,"",2008-06-20,"10661","",2010-06-28,"10661"
"156699617010661","159624357010661",2007,39,41,8681,868,1,2,2,8,2007,1,0,4,1,1,0,1,,1,,"",2008-06-20,"10661","",2010-06-28,"10661"
"156699618010661","159624359010661",2007,39,41,8682,868,2,2,2,8,2007,1,0,4,1,1,0,1,,0,,"",2008-06-20,"10661","",2010-06-28,"10661"
"156699633010661","159624361010661",2007,39,41,8921,892,1,2,15,8,2007,1,0,4,1,1,0,1,,1,,"",2008-06-20,"10661","",2010-06-28,"10661"
"156699645010661","159624363010661",2007,39,43,9581,958,1,2,2,8,2007,1,0,4,1,1,0,1,,1,,"",2008-06-20,"10661","",2010-06-28,"10661"
"156699654010661","159624365010661",2007,39,47,12131,1213,1,2,14,8,2007,1,0,4,1,1,0,1,,0,,"",2008-06-20,"10661","",2010-06-28,"10661"
"156699661010661","159624367010661",2007,39,57,14351,1435,1,2,14,8,2007,1,0,4,1,1,0,1,,0,,"",2008-06-20,"10661","",2010-06-28,"10661"
"156699667010661","159624369010661",2007,39,59,3181,318,1,2,9,8,2007,1,10,3,1,1,0,1,,0,,"",2008-06-20,"10661","",2010-06-28,"10661"
"156699673010661","159624371010661",2007,39,71,8741,874,1,2,7,8,2007,2,0,4,1,1,0,1,,0,,"",2008-06-20,"10661","",2010-06-28,"10661"
"156699679010661","159624373010661",2007,39,73,1881,188,1,2,9,8,2007,1,0,4,1,1,0,1,,0,,"",2008-06-20,"10661","",2010-06-28,"10661"
"156699687010661","159624375010661",2007,39,77,13861,1386,1,2,1,8,2007,1,0,4,1,1,0,1,,1,,"",2008-06-20,"10661","",2010-06-28,"10661"
"156699697010661","159624377010661",2007,39,79,3701,370,1,2,6,8,2007,2,0,4,1,1,0,1,,1,,"",2008-06-20,"10661","",2010-06-28,"10661"
"156699705010661","159624379010661",2007,39,85,2351,235,1,2,31,7,2007,1,0,4,1,1,0,1,,0,,"",2008-06-20,"10661","",2010-06-28,"10661"
"156699711010661","159624381010661",2007,39,89,1221,122,1,3,15,8,2007,1,0,4,1,1,0,1,,0,,"",2008-06-20,"10661","",2010-06-28,"10661"
"156699718010661","159624383010661",2007,39,103,5321,532,1,2,31,7,2007,1,0,4,1,1,0,1,,0,,"",2008-06-20,"10661","",2010-06-28,"10661"
"156699724010661","159624385010661",2007,39,103,6151,615,1,2,1,8,2007,1,0,4,1,1,0,1,,0,,"",2008-06-20,"10661","",2010-06-28,"10661"
"156699730010661","159624387010661",2007,39,105,7461,746,1,2,9,8,2007,1,65,1,1,1,0,1,,0,,"",2008-06-20,"10661","",2010-06-28,"10661"
"156699738010661","159624389010661",2007,39,111,4841,484,1,2,16,8,2007,2,0,4,1,1,0,1,,0,,"",2008-06-20,"10661","",2010-06-28,"10661"
"156699745010661","159624391010661",2007,39,119,11801,1180,1,2,10,8,2007,2,0,4,1,1,0,1,,0,,"",2008-06-20,"10661","",2010-06-28,"10661"
"156699751010661","159624393010661",2007,39,131,8671,867,1,2,6,8,2007,1,0,4,1,1,0,1,,0,,"",2008-06-20,"10661","",2010-06-28,"10661"
"156699757010661","159624395010661",2007,39,135,2871,287,1,2,7,8,2007,1,0,4,1,1,0,1,,1,,"",2008-06-20,"10661","",2010-06-28,"10661"
"156699768010661","159623225010661",2007,39,145,4511,451,1,2,6,8,2007,1,0,4,1,1,0,1,,1,,"",2008-06-20,"10661","",2010-06-28,"10661"
"156699785010661","159623229010661",2007,39,151,4531,453,1,2,30,7,2007,1,0,4,1,1,0,1,,0,,"",2008-06-20,"10661","",2010-06-28,"10661"
"156699778010661","159623227010661",2007,39,151,10621,1062,1,2,15,8,2007,2,0,4,1,1,0,1,,0,,"",2008-06-20,"10661","",2010-06-28,"10661"
"156699791010661","159623231010661",2007,39,155,1461,146,1,2,30,7,2007,1,0,4,1,1,0,1,,0,,"",2008-06-20,"10661","",2010-06-28,"10661"
"156699798010661","159623233010661",2007,39,157,8191,819,1,2,16,8,2007,2,0,4,1,1,0,1,,0,,"",2008-06-20,"10661","",2010-06-28,"10661"
"156699804010661","159623235010661",2007,39,163,5741,574,1,2,9,8,2007,2,0,4,1,1,0,1,,0,,"",2008-06-20,"10661","",2010-06-28,"10661"
"156699810010661","159623237010661",2007,39,167,10411,1041,1,2,14,8,2007,2,0,4,1,1,1,1,,1,,"",2008-06-20,"10661","",2010-06-28,"10661"
"156699827010661","159623239010661",2007,39,169,4701,470,1,2,15,8,2007,2,0,4,1,1,0,1,,0,,"",2008-06-20,"10661","",2010-06-28,"10661"
"156699835010661","159623241010661",2007,39,173,9181,918,1,2,1,8,2007,1,0,4,1,1,0,1,,1,,"",2008-06-20,"10661","",2010-06-28,"10661"
"156699843010661","159623243010661",2007,39,175,6571,657,1,2,2,8,2007,1,0,4,1,1,0,1,,1,,"",2008-06-20,"10661","",2010-06-28,"10661"
"192891754010661","192898812010661",2008,39,1,3921,392,1,2,4,8,2008,1,0,4,1,1,0,1,,0,,"",2009-04-10,"10661","",2010-06-28,"10661"
"192891929010661","192898814010661",2008,39,7,7431,743,1,2,6,8,2008,1,0,4,1,1,0,1,,0,,"",2009-04-10,"10661","",2010-06-28,"10661"
"192891768010661","192898816010661",2008,39,13,15641,1564,1,2,8,8,2008,2,0,4,1,1,0,1,,0,,"",2009-04-10,"10661","",2010-06-28,"10661"
"192891832010661","192898818010661",2008,39,15,6481,648,1,2,5,8,2008,1,0,4,1,1,0,1,,0,,"",2009-04-10,"10661","",2010-06-28,"10661"
"192891900010661","192898820010661",2008,39,37,4851,485,1,2,6,8,2008,1,0,4,1,1,0,1,,0,,"",2009-04-10,"10661","",2010-06-28,"10661"
"192891887010661","192898822010661",2008,39,41,8681,868,1,2,30,7,2008,1,0,4,1,1,0,1,,0,,"",2009-04-10,"10661","",2010-06-28,"10661"
"192891909010661","192898824010661",2008,39,41,8921,892,1,2,1,8,2008,1,0,4,1,1,0,1,,0,,"",2009-04-10,"10661","",2010-06-28,"10661"
"192891966010661","192898826010661",2008,39,43,9581,958,1,2,12,8,2008,1,0,4,1,1,0,1,,0,,"",2009-04-10,"10661","",2010-06-28,"10661"
"192891826010661","192898828010661",2008,39,47,12131,1213,1,2,7,8,2008,1,0,4,1,1,0,1,,0,,"",2009-04-10,"10661","",2010-06-28,"10661"
"192891845010661","192898830010661",2008,39,57,14351,1435,1,2,6,8,2008,1,0,4,1,1,0,1,,0,,"",2009-04-10,"10661","",2010-06-28,"10661"
"192891862010661","192898832010661",2008,39,59,3181,318,1,2,29,7,2008,1,0,4,1,1,0,1,,0,,"",2009-04-10,"10661","",2010-06-28,"10661"
"192891820010661","192898834010661",2008,39,71,8741,874,1,2,5,8,2008,1,0,4,1,1,0,1,,0,,"",2009-04-10,"10661","",2010-06-28,"10661"
"192891808010661","192898836010661",2008,39,73,1881,188,1,2,7,8,2008,1,0,4,1,1,0,1,,0,,"",2009-04-10,"10661","",2010-06-28,"10661"
"192891960010661","192898838010661",2008,39,77,13861,1386,1,2,12,8,2008,1,0,4,1,1,0,1,,0,,"",2009-04-10,"10661","",2010-06-28,"10661"
"192891746010661","192898840010661",2008,39,79,3701,370,1,2,28,7,2008,1,100,3,1,1,0,1,,0,,"",2009-04-10,"10661","",2010-06-28,"10661"
"192891945010661","192898842010661",2008,39,85,2351,235,1,2,6,8,2008,1,0,4,1,1,0,1,,0,,"",2009-04-10,"10661","",2010-06-28,"10661"
"192891881010661","192898844010661",2008,39,89,1221,122,1,2,30,7,2008,1,0,4,1,1,0,1,,0,,"",2009-04-10,"10661","",2010-06-28,"10661"
"192891937010661","192898846010661",2008,39,103,5321,532,1,2,7,8,2008,1,0,4,1,1,0,1,,0,,"",2009-04-10,"10661","",2010-06-28,"10661"
"192891953010661","192898848010661",2008,39,103,6151,615,1,2,7,8,2008,1,0,4,1,1,0,1,,0,,"",2009-04-10,"10661","",2010-06-28,"10661"
"192891736010661","192898850010661",2008,39,105,7461,746,1,2,28,7,2008,1,65,1,1,1,0,1,,0,,"",2009-04-10,"10661","",2010-06-28,"10661"
"192891782010661","192898894010661",2008,39,111,4841,484,1,2,29,7,2008,1,0,4,1,1,0,1,,0,,"",2009-04-10,"10661","",2010-06-28,"10661"
"192891814010661","192898896010661",2008,39,119,11801,1180,1,2,30,8,2008,1,0,4,1,1,0,1,,0,,"",2009-04-10,"10661","",2010-06-28,"10661"
"192891796010661","192898898010661",2008,39,131,8671,867,1,2,7,8,2008,1,0,4,1,1,0,1,,0,,"",2009-04-10,"10661","",2010-06-28,"10661"
"192891839010661","192898900010661",2008,39,135,2871,287,1,2,5,8,2008,1,0,4,1,1,0,1,,0,,"",2009-04-10,"10661","",2010-06-28,"10661"
"192891761010661","192898902010661",2008,39,145,4511,451,1,2,4,8,2008,1,0,4,1,1,0,1,,0,,"",2009-04-10,"10661","",2010-06-28,"10661"
"192891874010661","192898906010661",2008,39,151,4531,453,1,2,5,8,2008,1,0,4,1,1,0,1,,0,,"",2009-04-10,"10661","",2010-06-28,"10661"
"192891868010661","192898904010661",2008,39,151,10621,1062,1,2,5,8,2008,2,0,4,1,1,0,1,,0,,"",2009-04-10,"10661","",2010-06-28,"10661"
"192891922010661","192898908010661",2008,39,155,1461,146,1,2,6,8,2008,1,0,4,1,1,0,1,,0,,"",2009-04-10,"10661","",2010-06-28,"10661"
"192891855010661","192898910010661",2008,39,157,8191,819,1,2,5,8,2008,2,0,4,1,1,0,1,,0,,"",2009-04-10,"10661","",2010-06-28,"10661"
"192891789010661","192898912010661",2008,39,163,5741,574,1,2,28,7,2008,1,100,1,1,1,0,1,,0,,"",2009-04-10,"10661","",2010-06-28,"10661"
"192891776010661","192898914010661",2008,39,167,10411,1041,1,2,28,7,2008,1,0,4,1,1,0,1,,0,,"",2009-04-10,"10661","",2010-06-28,"10661"
"192891893010661","192898916010661",2008,39,169,4701,470,1,2,7,8,2008,2,0,4,1,1,0,1,,0,,"",2009-04-10,"10661","",2010-06-28,"10661"
"192891975010661","192898918010661",2008,39,173,9181,918,1,2,12,8,2008,1,0,4,1,1,0,1,,0,,"",2009-04-10,"10661","",2010-06-28,"10661"
"192891916010661","192898920010661",2008,39,175,6571,657,1,2,30,7,2008,1,0,4,1,1,0,1,,0,,"",2009-04-10,"10661","",2010-06-28,"10661"
"222437302010661","222437303010661",2009,39,1,3921,392,1,2,13,8,2009,1,0,4,1,1,0,1,,1,,"",2010-01-11,"10661","",2010-06-28,"10661"
"222437493010661","222437495010661",2009,39,7,7431,743,1,2,12,8,2009,1,0,4,1,1,0,1,,0,,"",2010-01-11,"10661","",2010-06-28,"10661"
"222437494010661","222437496010661",2009,39,7,7432,743,2,2,12,8,2009,1,0,4,1,1,0,1,,0,,"",2010-01-11,"10661","",2010-06-28,"10661"
"222437317010661","222437318010661",2009,39,13,15641,1564,1,2,5,8,2009,2,0,1,1,1,0,1,,0,,"",2010-01-11,"10661","",2010-06-28,"10661"
"222437387010661","222437388010661",2009,39,15,6481,648,1,2,13,8,2009,1,0,4,1,1,0,1,,0,,"",2010-01-11,"10661","",2010-06-28,"10661"
"222791444010661","222791445010661",2009,39,31,3181,318,1,3,4,8,2009,1,0,4,1,1,0,1,,0,,"",2010-02-16,"10661","",2010-06-28,"10661"
"222437457010661","222437458010661",2009,39,37,4851,485,1,2,12,8,2009,1,0,4,1,1,0,1,,0,,"",2010-01-11,"10661","",2010-06-28,"10661"
"222437441010661","222437443010661",2009,39,41,8681,868,1,2,3,8,2009,2,0,4,1,2,0,1,,0,,"",2010-01-11,"10661","",2010-06-28,"10661"
"222437442010661","222437444010661",2009,39,41,8682,868,2,2,3,8,2009,2,0,4,1,1,0,1,,0,,"",2010-01-11,"10661","",2010-06-28,"10661"
"222437472010661","222437473010661",2009,39,41,8921,892,1,2,12,8,2009,1,0,4,1,1,0,1,,0,,"",2010-01-11,"10661","",2010-06-28,"10661"
"222437549010661","222437550010661",2009,39,43,9581,958,1,2,11,8,2009,1,0,4,1,1,0,1,,1,,"",2010-01-11,"10661","",2010-06-28,"10661"
"222437381010661","222437382010661",2009,39,47,12131,1213,1,2,6,8,2009,1,0,4,1,1,0,1,,0,,"",2010-01-11,"10661","",2010-06-28,"10661"
"222791451010661","222791452010661",2009,39,55,2351,235,1,3,11,8,2009,1,340,1,1,1,0,1,,0,,"",2010-02-16,"10661","",2010-06-28,"10661"
"222437399010661","222437400010661",2009,39,57,14351,1435,1,2,12,8,2009,1,0,4,1,1,0,1,,0,,"",2010-01-11,"10661","",2010-06-28,"10661"
"222437374010661","222437375010661",2009,39,71,8741,874,1,2,13,8,2009,2,0,4,1,1,0,1,,1,,"",2010-01-11,"10661","",2010-06-28,"10661"
"222437357010661","222437358010661",2009,39,73,1881,188,1,3,6,8,2009,1,0,4,1,1,0,1,,0,,"",2010-01-11,"10661","",2010-06-28,"10661"
"222437539010661","222437540010661",2009,39,77,13861,1386,1,2,11,8,2009,1,0,4,1,1,0,1,,0,,"",2010-01-11,"10661","",2010-06-28,"10661"
"222437293010661","222437294010661",2009,39,79,3701,370,1,2,12,8,2009,1,132,3,1,1,0,1,,0,,"",2010-01-11,"10661","",2010-06-28,"10661"
"222437435010661","222437436010661",2009,39,89,1221,122,1,2,4,8,2009,1,0,4,1,1,0,1,,0,,"",2010-01-11,"10661","",2010-06-28,"10661"
"222437517010661","222437518010661",2009,39,103,5321,532,1,2,10,8,2009,1,0,4,1,1,0,1,,0,,"",2010-01-11,"10661","",2010-06-28,"10661"
"222437532010661","222437533010661",2009,39,103,6151,615,1,2,11,8,2009,2,0,4,1,1,0,1,,0,,"",2010-01-11,"10661","",2010-06-28,"10661"
"222437280010661","222437281010661",2009,39,105,7461,746,1,3,13,8,2009,1,110,1,1,1,0,1,,0,,"",2010-01-11,"10661","",2010-06-28,"10661"
"222791458010661","222791459010661",2009,39,119,4841,484,1,3,5,8,2009,1,0,1,1,1,0,1,,0,,"",2010-02-16,"10661","",2010-06-28,"10661"
"222437367010661","222437368010661",2009,39,119,11801,1180,1,2,5,8,2009,1,0,4,1,1,0,1,,0,,"",2010-01-11,"10661","",2010-06-28,"10661"
"222437350010661","222437351010661",2009,39,131,8671,867,1,2,6,8,2009,1,0,4,1,1,0,1,,0,,"",2010-01-11,"10661","",2010-06-28,"10661"
"222437393010661","222437394010661",2009,39,135,2871,287,1,2,13,8,2009,1,0,4,1,1,0,1,,0,,"",2010-01-11,"10661","",2010-06-28,"10661"
"222437308010661","222437309010661",2009,39,145,4511,451,1,3,12,8,2009,1,0,5,1,2,0,1,,0,,"",2010-01-11,"10661","",2010-06-28,"10661"
"222437428010661","222437429010661",2009,39,151,4531,453,1,2,12,8,2009,1,0,4,1,1,0,1,,0,,"",2010-01-11,"10661","",2010-06-28,"10661"
"222437421010661","222437422010661",2009,39,151,10621,1062,1,2,10,8,2009,2,0,4,1,1,0,1,,0,,"",2010-01-11,"10661","",2010-06-28,"10661"
"222437485010661","222437486010661",2009,39,155,1461,146,1,2,12,8,2009,1,0,4,1,1,0,1,,0,,"",2010-01-11,"10661","",2010-06-28,"10661"
"222437407010661","222437408010661",2009,39,157,8191,819,1,2,5,8,2009,2,0,4,1,1,0,1,,0,,"",2010-01-11,"10661","",2010-06-28,"10661"
"222437342010661","222437343010661",2009,39,163,5741,574,1,2,7,8,2009,1,0,1,1,1,0,1,,0,,"",2010-01-11,"10661","",2010-06-28,"10661"
"222437326010661","222437327010661",2009,39,167,10411,1041,1,2,7,8,2009,2,0,4,1,1,0,1,,0,,"",2010-01-11,"10661","",2010-06-28,"10661"
"222437450010661","222437451010661",2009,39,169,4701,470,1,2,3,8,2009,2,0,4,1,1,0,1,,0,,"",2010-01-11,"10661","",2010-06-28,"10661"
"222437555010661","222437556010661",2009,39,173,9181,918,1,2,11,8,2009,1,0,4,1,1,0,1,,0,,"",2010-01-11,"10661","",2010-06-28,"10661"
"222437479010661","222437480010661",2009,39,175,6571,657,1,2,11,8,2009,2,0,4,1,1,0,1,,0,,"",2010-01-11,"10661","",2010-06-28,"10661"
"246813111010661","246813112010661",2010,39,1,3921,392,1,2,10,8,2010,1,0,4,1,1,0,,,1,,"",2011-03-21,"10661","",2011-03-22,"10661"
"246813343010661","246813345010661",2010,39,7,7431,743,1,2,17,8,2010,1,0,4,1,1,0,,,0,,"",2011-03-21,"10661","",2011-03-22,"10661"
"246813344010661","246813346010661",2010,39,7,7432,743,2,2,17,8,2010,1,0,4,1,1,0,,,0,,"",2011-03-21,"10661","",2011-03-22,"10661"
"246813130010661","246813131010661",2010,39,13,15641,1564,1,2,4,8,2010,2,0,1,1,1,0,,,0,,"",2011-03-21,"10661","",2011-03-22,"10661"
"246813214010661","246813215010661",2010,39,15,6481,648,1,2,10,8,2010,1,0,4,1,1,0,,,0,,"",2011-03-21,"10661","",2011-03-22,"10661"
"246813247010661","246813249010661",2010,39,31,3181,318,1,2,4,8,2010,1,0,4,1,1,0,,,0,,"",2011-03-21,"10661","",2011-03-22,"10661"
"246813248010661","246813250010661",2010,39,31,3182,318,2,1,4,8,2010,1,0,4,1,1,0,,,0,,"",2011-03-21,"10661","",2011-03-22,"10661"
"246813360010661","246813361010661",2010,39,35,5321,532,1,3,6,8,2010,1,0,4,1,1,0,,,0,,"",2011-03-22,"10661","",,""
"246813303010661","246813304010661",2010,39,37,4851,485,1,2,11,8,2010,1,0,4,1,1,0,,,0,,"",2011-03-21,"10661","",2011-03-22,"10661"
"246813394010661","246813395010661",2010,39,43,9581,958,1,2,4,8,2010,1,0,4,1,1,0,,,0,,"",2011-03-21,"10661","",2011-03-22,"10661"
"246813284010661","246813286010661",2010,39,41,8681,868,1,2,7,8,2010,1,0,4,1,2,0,,,0,,"",2011-03-21,"10661","",2011-03-22,"10661"
"246813285010661","246813287010661",2010,39,41,8682,868,2,2,7,8,2010,2,0,4,1,1,0,,,0,,"",2011-03-21,"10661","",2011-03-22,"10661"
"246813316010661","246813317010661",2010,39,41,8921,892,1,2,7,8,2010,1,100,4,1,1,0,,,0,,"",2011-03-21,"10661","",2011-03-22,"10661"
"246813203010661","246813205010661",2010,39,47,12132,1213,2,1,9,8,2010,1,0,4,1,1,0,,,0,,"",2011-03-21,"10661","",2011-03-22,"10661"
"246813369010661","246813370010661",2010,39,55,2351,235,1,2,5,8,2010,1,340,1,1,1,0,,,0,,"",2011-03-21,"10661","",2011-03-22,"10661"
"246813231010661","246813232010661",2010,39,57,14351,1435,1,2,10,8,2010,1,0,4,1,1,0,,,0,,"",2011-03-21,"10661","",2011-03-22,"10661"
"246813187010661","246813189010661",2010,39,71,8741,874,1,2,9,8,2010,1,280,4,1,1,0,,,0,,"",2011-03-21,"10661","",2011-03-22,"10661"
"246813188010661","246813190010661",2010,39,71,8742,874,2,1,9,8,2010,1,0,4,1,1,0,,,0,,"",2011-03-21,"10661","",2011-03-22,"10661"
"246813171010661","246813172010661",2010,39,73,1881,188,1,2,11,8,2010,1,0,4,1,1,0,,,0,,"",2011-03-21,"10661","",2011-03-22,"10661"
"246813384010661","246813385010661",2010,39,77,13861,1386,1,2,4,8,2010,1,0,4,1,1,0,,,0,,"",2011-03-21,"10661","",2011-03-22,"10661"
"246813102010661","246813103010661",2010,39,79,3701,370,1,2,10,8,2010,1,132,3,1,1,0,,,0,,"",2011-03-21,"10661","",2011-03-22,"10661"
"246813275010661","246813276010661",2010,39,89,1221,122,1,2,5,8,2010,1,0,4,1,1,0,,,0,,"",2011-03-21,"10661","",2011-03-22,"10661"
"246813376010661","246813377010661",2010,39,103,6151,615,1,2,12,8,2010,2,0,4,1,1,0,,,0,,"",2011-03-21,"10661","",2011-03-22,"10661"
"246813093010661","246813094010661",2010,39,105,7461,746,1,2,9,8,2010,1,110,1,1,1,0,,,0,,"",2011-03-21,"10661","",2011-03-22,"10661"
"246813149010661","246813150010661",2010,39,119,4841,484,1,2,5,8,2010,1,0,1,1,1,0,,,0,,"",2011-03-21,"10661","",2011-03-22,"10661"
"246813180010661","246813181010661",2010,39,119,11801,1180,1,2,5,8,2010,1,0,4,1,1,0,,,0,,"",2011-03-21,"10661","",2011-03-22,"10661"
"246813202010661","246813204010661",2010,39,129,12131,1213,1,2,9,8,2010,1,0,4,1,1,0,,,0,,"",2011-03-22,"10661","",2011-03-22,"10661"
"246813163010661","246813164010661",2010,39,131,8671,867,1,2,10,8,2010,1,0,4,1,1,0,,,0,,"",2011-03-21,"10661","",2011-03-22,"10661"
"246813221010661","246813222010661",2010,39,135,2871,287,1,2,11,8,2010,2,0,4,1,1,0,,,0,,"",2011-03-21,"10661","",2011-03-22,"10661"
"246813122010661","246813123010661",2010,39,145,4511,451,1,2,10,8,2010,1,0,5,1,2,0,,,0,,"",2011-03-21,"10661","",2011-03-22,"10661"
"246813266010661","246813267010661",2010,39,151,4531,453,1,2,18,8,2010,1,0,4,1,1,0,,,0,,"",2011-03-21,"10661","",2011-03-22,"10661"
"246813258010661","246813259010661",2010,39,151,10621,1062,1,2,2,8,2010,1,0,4,1,1,0,,,0,,"",2011-03-21,"10661","",2011-03-22,"10661"
"246813333010661","246813334010661",2010,39,155,1461,146,1,2,17,8,2010,1,0,4,1,1,0,,,0,,"",2011-03-21,"10661","",2011-03-22,"10661"
"246813240010661","246813241010661",2010,39,157,8191,819,1,2,2,8,2010,1,0,4,1,1,0,,,0,,"",2011-03-21,"10661","",2011-03-22,"10661"
"246813155010661","246813156010661",2010,39,163,5741,574,1,2,9,8,2010,1,0,1,1,1,0,,,0,,"",2011-03-21,"10661","",2011-03-22,"10661"
"246813140010661","246813141010661",2010,39,167,10411,1041,1,2,6,8,2010,2,0,4,1,1,0,,,0,,"",2011-03-21,"10661","",2011-03-22,"10661"
"246813296010661","246813297010661",2010,39,169,4701,470,1,2,11,8,2010,2,0,4,1,1,0,,,0,,"",2011-03-21,"10661","",2011-03-22,"10661"
"246813406010661","246813408010661",2010,39,173,9181,918,1,2,3,8,2010,1,0,4,1,1,1,,,0,,"",2011-03-21,"10661","",2011-03-22,"10661"
"246813407010661","246813409010661",2010,39,173,9182,918,2,1,3,8,2010,2,0,4,1,1,1,,,0,,"",2011-03-21,"10661","",2011-03-22,"10661"
"246813326010661","246813327010661",2010,39,175,6571,657,1,2,3,8,2010,1,0,4,1,1,0,,,0,,"",2011-03-21,"10661","",2011-03-22,"10661"
