"CN","PLT_CN","INVYR","STATECD","COUNTYCD","PLOT","SUBP","MEASYEAR","SOILSPCT","COMPCPCT","TYPRTDCD","TYPCMPCD","TYPAREACD","TYPOTHRCD","CREATED_BY","CREATED_DATE","CREATED_IN_INSTANCE","MODIFIED_BY","MODIFIED_DATE","MODIFIED_IN_INSTANCE"
"76466623010538","59780449010538",2001,39,1,561,1,2001,1,0,,,,,"",2007-11-29,"10661","",,""
"76466624010538","59780449010538",2001,39,1,561,2,2001,10,1,0,1,0,0,"",2007-11-29,"10661","",,""
"76466625010538","59780449010538",2001,39,1,561,3,2001,1,15,0,1,0,0,"",2007-11-29,"10661","",,""
"76466626010538","59780449010538",2001,39,1,561,4,2001,1,5,1,0,0,0,"",2007-11-29,"10661","",,""
"76466627010538","59781089010538",2001,39,7,120,1,2001,1,5,0,1,0,0,"",2007-11-29,"10661","",,""
"76466628010538","59781089010538",2001,39,7,120,2,2001,5,0,,,,,"",2007-11-29,"10661","",,""
"76466629010538","59781089010538",2001,39,7,120,3,2001,1,5,1,1,0,0,"",2007-11-29,"10661","",,""
"76466630010538","59781089010538",2001,39,7,120,4,2001,1,0,,,,,"",2007-11-29,"10661","",,""
"76466635010538","59782247010538",2001,39,9,598,1,2001,1,0,,,,,"",2007-11-29,"10661","",,""
"76466636010538","59782247010538",2001,39,9,598,2,2001,5,0,,,,,"",2007-11-29,"10661","",,""
"76466637010538","59782247010538",2001,39,9,598,3,2001,1,5,0,1,0,0,"",2007-11-29,"10661","",,""
"76466638010538","59782247010538",2001,39,9,598,4,2001,1,0,,,,,"",2007-11-29,"10661","",,""
"76466645010538","59784375010538",2001,39,25,401,1,2001,15,0,,,,,"",2007-11-29,"10661","",,""
"76466646010538","59784375010538",2001,39,25,401,2,2001,15,0,,,,,"",2007-11-29,"10661","",,""
"76466647010538","59784375010538",2001,39,25,401,4,2001,15,10,0,1,0,0,"",2007-11-29,"10661","",,""
"76466648010538","59784920010538",2001,39,29,606,1,2001,5,0,,,,,"",2007-11-29,"10661","",,""
"76466649010538","59784920010538",2001,39,29,606,2,2001,0,0,,,,,"",2007-11-29,"10661","",,""
"76466650010538","59784920010538",2001,39,29,606,3,2001,5,0,,,,,"",2007-11-29,"10661","",,""
"76466651010538","59784920010538",2001,39,29,606,4,2001,0,10,0,1,0,0,"",2007-11-29,"10661","",,""
"76466656010538","59785584010538",2001,39,35,575,1,2001,1,0,,,,,"",2007-11-29,"10661","",,""
"76466657010538","59785584010538",2001,39,35,575,2,2001,5,0,,,,,"",2007-11-29,"10661","",,""
"76466658010538","59785584010538",2001,39,35,575,3,2001,5,0,,,,,"",2007-11-29,"10661","",,""
"76466659010538","59785584010538",2001,39,35,575,4,2001,1,10,0,1,0,0,"",2007-11-29,"10661","",,""
"76466662010538","59786192010538",2001,39,41,574,1,2001,1,0,,,,,"",2007-11-29,"10661","",,""
"76466663010538","59786192010538",2001,39,41,574,2,2001,5,45,0,1,0,0,"",2007-11-29,"10661","",,""
"76466664010538","59786192010538",2001,39,41,574,3,2001,10,0,,,,,"",2007-11-29,"10661","",,""
"76466665010538","59787135010538",2001,39,53,778,1,2001,1,0,,,,,"",2007-11-29,"10661","",,""
"76466666010538","59787135010538",2001,39,53,778,2,2001,1,0,,,,,"",2007-11-29,"10661","",,""
"76466667010538","59787135010538",2001,39,53,778,3,2001,5,0,,,,,"",2007-11-29,"10661","",,""
"76466668010538","59787135010538",2001,39,53,778,4,2001,5,5,0,1,0,0,"",2007-11-29,"10661","",,""
"76466673010538","59788852010538",2001,39,61,506,1,2001,65,5,0,1,0,0,"",2007-11-29,"10661","",,""
"76466674010538","59788852010538",2001,39,61,506,2,2001,50,0,,,,,"",2007-11-29,"10661","",,""
"76466675010538","59788852010538",2001,39,61,506,3,2001,25,0,,,,,"",2007-11-29,"10661","",,""
"76466676010538","59788852010538",2001,39,61,506,4,2001,50,0,,,,,"",2007-11-29,"10661","",,""
"76466677010538","59789167010538",2001,39,67,363,1,2001,1,0,,,,,"",2007-11-29,"10661","",,""
"76466678010538","59789167010538",2001,39,67,363,2,2001,0,0,,,,,"",2007-11-29,"10661","",,""
"76466679010538","59789167010538",2001,39,67,363,3,2001,1,0,,,,,"",2007-11-29,"10661","",,""
"76466680010538","59789167010538",2001,39,67,363,4,2001,1,0,,,,,"",2007-11-29,"10661","",,""
"76466685010538","59790455010538",2001,39,73,197,1,2001,5,10,0,1,0,0,"",2007-11-29,"10661","",,""
"76466686010538","59790455010538",2001,39,73,197,2,2001,15,0,,,,,"",2007-11-29,"10661","",,""
"76466687010538","59790455010538",2001,39,73,197,3,2001,1,0,,,,,"",2007-11-29,"10661","",,""
"76466688010538","59790455010538",2001,39,73,197,4,2001,5,0,,,,,"",2007-11-29,"10661","",,""
"76466697010538","59792161010538",2001,39,83,604,1,2001,0,0,,,,,"",2007-11-29,"10661","",,""
"76466698010538","59792161010538",2001,39,83,604,2,2001,5,0,,,,,"",2007-11-29,"10661","",,""
"76466699010538","59792161010538",2001,39,83,604,3,2001,0,0,,,,,"",2007-11-29,"10661","",,""
"76466700010538","59792161010538",2001,39,83,604,4,2001,0,0,,,,,"",2007-11-29,"10661","",,""
"76466701010538","59792877010538",2001,39,87,319,1,2001,1,0,,,,,"",2007-11-29,"10661","",,""
"76466702010538","59792877010538",2001,39,87,319,2,2001,1,0,,,,,"",2007-11-29,"10661","",,""
"76466703010538","59792877010538",2001,39,87,319,3,2001,0,0,,,,,"",2007-11-29,"10661","",,""
"76466704010538","59792877010538",2001,39,87,319,4,2001,5,0,,,,,"",2007-11-29,"10661","",,""
"76466716010538","59796133010538",2001,39,111,537,2,2001,1,0,,,,,"",2007-11-29,"10661","",,""
"76466729010538","59799485010538",2001,39,133,64,1,2001,1,0,,,,,"",2007-11-29,"10661","",,""
"76466730010538","59799485010538",2001,39,133,64,2,2001,0,0,,,,,"",2007-11-29,"10661","",,""
"76466731010538","59799485010538",2001,39,133,64,3,2001,1,0,,,,,"",2007-11-29,"10661","",,""
"76466732010538","59799485010538",2001,39,133,64,4,2001,1,0,,,,,"",2007-11-29,"10661","",,""
"76466741010538","59801189010538",2001,39,145,33,1,2001,1,0,,,,,"",2007-11-29,"10661","",,""
"76466742010538","59801189010538",2001,39,145,33,2,2001,1,5,0,1,0,0,"",2007-11-29,"10661","",,""
"76466743010538","59801189010538",2001,39,145,33,3,2001,1,0,,,,,"",2007-11-29,"10661","",,""
"76466744010538","59801189010538",2001,39,145,33,4,2001,5,0,,,,,"",2007-11-29,"10661","",,""
"76466752010538","59803170010538",2001,39,157,295,2,2001,1,0,,,,,"",2007-11-29,"10661","",,""
"76466753010538","59804300010538",2001,39,167,404,1,2001,5,0,,,,,"",2007-11-29,"10661","",,""
"76466754010538","59804300010538",2001,39,167,404,2,2001,20,0,,,,,"",2007-11-29,"10661","",,""
"76466755010538","59804300010538",2001,39,167,404,3,2001,45,0,,,,,"",2007-11-29,"10661","",,""
"76466756010538","59804300010538",2001,39,167,404,4,2001,5,0,,,,,"",2007-11-29,"10661","",,""
"76466619010538","59827371010538",2002,39,1,5656,1,2002,0,0,,,,,"",2007-11-29,"10661","",,""
"76466620010538","59827371010538",2002,39,1,5656,2,2002,0,0,,,,,"",2007-11-29,"10661","",,""
"76466621010538","59827371010538",2002,39,1,5656,3,2002,0,0,,,,,"",2007-11-29,"10661","",,""
"76466622010538","59827371010538",2002,39,1,5656,4,2002,0,0,,,,,"",2007-11-29,"10661","",,""
"76466631010538","59828166010538",2002,39,7,5352,1,2002,0,0,,,,,"",2007-11-29,"10661","",,""
"76466632010538","59828166010538",2002,39,7,5352,2,2002,0,0,,,,,"",2007-11-29,"10661","",,""
"76466633010538","59828166010538",2002,39,7,5352,3,2002,30,5,0,1,0,0,"",2007-11-29,"10661","",,""
"76466634010538","59828166010538",2002,39,7,5352,4,2002,5,0,,,,,"",2007-11-29,"10661","",,""
"76466639010538","59829816010538",2002,39,13,2644,1,2002,10,10,0,1,0,0,"",2007-11-29,"10661","",,""
"76466640010538","59829816010538",2002,39,13,2644,2,2002,5,0,,,,,"",2007-11-29,"10661","",,""
"76466641010538","59829816010538",2002,39,13,2644,3,2002,5,0,,,,,"",2007-11-29,"10661","",,""
"76466642010538","59829816010538",2002,39,13,2644,4,2002,5,0,,,,,"",2007-11-29,"10661","",,""
"76466643010538","59830348010538",2002,39,15,2715,1,2002,0,0,,,,,"",2007-11-29,"10661","",,""
"76466644010538","59830348010538",2002,39,15,2715,4,2002,5,0,,,,,"",2007-11-29,"10661","",,""
"76466652010538","59832243010538",2002,39,31,4927,1,2002,1,0,,,,,"",2007-11-29,"10661","",,""
"76466653010538","59832243010538",2002,39,31,4927,2,2002,5,0,,,,,"",2007-11-29,"10661","",,""
"76466654010538","59832243010538",2002,39,31,4927,3,2002,1,0,,,,,"",2007-11-29,"10661","",,""
"76466655010538","59832243010538",2002,39,31,4927,4,2002,5,0,,,,,"",2007-11-29,"10661","",,""
"76466660010538","59832674010538",2002,39,35,5793,1,2002,30,0,,,,,"",2007-11-29,"10661","",,""
"76466661010538","59832674010538",2002,39,35,5793,2,2002,20,0,,,,,"",2007-11-29,"10661","",,""
"76466669010538","59819472010538",2002,39,59,1944,1,2002,10,0,,,,,"",2007-11-29,"10661","",,""
"76466670010538","59819472010538",2002,39,59,1944,2,2002,10,0,,,,,"",2007-11-29,"10661","",,""
"76466671010538","59819472010538",2002,39,59,1944,3,2002,1,0,,,,,"",2007-11-29,"10661","",,""
"76466672010538","59819472010538",2002,39,59,1944,4,2002,0,0,,,,,"",2007-11-29,"10661","",,""
"76466681010538","59821617010538",2002,39,73,4384,1,2002,10,10,0,1,0,0,"",2007-11-29,"10661","",,""
"76466682010538","59821617010538",2002,39,73,4384,2,2002,0,0,,,,,"",2007-11-29,"10661","",,""
"76466683010538","59821617010538",2002,39,73,4384,3,2002,5,0,,,,,"",2007-11-29,"10661","",,""
"76466684010538","59821617010538",2002,39,73,4384,4,2002,0,0,,,,,"",2007-11-29,"10661","",,""
"76466689010538","59822682010538",2002,39,79,2106,1,2002,1,0,,,,,"",2007-11-29,"10661","",,""
"76466690010538","59822682010538",2002,39,79,2106,2,2002,1,10,0,1,0,0,"",2007-11-29,"10661","",,""
"76466691010538","59822682010538",2002,39,79,2106,3,2002,1,0,,,,,"",2007-11-29,"10661","",,""
"76466692010538","59822682010538",2002,39,79,2106,4,2002,5,10,0,1,0,0,"",2007-11-29,"10661","",,""
"76466693010538","59823251010538",2002,39,81,2843,1,2002,45,20,1,0,0,0,"",2007-11-29,"10661","",,""
"76466694010538","59823251010538",2002,39,81,2843,2,2002,85,10,1,0,0,0,"",2007-11-29,"10661","",,""
"76466695010538","59823251010538",2002,39,81,2843,3,2002,35,0,,,,,"",2007-11-29,"10661","",,""
"76466696010538","59823251010538",2002,39,81,2843,4,2002,15,0,,,,,"",2007-11-29,"10661","",,""
"76466705010538","59825609010538",2002,39,99,5047,2,2002,50,0,,,,,"",2007-11-29,"10661","",,""
"76466706010538","59825609010538",2002,39,99,5047,3,2002,0,0,,,,,"",2007-11-29,"10661","",,""
"76466707010538","59825609010538",2002,39,99,5047,4,2002,1,5,0,1,0,0,"",2007-11-29,"10661","",,""
"76466708010538","59826469010538",2002,39,105,2981,1,2002,1,0,,,,,"",2007-11-29,"10661","",,""
"76466709010538","59826469010538",2002,39,105,2981,2,2002,25,5,1,1,0,0,"",2007-11-29,"10661","",,""
"76466710010538","59826469010538",2002,39,105,2981,3,2002,15,0,,,,,"",2007-11-29,"10661","",,""
"76466711010538","59826469010538",2002,39,105,2981,4,2002,5,0,,,,,"",2007-11-29,"10661","",,""
"76466712010538","59833508010538",2002,39,111,3407,1,2002,30,0,,,,,"",2007-11-29,"10661","",,""
"76466713010538","59833508010538",2002,39,111,3407,2,2002,1,0,,,,,"",2007-11-29,"10661","",,""
"76466714010538","59833508010538",2002,39,111,3407,3,2002,20,0,,,,,"",2007-11-29,"10661","",,""
"76466715010538","59833508010538",2002,39,111,3407,4,2002,10,0,,,,,"",2007-11-29,"10661","",,""
"76466717010538","59806958010538",2002,39,115,3640,1,2002,5,0,,,,,"",2007-11-29,"10661","",,""
"76466718010538","59806958010538",2002,39,115,3640,2,2002,0,0,,,,,"",2007-11-29,"10661","",,""
"76466719010538","59806958010538",2002,39,115,3640,3,2002,1,0,,,,,"",2007-11-29,"10661","",,""
"76466720010538","59806958010538",2002,39,115,3640,4,2002,10,0,,,,,"",2007-11-29,"10661","",,""
"76466721010538","59807612010538",2002,39,119,1949,1,2002,1,0,,,,,"",2007-11-29,"10661","",,""
"76466722010538","59807612010538",2002,39,119,1949,2,2002,0,0,,,,,"",2007-11-29,"10661","",,""
"76466723010538","59807612010538",2002,39,119,1949,3,2002,0,0,,,,,"",2007-11-29,"10661","",,""
"76466724010538","59807612010538",2002,39,119,1949,4,2002,0,15,0,1,0,0,"",2007-11-29,"10661","",,""
"76466725010538","59809293010538",2002,39,131,2188,1,2002,1,0,,,,,"",2007-11-29,"10661","",,""
"76466726010538","59809293010538",2002,39,131,2188,2,2002,5,15,0,1,0,0,"",2007-11-29,"10661","",,""
"76466727010538","59809293010538",2002,39,131,2188,3,2002,0,0,,,,,"",2007-11-29,"10661","",,""
"76466728010538","59809293010538",2002,39,131,2188,4,2002,10,0,,,,,"",2007-11-29,"10661","",,""
"76466733010538","59811100010538",2002,39,141,5316,1,2002,5,0,,,,,"",2007-11-29,"10661","",,""
"76466734010538","59811100010538",2002,39,141,5316,2,2002,0,0,,,,,"",2007-11-29,"10661","",,""
"76466735010538","59811100010538",2002,39,141,5316,3,2002,5,10,0,1,0,0,"",2007-11-29,"10661","",,""
"76466736010538","59811100010538",2002,39,141,5316,4,2002,1,15,0,1,0,0,"",2007-11-29,"10661","",,""
"76466737010538","59811889010538",2002,39,145,2227,1,2002,5,0,,,,,"",2007-11-29,"10661","",,""
"76466738010538","59811889010538",2002,39,145,2227,2,2002,5,0,,,,,"",2007-11-29,"10661","",,""
"76466739010538","59811889010538",2002,39,145,2227,3,2002,5,5,0,1,0,0,"",2007-11-29,"10661","",,""
"76466740010538","59811889010538",2002,39,145,2227,4,2002,5,0,,,,,"",2007-11-29,"10661","",,""
"76466745010538","59813380010538",2002,39,153,3576,1,2002,0,0,,,,,"",2007-11-29,"10661","",,""
"76466746010538","59813380010538",2002,39,153,3576,2,2002,0,0,,,,,"",2007-11-29,"10661","",,""
"76466747010538","59813380010538",2002,39,153,3576,3,2002,10,0,,,,,"",2007-11-29,"10661","",,""
"76466748010538","59813380010538",2002,39,153,3576,4,2002,0,0,,,,,"",2007-11-29,"10661","",,""
"76466749010538","59813781010538",2002,39,155,5061,1,2002,10,0,,,,,"",2007-11-29,"10661","",,""
"76466750010538","59813781010538",2002,39,155,5061,2,2002,5,0,,,,,"",2007-11-29,"10661","",,""
"76466751010538","59813781010538",2002,39,155,5061,3,2002,10,0,,,,,"",2007-11-29,"10661","",,""
"76466757010538","59815863010538",2002,39,167,2110,1,2002,5,0,,,,,"",2007-11-29,"10661","",,""
"76466758010538","59815863010538",2002,39,167,2110,2,2002,1,0,,,,,"",2007-11-29,"10661","",,""
"76466759010538","59815863010538",2002,39,167,2110,3,2002,1,20,1,1,0,0,"",2007-11-29,"10661","",,""
"76466760010538","59815863010538",2002,39,167,2110,4,2002,5,0,,,,,"",2007-11-29,"10661","",,""
"54178824010538","59845225010538",2003,39,5,4827,1,2003,15,10,0,1,0,0,"",2006-08-16,"10538","",,""
"54178825010538","59845225010538",2003,39,5,4827,2,2003,5,20,0,1,0,0,"",2006-08-16,"10538","",,""
"54178826010538","59845225010538",2003,39,5,4827,3,2003,10,0,,,,,"",2006-08-16,"10538","",,""
"54181012010538","59845818010538",2003,39,7,1392,1,2003,0,60,0,0,1,1,"",2006-08-16,"10538","",,""
"54181013010538","59845818010538",2003,39,7,1392,3,2003,25,99,1,1,1,1,"",2006-08-16,"10538","",,""
"54181014010538","59845818010538",2003,39,7,1392,4,2003,30,99,0,0,1,0,"",2006-08-16,"10538","",,""
"54174358010538","59846299010538",2003,39,9,2380,1,2003,10,0,,,,,"",2006-08-16,"10538","",,""
"54174359010538","59846299010538",2003,39,9,2380,2,2003,0,0,,,,,"",2006-08-16,"10538","",,""
"54179485010538","59846862010538",2003,39,11,2083,2,2003,60,0,,,,,"",2006-08-16,"10538","",,""
"54173046010538","59847831010538",2003,39,15,3247,1,2003,5,0,,,,,"",2006-08-16,"10538","",,""
"54173047010538","59847831010538",2003,39,15,3247,2,2003,10,0,,,,,"",2006-08-16,"10538","",,""
"54173048010538","59847831010538",2003,39,15,3247,3,2003,10,0,,,,,"",2006-08-16,"10538","",,""
"54173049010538","59847831010538",2003,39,15,3247,4,2003,5,0,,,,,"",2006-08-16,"10538","",,""
"54177452010538","59848292010538",2003,39,19,2633,1,2003,1,0,,,,,"",2006-08-16,"10538","",,""
"54177453010538","59848292010538",2003,39,19,2633,2,2003,0,0,,,,,"",2006-08-16,"10538","",,""
"54177454010538","59848292010538",2003,39,19,2633,3,2003,0,0,,,,,"",2006-08-16,"10538","",,""
"54177455010538","59848292010538",2003,39,19,2633,4,2003,1,0,,,,,"",2006-08-16,"10538","",,""
"54177735010538","59849784010538",2003,39,29,5665,2,2003,10,0,,,,,"",2006-08-16,"10538","",,""
"54178153010538","59850077010538",2003,39,31,1154,1,2003,1,0,,,,,"",2006-08-16,"10538","",,""
"54178154010538","59850077010538",2003,39,31,1154,2,2003,10,0,,,,,"",2006-08-16,"10538","",,""
"54178155010538","59850077010538",2003,39,31,1154,3,2003,5,0,,,,,"",2006-08-16,"10538","",,""
"54178156010538","59850077010538",2003,39,31,1154,4,2003,10,1,0,1,0,0,"",2006-08-16,"10538","",,""
"54175681010538","59835507010538",2003,39,49,1720,1,2003,0,0,,,,,"",2006-08-16,"10538","",,""
"54175682010538","59835507010538",2003,39,49,1720,2,2003,40,0,,,,,"",2006-08-16,"10538","",,""
"54175683010538","59835507010538",2003,39,49,1720,3,2003,50,0,,,,,"",2006-08-16,"10538","",,""
"54175684010538","59835507010538",2003,39,49,1720,4,2003,0,0,,,,,"",2006-08-16,"10538","",,""
"54174182010538","59835838010538",2003,39,53,2364,1,2003,1,0,,,,,"",2006-08-16,"10538","",,""
"54174183010538","59835838010538",2003,39,53,2364,2,2003,0,0,,,,,"",2006-08-16,"10538","",,""
"54181233010538","59836584010538",2003,39,55,1176,1,2003,5,0,,,,,"",2006-08-16,"10538","",,""
"54181234010538","59836584010538",2003,39,55,1176,2,2003,1,0,,,,,"",2006-08-16,"10538","",,""
"54181235010538","59836584010538",2003,39,55,1176,4,2003,5,0,,,,,"",2006-08-16,"10538","",,""
"54176108010538","59836717010538",2003,39,57,2961,1,2003,5,0,,,,,"",2006-08-16,"10538","",,""
"54176109010538","59836717010538",2003,39,57,2961,2,2003,5,0,,,,,"",2006-08-16,"10538","",,""
"54176110010538","59836717010538",2003,39,57,2961,3,2003,5,0,,,,,"",2006-08-16,"10538","",,""
"54176111010538","59836717010538",2003,39,57,2961,4,2003,1,0,,,,,"",2006-08-16,"10538","",,""
"54177779010538","59838494010538",2003,39,67,4888,1,2003,0,0,,,,,"",2006-08-16,"10538","",,""
"54177780010538","59838494010538",2003,39,67,4888,2,2003,0,0,,,,,"",2006-08-16,"10538","",,""
"54177781010538","59838494010538",2003,39,67,4888,3,2003,15,0,,,,,"",2006-08-16,"10538","",,""
"54177782010538","59838494010538",2003,39,67,4888,4,2003,0,0,,,,,"",2006-08-16,"10538","",,""
"54175349010538","59839136010538",2003,39,71,5390,1,2003,15,0,,,,,"",2006-08-16,"10538","",,""
"54175350010538","59839136010538",2003,39,71,5390,2,2003,10,0,,,,,"",2006-08-16,"10538","",,""
"54175351010538","59839136010538",2003,39,71,5390,3,2003,60,0,,,,,"",2006-08-16,"10538","",,""
"54175352010538","59839136010538",2003,39,71,5390,4,2003,35,0,,,,,"",2006-08-16,"10538","",,""
"54172298010538","59841598010538",2003,39,87,2049,1,2003,15,0,,,,,"",2006-08-16,"10538","",,""
"54172299010538","59841598010538",2003,39,87,2049,2,2003,5,0,,,,,"",2006-08-16,"10538","",,""
"54172300010538","59841598010538",2003,39,87,2049,3,2003,40,0,,,,,"",2006-08-16,"10538","",,""
"54172301010538","59841598010538",2003,39,87,2049,4,2003,5,0,,,,,"",2006-08-16,"10538","",,""
"54179156010538","59842149010538",2003,39,91,4513,1,2003,10,0,,,,,"",2006-08-16,"10538","",,""
"54179157010538","59842149010538",2003,39,91,4513,2,2003,15,0,,,,,"",2006-08-16,"10538","",,""
"54179158010538","59842149010538",2003,39,91,4513,4,2003,5,0,,,,,"",2006-08-16,"10538","",,""
"54181434010538","59842363010538",2003,39,95,3536,1,2003,0,0,,,,,"",2006-08-16,"10538","",,""
"54181435010538","59842363010538",2003,39,95,3536,2,2003,0,0,,,,,"",2006-08-16,"10538","",,""
"54181436010538","59842363010538",2003,39,95,3536,3,2003,20,50,0,1,0,0,"",2006-08-16,"10538","",,""
"54181437010538","59842363010538",2003,39,95,3536,4,2003,30,40,0,1,0,0,"",2006-08-16,"10538","",,""
"54179112010538","59852459010538",2003,39,117,3433,1,2003,30,0,,,,,"",2006-08-16,"10538","",,""
"54179113010538","59852459010538",2003,39,117,3433,2,2003,30,0,,,,,"",2006-08-16,"10538","",,""
"54179114010538","59852459010538",2003,39,117,3433,3,2003,35,0,,,,,"",2006-08-16,"10538","",,""
"54179115010538","59852459010538",2003,39,117,3433,4,2003,10,0,,,,,"",2006-08-16,"10538","",,""
"54173993010538","59853254010538",2003,39,119,1245,1,2003,0,0,,,,,"",2006-08-16,"10538","",,""
"54173994010538","59853254010538",2003,39,119,1245,3,2003,20,0,,,,,"",2006-08-16,"10538","",,""
"54173672010538","59853380010538",2003,39,121,2146,1,2003,0,0,,,,,"",2006-08-16,"10538","",,""
"54173673010538","59853380010538",2003,39,121,2146,2,2003,0,0,,,,,"",2006-08-16,"10538","",,""
"54173674010538","59853380010538",2003,39,121,2146,3,2003,0,0,,,,,"",2006-08-16,"10538","",,""
"54173675010538","59853380010538",2003,39,121,2146,4,2003,0,0,,,,,"",2006-08-16,"10538","",,""
"54174969010538","59854367010538",2003,39,127,3072,1,2003,25,0,,,,,"",2006-08-16,"10538","",,""
"54174970010538","59854367010538",2003,39,127,3072,2,2003,5,0,,,,,"",2006-08-16,"10538","",,""
"54174971010538","59854367010538",2003,39,127,3072,3,2003,0,0,,,,,"",2006-08-16,"10538","",,""
"54174972010538","59854367010538",2003,39,127,3072,4,2003,5,0,,,,,"",2006-08-16,"10538","",,""
"54176482010538","59855376010538",2003,39,135,1422,1,2003,5,0,,,,,"",2006-08-16,"10538","",,""
"54176483010538","59855376010538",2003,39,135,1422,2,2003,0,0,,,,,"",2006-08-16,"10538","",,""
"54176484010538","59855376010538",2003,39,135,1422,3,2003,10,0,,,,,"",2006-08-16,"10538","",,""
"54176485010538","59855376010538",2003,39,135,1422,4,2003,40,0,,,,,"",2006-08-16,"10538","",,""
"54174685010538","59856286010538",2003,39,141,3077,1,2003,10,5,0,0,0,1,"",2006-08-16,"10538","",,""
"54174686010538","59856286010538",2003,39,141,3077,3,2003,15,25,1,1,1,0,"",2006-08-16,"10538","",,""
"54174687010538","59856286010538",2003,39,141,3077,4,2003,10,0,,,,,"",2006-08-16,"10538","",,""
"54172654010538","59857241010538",2003,39,145,4951,1,2003,1,30,0,1,0,0,"",2006-08-16,"10538","",,""
"54172655010538","59857241010538",2003,39,145,4951,2,2003,0,0,,,,,"",2006-08-16,"10538","",,""
"54172656010538","59857241010538",2003,39,145,4951,3,2003,20,0,,,,,"",2006-08-16,"10538","",,""
"54172657010538","59857241010538",2003,39,145,4951,4,2003,0,0,,,,,"",2006-08-16,"10538","",,""
"54180899010538","59858451010538",2003,39,155,3843,4,2003,80,0,,,,,"",2006-08-16,"10538","",,""
"54178506010538","59859396010538",2003,39,157,3047,1,2003,0,0,,,,,"",2006-08-16,"10538","",,""
"54178507010538","59859396010538",2003,39,157,3047,2,2003,5,0,,,,,"",2006-08-16,"10538","",,""
"54175822010538","59860065010538",2003,39,165,2505,2,2003,60,0,,,,,"",2006-08-16,"10538","",,""
"54178508010538","59859396010538",2003,39,157,3047,3,2003,5,0,,,,,"",2006-08-16,"10538","",,""
"54178509010538","59859396010538",2003,39,157,3047,4,2003,0,0,,,,,"",2006-08-16,"10538","",,""
"54175821010538","59860065010538",2003,39,165,2505,1,2003,60,0,,,,,"",2006-08-16,"10538","",,""
"54175823010538","59860065010538",2003,39,165,2505,3,2003,40,0,,,,,"",2006-08-16,"10538","",,""
"54175824010538","59860065010538",2003,39,165,2505,4,2003,20,0,,,,,"",2006-08-16,"10538","",,""
"56709375010538","59884897010538",2004,39,13,3399,3,2004,35,30,0,1,0,0,"",2006-08-16,"10538","",,""
"56708356010538","59885224010538",2004,39,13,4479,1,2004,15,0,,,,,"",2006-08-16,"10538","",,""
"56708357010538","59885224010538",2004,39,13,4479,2,2004,20,0,,,,,"",2006-08-16,"10538","",,""
"56707339010538","59886638010538",2004,39,25,5374,4,2004,5,0,,,,,"",2006-08-16,"10538","",,""
"56708358010538","59885224010538",2004,39,13,4479,3,2004,10,0,,,,,"",2006-08-16,"10538","",,""
"56708359010538","59885224010538",2004,39,13,4479,4,2004,20,0,,,,,"",2006-08-16,"10538","",,""
"56707336010538","59886638010538",2004,39,25,5374,1,2004,10,0,,,,,"",2006-08-16,"10538","",,""
"56707337010538","59886638010538",2004,39,25,5374,2,2004,30,80,0,0,1,0,"",2006-08-16,"10538","",,""
"56707338010538","59886638010538",2004,39,25,5374,3,2004,5,0,,,,,"",2006-08-16,"10538","",,""
"56708498010538","59886738010538",2004,39,27,3456,1,2004,5,0,,,,,"",2006-08-16,"10538","",,""
"56708499010538","59886738010538",2004,39,27,3456,2,2004,5,0,,,,,"",2006-08-16,"10538","",,""
"56708500010538","59886738010538",2004,39,27,3456,3,2004,1,0,,,,,"",2006-08-16,"10538","",,""
"56708501010538","59886738010538",2004,39,27,3456,4,2004,1,0,,,,,"",2006-08-16,"10538","",,""
"56709453010538","59887136010538",2004,39,29,2347,1,2004,20,70,0,1,0,0,"",2006-08-16,"10538","",,""
"56709454010538","59887136010538",2004,39,29,2347,2,2004,60,0,,,,,"",2006-08-16,"10538","",,""
"56709455010538","59887136010538",2004,39,29,2347,3,2004,20,70,0,1,0,0,"",2006-08-16,"10538","",,""
"56709456010538","59887136010538",2004,39,29,2347,4,2004,45,0,,,,,"",2006-08-16,"10538","",,""
"56709626010538","59872676010538",2004,39,41,3878,1,2004,5,0,,,,,"",2006-08-16,"10538","",,""
"56709627010538","59872676010538",2004,39,41,3878,3,2004,20,35,0,1,0,0,"",2006-08-16,"10538","",,""
"56707293010538","59873691010538",2004,39,53,3579,1,2004,5,0,,,,,"",2006-08-16,"10538","",,""
"56707294010538","59873691010538",2004,39,53,3579,2,2004,5,0,,,,,"",2006-08-16,"10538","",,""
"56707295010538","59873691010538",2004,39,53,3579,3,2004,10,0,,,,,"",2006-08-16,"10538","",,""
"56707296010538","59873691010538",2004,39,53,3579,4,2004,10,0,,,,,"",2006-08-16,"10538","",,""
"56709544010538","59875046010538",2004,39,59,2535,2,2004,5,0,,,,,"",2006-08-16,"10538","",,""
"56709545010538","59875046010538",2004,39,59,2535,4,2004,10,0,,,,,"",2006-08-16,"10538","",,""
"56708553010538","59875667010538",2004,39,61,2063,1,2004,25,0,,,,,"",2006-08-16,"10538","",,""
"56708554010538","59875667010538",2004,39,61,2063,2,2004,35,0,,,,,"",2006-08-16,"10538","",,""
"56708555010538","59875667010538",2004,39,61,2063,3,2004,25,0,,,,,"",2006-08-16,"10538","",,""
"56708556010538","59875667010538",2004,39,61,2063,4,2004,35,0,,,,,"",2006-08-16,"10538","",,""
"56708401010538","59877102010538",2004,39,73,5262,1,2004,0,0,,,,,"",2006-08-16,"10538","",,""
"56708402010538","59877102010538",2004,39,73,5262,2,2004,0,0,,,,,"",2006-08-16,"10538","",,""
"56708403010538","59877102010538",2004,39,73,5262,3,2004,0,10,0,1,0,0,"",2006-08-16,"10538","",,""
"56708404010538","59877102010538",2004,39,73,5262,4,2004,5,0,,,,,"",2006-08-16,"10538","",,""
"56709656010538","59877582010538",2004,39,75,1717,1,2004,10,10,0,1,0,0,"",2006-08-16,"10538","",,""
"56709657010538","59877582010538",2004,39,75,1717,2,2004,5,5,0,1,0,0,"",2006-08-16,"10538","",,""
"56709658010538","59877582010538",2004,39,75,1717,3,2004,5,0,,,,,"",2006-08-16,"10538","",,""
"56709659010538","59877582010538",2004,39,75,1717,4,2004,5,0,,,,,"",2006-08-16,"10538","",,""
"56711428010538","59878049010538",2004,39,77,3789,2,2004,15,0,,,,,"",2006-08-16,"10538","",,""
"56709405010538","59879090010538",2004,39,81,5147,1,2004,5,0,,,,,"",2006-08-16,"10538","",,""
"56709406010538","59879090010538",2004,39,81,5147,2,2004,60,0,,,,,"",2006-08-16,"10538","",,""
"56709407010538","59879090010538",2004,39,81,5147,3,2004,20,40,0,1,0,0,"",2006-08-16,"10538","",,""
"56709408010538","59879090010538",2004,39,81,5147,4,2004,5,0,,,,,"",2006-08-16,"10538","",,""
"56709577010538","59880373010538",2004,39,89,1536,1,2004,0,25,0,1,0,0,"",2006-08-16,"10538","",,""
"56709578010538","59880373010538",2004,39,89,1536,2,2004,0,0,,,,,"",2006-08-16,"10538","",,""
"56709579010538","59880373010538",2004,39,89,1536,3,2004,0,0,,,,,"",2006-08-16,"10538","",,""
"56709580010538","59880373010538",2004,39,89,1536,4,2004,0,0,,,,,"",2006-08-16,"10538","",,""
"56711384010538","59882113010538",2004,39,103,4704,1,2004,30,0,,,,,"",2006-08-16,"10538","",,""
"56711385010538","59882113010538",2004,39,103,4704,2,2004,20,0,,,,,"",2006-08-16,"10538","",,""
"56711386010538","59882113010538",2004,39,103,4704,3,2004,20,0,,,,,"",2006-08-16,"10538","",,""
"56709705010538","59882851010538",2004,39,107,4902,2,2004,5,0,,,,,"",2006-08-16,"10538","",,""
"56708601010538","59862539010538",2004,39,113,1116,1,2004,10,0,,,,,"",2006-08-16,"10538","",,""
"56708602010538","59862539010538",2004,39,113,1116,2,2004,1,0,,,,,"",2006-08-16,"10538","",,""
"56708603010538","59862539010538",2004,39,113,1116,3,2004,25,0,,,,,"",2006-08-16,"10538","",,""
"56708604010538","59862539010538",2004,39,113,1116,4,2004,5,0,,,,,"",2006-08-16,"10538","",,""
"56708451010538","59865858010538",2004,39,141,4924,1,2004,5,0,,,,,"",2006-08-16,"10538","",,""
"56708452010538","59865858010538",2004,39,141,4924,2,2004,5,0,,,,,"",2006-08-16,"10538","",,""
"56708453010538","59865858010538",2004,39,141,4924,3,2004,0,0,,,,,"",2006-08-16,"10538","",,""
"56708454010538","59865858010538",2004,39,141,4924,4,2004,30,95,1,0,0,0,"",2006-08-16,"10538","",,""
"56711454010538","59867573010538",2004,39,147,4302,4,2004,40,0,,,,,"",2006-08-16,"10538","",,""
"56711315010538","59868956010538",2004,39,155,4794,1,2004,65,0,,,,,"",2006-08-16,"10538","",,""
"56711316010538","59868956010538",2004,39,155,4794,2,2004,45,0,,,,,"",2006-08-16,"10538","",,""
"56711317010538","59868956010538",2004,39,155,4794,3,2004,45,0,,,,,"",2006-08-16,"10538","",,""
"56711318010538","59868956010538",2004,39,155,4794,4,2004,75,0,,,,,"",2006-08-16,"10538","",,""
"56708311010538","59871051010538",2004,39,167,2121,1,2004,5,10,0,1,0,0,"",2006-08-16,"10538","",,""
"56708312010538","59871051010538",2004,39,167,2121,2,2004,10,10,0,1,0,0,"",2006-08-16,"10538","",,""
"56708313010538","59871051010538",2004,39,167,2121,3,2004,5,0,,,,,"",2006-08-16,"10538","",,""
"56708314010538","59871051010538",2004,39,167,2121,4,2004,5,0,,,,,"",2006-08-16,"10538","",,""
"56708291010538","59871176010538",2004,39,167,3682,2,2004,5,0,,,,,"",2006-08-16,"10538","",,""
"62051275010538","66400505010538",2005,39,15,4442,1,2005,10,50,0,0,1,0,"",2006-08-16,"10538","",,""
"62051276010538","66400505010538",2005,39,15,4442,4,2005,20,60,0,0,1,0,"",2006-08-16,"10538","",,""
"62051505010538","66400768010538",2005,39,19,1299,1,2005,5,15,0,1,0,0,"",2006-08-16,"10538","",,""
"62051506010538","66400768010538",2005,39,19,1299,2,2005,0,60,0,0,1,0,"",2006-08-16,"10538","",,""
"62051507010538","66400768010538",2005,39,19,1299,3,2005,10,10,1,1,0,0,"",2006-08-16,"10538","",,""
"62051508010538","66400768010538",2005,39,19,1299,4,2005,20,20,1,1,0,0,"",2006-08-16,"10538","",,""
"62051538010538","66401283010538",2005,39,21,2936,1,2005,20,0,,,,,"",2006-08-16,"10538","",,""
"62051539010538","66401283010538",2005,39,21,2936,3,2005,10,0,,,,,"",2006-08-16,"10538","",,""
"62051530010538","66402727010538",2005,39,33,4995,1,2005,1,0,,,,,"",2006-08-16,"10538","",,""
"62051531010538","66402727010538",2005,39,33,4995,3,2005,0,0,,,,,"",2006-08-16,"10538","",,""
"62051532010538","66402727010538",2005,39,33,4995,4,2005,20,0,,,,,"",2006-08-16,"10538","",,""
"62051545010538","66404522010538",2005,39,37,1088,3,2005,20,0,,,,,"",2006-08-16,"10538","",,""
"62051514010538","66406855010538",2005,39,59,5447,1,2005,1,0,,,,,"",2006-08-16,"10538","",,""
"62051515010538","66406855010538",2005,39,59,5447,2,2005,10,0,,,,,"",2006-08-16,"10538","",,""
"62051516010538","66406855010538",2005,39,59,5447,4,2005,5,5,0,1,0,0,"",2006-08-16,"10538","",,""
"62051455010538","66407100010538",2005,39,61,2287,1,2005,5,0,,,,,"",2006-08-16,"10538","",,""
"62051456010538","66407100010538",2005,39,61,2287,2,2005,20,10,0,1,0,0,"",2006-08-16,"10538","",,""
"62051457010538","66407100010538",2005,39,61,2287,4,2005,20,1,0,1,0,0,"",2006-08-16,"10538","",,""
"62051522010538","66407916010538",2005,39,67,1501,1,2005,0,0,,,,,"",2006-08-16,"10538","",,""
"62051523010538","66407916010538",2005,39,67,1501,3,2005,0,0,,,,,"",2006-08-16,"10538","",,""
"62051524010538","66407916010538",2005,39,67,1501,4,2005,35,0,,,,,"",2006-08-16,"10538","",,""
"62051716010538","66407994010538",2005,39,69,5636,1,2005,0,0,,,,,"",2006-08-16,"10538","",,""
"62051717010538","66407994010538",2005,39,69,5636,2,2005,40,0,,,,,"",2006-08-16,"10538","",,""
"62051718010538","66407994010538",2005,39,69,5636,3,2005,40,0,,,,,"",2006-08-16,"10538","",,""
"62051431010538","66409182010538",2005,39,73,1771,1,2005,10,10,1,0,0,0,"",2006-08-16,"10538","",,""
"62051432010538","66409182010538",2005,39,73,1771,3,2005,1,0,,,,,"",2006-08-16,"10538","",,""
"62051433010538","66409182010538",2005,39,73,1771,4,2005,10,0,,,,,"",2006-08-16,"10538","",,""
"62051257010538","66410984010538",2005,39,87,1355,1,2005,80,80,1,1,1,0,"",2006-08-16,"10538","",,""
"62051258010538","66410984010538",2005,39,87,1355,2,2005,1,0,,,,,"",2006-08-16,"10538","",,""
"62051259010538","66410984010538",2005,39,87,1355,3,2005,20,10,0,1,0,0,"",2006-08-16,"10538","",,""
"62051260010538","66410984010538",2005,39,87,1355,4,2005,10,10,0,1,0,0,"",2006-08-16,"10538","",,""
"62051694010538","66412678010538",2005,39,99,3684,1,2005,5,5,0,1,0,0,"",2006-08-16,"10538","",,""
"62051695010538","66412678010538",2005,39,99,3684,2,2005,10,5,0,1,0,0,"",2006-08-16,"10538","",,""
"62051696010538","66412678010538",2005,39,99,3684,3,2005,5,0,,,,,"",2006-08-16,"10538","",,""
"62051697010538","66412678010538",2005,39,99,3684,4,2005,5,5,0,1,0,0,"",2006-08-16,"10538","",,""
"62051239010538","66413241010538",2005,39,105,2390,1,2005,0,0,,,,,"",2006-08-16,"10538","",,""
"62051240010538","66413241010538",2005,39,105,2390,2,2005,5,15,0,1,0,0,"",2006-08-16,"10538","",,""
"62051241010538","66413241010538",2005,39,105,2390,3,2005,1,0,,,,,"",2006-08-16,"10538","",,""
"62051242010538","66413241010538",2005,39,105,2390,4,2005,5,1,0,1,0,0,"",2006-08-16,"10538","",,""
"62051472010538","66414281010538",2005,39,113,3539,1,2005,10,0,,,,,"",2006-08-16,"10538","",2007-01-04,"10538"
"62051473010538","66414281010538",2005,39,113,3539,2,2005,10,0,,,,,"",2006-08-16,"10538","",2007-01-04,"10538"
"62051446010538","66415946010538",2005,39,119,2977,1,2005,0,0,,,,,"",2006-08-16,"10538","",,""
"62051447010538","66415946010538",2005,39,119,2977,2,2005,1,0,,,,,"",2006-08-16,"10538","",,""
"62051448010538","66415946010538",2005,39,119,2977,3,2005,1,0,,,,,"",2006-08-16,"10538","",,""
"62051449010538","66415946010538",2005,39,119,2977,4,2005,1,0,,,,,"",2006-08-16,"10538","",,""
"62051416010538","66416242010538",2005,39,121,4839,3,2005,0,0,,,,,"",2006-08-16,"10538","",,""
"62051439010538","66416953010538",2005,39,129,4055,1,2005,20,0,,,,,"",2006-08-16,"10538","",,""
"62051440010538","66416953010538",2005,39,129,4055,4,2005,60,0,,,,,"",2006-08-16,"10538","",,""
"62051266010538","66419770010538",2005,39,145,2326,1,2005,0,25,0,1,0,0,"",2006-08-16,"10538","",,""
"62051267010538","66419770010538",2005,39,145,2326,2,2005,1,60,0,1,1,0,"",2006-08-16,"10538","",,""
"62051268010538","66419770010538",2005,39,145,2326,3,2005,5,0,,,,,"",2006-08-16,"10538","",,""
"62051269010538","66419770010538",2005,39,145,2326,4,2005,0,5,0,1,0,0,"",2006-08-16,"10538","",,""
"62051710010538","66420013010538",2005,39,147,4936,2,2005,0,0,,,,,"",2006-08-16,"10538","",,""
"62051422010538","66422502010538",2005,39,163,2417,1,2005,5,30,1,0,0,0,"",2006-08-16,"10538","",,""
"62051423010538","66422502010538",2005,39,163,2417,2,2005,0,0,,,,,"",2006-08-16,"10538","",,""
"62051424010538","66422502010538",2005,39,163,2417,3,2005,20,0,,,,,"",2006-08-16,"10538","",,""
"62051425010538","66422502010538",2005,39,163,2417,4,2005,30,10,0,1,0,0,"",2006-08-16,"10538","",,""
"62051463010538","66422980010538",2005,39,165,2886,1,2005,0,60,0,0,1,0,"",2006-08-16,"10538","",,""
"62051464010538","66422980010538",2005,39,165,2886,2,2005,50,0,,,,,"",2006-08-16,"10538","",,""
"62051465010538","66422980010538",2005,39,165,2886,3,2005,0,0,,,,,"",2006-08-16,"10538","",,""
"62051466010538","66422980010538",2005,39,165,2886,4,2005,40,0,,,,,"",2006-08-16,"10538","",,""
"211868226020004","247063599010661",2012,39,1,561,1,2012,1,0,,,,,"",2013-07-15,"20004","",,""
"211868227020004","247063599010661",2012,39,1,561,2,2012,1,0,,,,,"",2013-07-15,"20004","",,""
"211868228020004","247063599010661",2012,39,1,561,3,2012,1,15,0,1,0,0,"",2013-07-15,"20004","",,""
"211868229020004","247063599010661",2012,39,1,561,4,2012,1,15,0,1,0,0,"",2013-07-15,"20004","",,""
"211874670020004","247063873010661",2012,39,7,120,1,2012,0,0,,,,,"",2013-07-15,"20004","",,""
"211874671020004","247063873010661",2012,39,7,120,2,2012,0,0,,,,,"",2013-07-15,"20004","",,""
"211874672020004","247063873010661",2012,39,7,120,3,2012,0,0,,,,,"",2013-07-15,"20004","",,""
"211874673020004","247063873010661",2012,39,7,120,4,2012,0,0,,,,,"",2013-07-15,"20004","",,""
"211873517020004","247063836010661",2012,39,9,598,1,2012,5,1,0,1,0,0,"",2013-07-15,"20004","",,""
"211873518020004","247063836010661",2012,39,9,598,2,2012,5,1,0,1,0,0,"",2013-07-15,"20004","",,""
"211873519020004","247063836010661",2012,39,9,598,3,2012,0,0,,,,,"",2013-07-15,"20004","",,""
"211873520020004","247063836010661",2012,39,9,598,4,2012,0,0,,,,,"",2013-07-15,"20004","",,""
"211866263020004","247063335010661",2012,39,17,722,1,2012,0,,,,,,"",2013-07-15,"20004","",,""
"211866264020004","247063335010661",2012,39,17,722,2,2012,0,,,,,,"",2013-07-15,"20004","",,""
"211866265020004","247063335010661",2012,39,17,722,3,2012,0,,,,,,"",2013-07-15,"20004","",,""
"211866266020004","247063335010661",2012,39,17,722,4,2012,5,0,,,,,"",2013-07-15,"20004","",,""
"211877371020004","247063962010661",2012,39,29,606,1,2012,1,0,,,,,"",2013-07-15,"20004","",,""
"211877372020004","247063962010661",2012,39,29,606,2,2012,5,0,,,,,"",2013-07-15,"20004","",,""
"211877373020004","247063962010661",2012,39,29,606,3,2012,1,0,,,,,"",2013-07-15,"20004","",,""
"211877374020004","247063962010661",2012,39,29,606,4,2012,0,0,,,,,"",2013-07-15,"20004","",,""
"211865329020004","247063223010661",2012,39,35,575,1,2012,1,0,,,,,"",2013-07-15,"20004","",,""
"211865330020004","247063223010661",2012,39,35,575,2,2012,5,0,,,,,"",2013-07-15,"20004","",,""
"211865331020004","247063223010661",2012,39,35,575,3,2012,5,5,0,0,1,0,"",2013-07-15,"20004","",,""
"211865332020004","247063223010661",2012,39,35,575,4,2012,5,5,0,1,0,0,"",2013-07-15,"20004","",,""
"211873903020004","247063844010661",2012,39,53,778,1,2012,5,10,0,1,0,0,"",2013-07-15,"20004","",,""
"211873904020004","247063844010661",2012,39,53,778,2,2012,1,1,0,1,1,0,"",2013-07-15,"20004","",,""
"211873905020004","247063844010661",2012,39,53,778,3,2012,0,0,,,,,"",2013-07-15,"20004","",,""
"211873906020004","247063844010661",2012,39,53,778,4,2012,5,0,,,,,"",2013-07-15,"20004","",,""
"211874540020004","247063864010661",2012,39,59,225,1,2012,0,0,,,,,"",2013-07-15,"20004","",,""
"211874541020004","247063864010661",2012,39,59,225,2,2012,50,0,,,,,"",2013-07-15,"20004","",,""
"211874542020004","247063864010661",2012,39,59,225,3,2012,0,0,,,,,"",2013-07-15,"20004","",,""
"211874543020004","247063864010661",2012,39,59,225,4,2012,0,0,,,,,"",2013-07-15,"20004","",,""
"211866475020004","247063340010661",2012,39,61,506,4,2012,45,0,,,,,"",2013-07-15,"20004","",,""
"211866472020004","247063340010661",2012,39,61,506,1,2012,50,0,,,,,"",2013-07-15,"20004","",,""
"211866473020004","247063340010661",2012,39,61,506,2,2012,5,0,,,,,"",2013-07-15,"20004","",,""
"211866474020004","247063340010661",2012,39,61,506,3,2012,70,70,0,0,1,1,"",2013-07-15,"20004","",,""
"211877558020004","247063968010661",2012,39,67,363,1,2012,0,0,,,,,"",2013-07-15,"20004","",,""
"211877559020004","247063968010661",2012,39,67,363,2,2012,5,0,,,,,"",2013-07-15,"20004","",,""
"211877560020004","247063968010661",2012,39,67,363,3,2012,5,0,,,,,"",2013-07-15,"20004","",,""
"211877561020004","247063968010661",2012,39,67,363,4,2012,5,0,,,,,"",2013-07-15,"20004","",,""
"211870597020004","247063725010661",2012,39,73,197,1,2012,5,15,0,1,0,0,"",2013-07-15,"20004","",,""
"211870598020004","247063725010661",2012,39,73,197,2,2012,10,0,,,,,"",2013-07-15,"20004","",,""
"211870599020004","247063725010661",2012,39,73,197,3,2012,1,0,,,,,"",2013-07-15,"20004","",,""
"211870600020004","247063725010661",2012,39,73,197,4,2012,5,0,,,,,"",2013-07-15,"20004","",,""
"211871399020004","247063758010661",2012,39,83,604,1,2012,5,1,1,1,0,0,"",2013-07-15,"20004","",,""
"211871400020004","247063758010661",2012,39,83,604,2,2012,0,0,,,,,"",2013-07-15,"20004","",,""
"211871401020004","247063758010661",2012,39,83,604,3,2012,0,0,,,,,"",2013-07-15,"20004","",,""
"211871402020004","247063758010661",2012,39,83,604,4,2012,10,0,,,,,"",2013-07-15,"20004","",,""
"211874187020004","247063849010661",2012,39,87,319,1,2012,1,1,0,1,0,0,"",2013-07-15,"20004","",,""
"211874188020004","247063849010661",2012,39,87,319,2,2012,0,0,,,,,"",2013-07-15,"20004","",,""
"211874189020004","247063849010661",2012,39,87,319,3,2012,1,1,0,1,1,0,"",2013-07-15,"20004","",,""
"211874190020004","247063849010661",2012,39,87,319,4,2012,1,1,1,0,0,0,"",2013-07-15,"20004","",,""
"211876788020004","247063945010661",2012,39,111,537,1,2012,1,0,,,,,"",2013-07-15,"20004","",,""
"211876789020004","247063945010661",2012,39,111,537,2,2012,45,55,0,0,1,1,"",2013-07-15,"20004","",,""
"211876790020004","247063945010661",2012,39,111,537,3,2012,1,0,,,,,"",2013-07-15,"20004","",,""
"211876791020004","247063945010661",2012,39,111,537,4,2012,20,20,0,0,1,1,"",2013-07-15,"20004","",,""
"211874819020004","247063879010661",2012,39,133,64,1,2012,1,0,,,,,"",2013-07-15,"20004","",,""
"211874820020004","247063879010661",2012,39,133,64,2,2012,1,0,,,,,"",2013-07-15,"20004","",,""
"211874821020004","247063879010661",2012,39,133,64,3,2012,1,0,,,,,"",2013-07-15,"20004","",,""
"211874822020004","247063879010661",2012,39,133,64,4,2012,0,0,,,,,"",2013-07-15,"20004","",,""
"211869865020004","247063695010661",2012,39,145,33,1,2012,1,0,,,,,"",2013-07-15,"20004","",,""
"211869866020004","247063695010661",2012,39,145,33,2,2012,5,10,0,1,0,0,"",2013-07-15,"20004","",,""
"211869867020004","247063695010661",2012,39,145,33,3,2012,1,0,,,,,"",2013-07-15,"20004","",,""
"211869868020004","247063695010661",2012,39,145,33,4,2012,1,5,0,1,0,0,"",2013-07-15,"20004","",,""
"211877138020004","247063951010661",2012,39,167,404,1,2012,5,0,,,,,"",2013-07-15,"20004","",,""
"211877139020004","247063951010661",2012,39,167,404,2,2012,1,0,,,,,"",2013-07-15,"20004","",,""
"211877140020004","247063951010661",2012,39,167,404,3,2012,5,5,0,1,0,0,"",2013-07-15,"20004","",,""
"211877141020004","247063951010661",2012,39,167,404,4,2012,0,0,,,,,"",2013-07-15,"20004","",,""
"271061658489998","16232407020004",2013,39,1,5656,1,2013,1,10,0,1,0,0,"",2014-07-22,"489998","",,""
"271061659489998","16232407020004",2013,39,1,5656,2,2013,1,0,,,,,"",2014-07-22,"489998","",,""
"271061660489998","16232407020004",2013,39,1,5656,3,2013,1,15,0,1,0,0,"",2014-07-22,"489998","",,""
"271061661489998","16232407020004",2013,39,1,5656,4,2013,1,15,0,1,0,0,"",2014-07-22,"489998","",,""
"271071027489998","16232912020004",2013,39,13,2644,1,2013,0,10,0,1,0,0,"",2014-07-22,"489998","",,""
"271071028489998","16232912020004",2013,39,13,2644,2,2013,0,0,,,,,"",2014-07-22,"489998","",,""
"271071029489998","16232912020004",2013,39,13,2644,3,2013,0,0,,,,,"",2014-07-22,"489998","",,""
"271071030489998","16232912020004",2013,39,13,2644,4,2013,1,0,,,,,"",2014-07-22,"489998","",,""
"271062969489998","16232500020004",2013,39,15,2715,4,2013,5,1,0,1,0,0,"",2014-07-22,"489998","",,""
"271065366489998","16232740020004",2013,39,31,4927,1,2013,0,0,,,,,"",2014-07-22,"489998","",,""
"271065367489998","16232740020004",2013,39,31,4927,2,2013,0,0,,,,,"",2014-07-22,"489998","",,""
"271065368489998","16232740020004",2013,39,31,4927,3,2013,0,0,,,,,"",2014-07-22,"489998","",,""
"271065369489998","16232740020004",2013,39,31,4927,4,2013,0,0,,,,,"",2014-07-22,"489998","",,""
"271075103489998","16233044020004",2013,39,73,4384,1,2013,1,0,,,,,"",2014-07-22,"489998","",,""
"271070073489998","16232880020004",2013,39,59,1944,1,2013,0,0,,,,,"",2014-07-22,"489998","",,""
"271070074489998","16232880020004",2013,39,59,1944,2,2013,0,0,,,,,"",2014-07-22,"489998","",,""
"271070075489998","16232880020004",2013,39,59,1944,4,2013,0,0,,,,,"",2014-07-22,"489998","",,""
"271075104489998","16233044020004",2013,39,73,4384,2,2013,5,15,0,1,0,0,"",2014-07-22,"489998","",,""
"271075105489998","16233044020004",2013,39,73,4384,3,2013,1,0,,,,,"",2014-07-22,"489998","",,""
"271075106489998","16233044020004",2013,39,73,4384,4,2013,5,0,,,,,"",2014-07-22,"489998","",,""
"271075563489998","16233051020004",2013,39,79,2106,1,2013,5,0,,,,,"",2014-07-22,"489998","",,""
"271075564489998","16233051020004",2013,39,79,2106,2,2013,5,20,0,1,0,0,"",2014-07-22,"489998","",,""
"271075565489998","16233051020004",2013,39,79,2106,3,2013,0,0,,,,,"",2014-07-22,"489998","",,""
"271075566489998","16233051020004",2013,39,79,2106,4,2013,5,25,0,1,0,0,"",2014-07-22,"489998","",,""
"271074819489998","16233038020004",2013,39,99,5047,2,2013,1,0,,,,,"",2014-07-22,"489998","",,""
"271074389489998","16233029020004",2013,39,105,2981,1,2013,5,0,,,,,"",2014-07-22,"489998","",,""
"271074390489998","16233029020004",2013,39,105,2981,2,2013,20,10,0,1,0,0,"",2014-07-22,"489998","",,""
"271074391489998","16233029020004",2013,39,105,2981,3,2013,5,5,0,1,0,0,"",2014-07-22,"489998","",,""
"271074392489998","16233029020004",2013,39,105,2981,4,2013,5,0,,,,,"",2014-07-22,"489998","",,""
"271071332489998","16232918020004",2013,39,111,3407,1,2013,5,0,,,,,"",2014-07-22,"489998","",,""
"271071333489998","16232918020004",2013,39,111,3407,2,2013,0,0,,,,,"",2014-07-22,"489998","",,""
"271071334489998","16232918020004",2013,39,111,3407,3,2013,5,0,,,,,"",2014-07-22,"489998","",,""
"271071335489998","16232918020004",2013,39,111,3407,4,2013,5,0,,,,,"",2014-07-22,"489998","",,""
"271073736489998","16233015020004",2013,39,119,1949,1,2013,0,0,,,,,"",2014-07-22,"489998","",,""
"271073737489998","16233015020004",2013,39,119,1949,2,2013,5,10,1,0,0,0,"",2014-07-22,"489998","",,""
"271073738489998","16233015020004",2013,39,119,1949,3,2013,10,10,1,0,0,0,"",2014-07-22,"489998","",,""
"271073739489998","16233015020004",2013,39,119,1949,4,2013,5,10,0,1,0,0,"",2014-07-22,"489998","",,""
"271073923489998","16233019020004",2013,39,127,918,1,2013,0,0,,,,,"",2014-07-22,"489998","",,""
"271073924489998","16233019020004",2013,39,127,918,2,2013,0,0,,,,,"",2014-07-22,"489998","",,""
"271073925489998","16233019020004",2013,39,127,918,3,2013,0,0,,,,,"",2014-07-22,"489998","",,""
"271061286489998","16232402020004",2013,39,131,2188,1,2013,5,20,0,1,0,0,"",2014-07-22,"489998","",,""
"271061287489998","16232402020004",2013,39,131,2188,2,2013,1,5,0,1,0,0,"",2014-07-22,"489998","",,""
"271061288489998","16232402020004",2013,39,131,2188,3,2013,5,5,0,1,0,0,"",2014-07-22,"489998","",,""
"271061289489998","16232402020004",2013,39,131,2188,4,2013,1,0,,,,,"",2014-07-22,"489998","",,""
"271061753489998","16232416020004",2013,39,139,3570,2,2013,0,0,,,,,"",2014-07-22,"489998","",,""
"271065852489998","16232760020004",2013,39,141,5316,1,2013,5,0,,,,,"",2014-07-22,"489998","",,""
"271065853489998","16232760020004",2013,39,141,5316,2,2013,25,10,0,1,0,0,"",2014-07-22,"489998","",,""
"271065854489998","16232760020004",2013,39,141,5316,3,2013,25,15,0,1,0,0,"",2014-07-22,"489998","",,""
"271065855489998","16232760020004",2013,39,141,5316,4,2013,5,5,0,1,0,0,"",2014-07-22,"489998","",,""
"271069406489998","16232862020004",2013,39,145,2227,1,2013,1,0,,,,,"",2014-07-22,"489998","",,""
"271069407489998","16232862020004",2013,39,145,2227,2,2013,1,0,,,,,"",2014-07-22,"489998","",,""
"271069408489998","16232862020004",2013,39,145,2227,3,2013,1,0,,,,,"",2014-07-22,"489998","",,""
"271069409489998","16232862020004",2013,39,145,2227,4,2013,5,0,,,,,"",2014-07-22,"489998","",,""
"271075680489998","16233054020004",2013,39,153,3576,1,2013,0,0,,,,,"",2014-07-22,"489998","",,""
"271075681489998","16233054020004",2013,39,153,3576,2,2013,0,0,,,,,"",2014-07-22,"489998","",,""
"271075682489998","16233054020004",2013,39,153,3576,3,2013,5,0,,,,,"",2014-07-22,"489998","",,""
"271075683489998","16233054020004",2013,39,153,3576,4,2013,0,0,,,,,"",2014-07-22,"489998","",,""
"271074547489998","16233032020004",2013,39,155,5061,1,2013,1,0,,,,,"",2014-07-22,"489998","",,""
"271074548489998","16233032020004",2013,39,155,5061,2,2013,1,0,,,,,"",2014-07-22,"489998","",,""
"271074549489998","16233032020004",2013,39,155,5061,3,2013,0,0,,,,,"",2014-07-22,"489998","",,""
"271076605489998","16233083020004",2013,39,167,2110,1,2013,0,0,,,,,"",2014-07-22,"489998","",,""
"271076606489998","16233083020004",2013,39,167,2110,2,2013,1,0,,,,,"",2014-07-22,"489998","",,""
"271076607489998","16233083020004",2013,39,167,2110,3,2013,15,5,0,1,0,0,"",2014-07-22,"489998","",,""
"271076608489998","16233083020004",2013,39,167,2110,4,2013,0,0,,,,,"",2014-07-22,"489998","",,""
"334955710489998","171867917020004",2014,39,5,4827,1,2014,0,10,0,1,0,0,"",2015-06-01,"489998","",,""
"334955711489998","171867917020004",2014,39,5,4827,2,2014,0,20,0,1,0,0,"",2015-06-01,"489998","",,""
"334955712489998","171867917020004",2014,39,5,4827,3,2014,0,0,,,,,"",2015-06-01,"489998","",,""
"334960945489998","171868088020004",2014,39,9,2380,1,2014,5,35,0,1,0,0,"",2015-06-01,"489998","",,""
"334960946489998","171868088020004",2014,39,9,2380,2,2014,5,0,,,,,"",2015-06-01,"489998","",,""
"334960947489998","171868088020004",2014,39,9,2380,3,2014,5,40,0,1,1,0,"",2015-06-01,"489998","",,""
"334960948489998","171868088020004",2014,39,9,2380,4,2014,0,0,,,,,"",2015-06-01,"489998","",,""
"334951668489998","171867720020004",2014,39,11,2083,2,2014,10,5,0,1,0,0,"",2015-06-01,"489998","",,""
"334952038489998","171867746020004",2014,39,15,3247,1,2014,5,0,,,,,"",2015-06-01,"489998","",,""
"334952039489998","171867746020004",2014,39,15,3247,2,2014,5,20,0,1,0,0,"",2015-06-01,"489998","",,""
"334952040489998","171867746020004",2014,39,15,3247,3,2014,5,5,0,1,0,0,"",2015-06-01,"489998","",,""
"334952041489998","171867746020004",2014,39,15,3247,4,2014,5,15,0,1,0,0,"",2015-06-01,"489998","",,""
"334956796489998","171867937020004",2014,39,19,2633,1,2014,5,5,0,1,0,0,"",2015-06-01,"489998","",,""
"334956797489998","171867937020004",2014,39,19,2633,2,2014,5,5,1,0,0,0,"",2015-06-01,"489998","",,""
"334956798489998","171867937020004",2014,39,19,2633,3,2014,10,0,,,,,"",2015-06-01,"489998","",,""
"334956799489998","171867937020004",2014,39,19,2633,4,2014,0,0,,,,,"",2015-06-01,"489998","",,""
"334959775489998","171868044020004",2014,39,29,5665,2,2014,0,0,,,,,"",2015-06-01,"489998","",,""
"334949970489998","171867601020004",2014,39,49,1720,1,2014,0,0,,,,,"",2015-06-01,"489998","",,""
"334949971489998","171867601020004",2014,39,49,1720,2,2014,20,0,,,,,"",2015-06-01,"489998","",,""
"334949972489998","171867601020004",2014,39,49,1720,4,2014,1,0,,,,,"",2015-06-01,"489998","",,""
"334953970489998","171867849020004",2014,39,55,1176,1,2014,1,0,,,,,"",2015-06-01,"489998","",,""
"334953971489998","171867849020004",2014,39,55,1176,2,2014,1,0,,,,,"",2015-06-01,"489998","",,""
"334953972489998","171867849020004",2014,39,55,1176,4,2014,1,0,,,,,"",2015-06-01,"489998","",,""
"334956015489998","171867923020004",2014,39,87,2049,1,2014,1,0,,,,,"",2015-06-01,"489998","",,""
"334956016489998","171867923020004",2014,39,87,2049,2,2014,5,0,,,,,"",2015-06-01,"489998","",,""
"334956017489998","171867923020004",2014,39,87,2049,3,2014,10,0,,,,,"",2015-06-01,"489998","",,""
"334956018489998","171867923020004",2014,39,87,2049,4,2014,1,0,,,,,"",2015-06-01,"489998","",,""
"334949184489998","171867451020004",2014,39,91,4513,1,2014,1,20,0,1,0,0,"",2015-06-01,"489998","",,""
"334949185489998","171867451020004",2014,39,91,4513,2,2014,5,20,0,1,0,0,"",2015-06-01,"489998","",,""
"334949186489998","171867451020004",2014,39,91,4513,4,2014,0,0,,,,,"",2015-06-01,"489998","",,""
"334950238489998","171867622020004",2014,39,95,3536,1,2014,0,0,,,,,"",2015-06-01,"489998","",,""
"334950239489998","171867622020004",2014,39,95,3536,2,2014,0,0,,,,,"",2015-06-01,"489998","",,""
"334950240489998","171867622020004",2014,39,95,3536,3,2014,5,0,,,,,"",2015-06-01,"489998","",,""
"334950241489998","171867622020004",2014,39,95,3536,4,2014,1,5,0,1,0,0,"",2015-06-01,"489998","",,""
"334948896489998","171867407020004",2014,39,117,3433,1,2014,30,0,,,,,"",2015-06-01,"489998","",,""
"334948897489998","171867407020004",2014,39,117,3433,2,2014,5,0,,,,,"",2015-06-01,"489998","",,""
"334948898489998","171867407020004",2014,39,117,3433,3,2014,30,0,,,,,"",2015-06-01,"489998","",,""
"334948899489998","171867407020004",2014,39,117,3433,4,2014,10,40,0,1,0,0,"",2015-06-01,"489998","",,""
"334947778489998","171867303020004",2014,39,127,3072,1,2014,0,0,,,,,"",2015-06-01,"489998","",,""
"334947779489998","171867303020004",2014,39,127,3072,2,2014,5,0,,,,,"",2015-06-01,"489998","",,""
"334947780489998","171867303020004",2014,39,127,3072,3,2014,0,0,,,,,"",2015-06-01,"489998","",,""
"334947781489998","171867303020004",2014,39,127,3072,4,2014,0,0,,,,,"",2015-06-01,"489998","",,""
"334953076489998","171867816020004",2014,39,141,3077,1,2014,5,15,0,1,0,0,"",2015-06-01,"489998","",,""
"334953077489998","171867816020004",2014,39,141,3077,2,2014,10,10,0,0,1,0,"",2015-06-01,"489998","",,""
"334953078489998","171867816020004",2014,39,141,3077,3,2014,1,20,0,1,0,0,"",2015-06-01,"489998","",,""
"334953079489998","171867816020004",2014,39,141,3077,4,2014,1,0,,,,,"",2015-06-01,"489998","",,""
"381537278489998","251630448489998",2015,39,25,5374,1,2015,10,0,,,,,"",2016-03-25,"489998","",,""
"381537279489998","251630448489998",2015,39,25,5374,2,2015,5,1,0,1,0,0,"",2016-03-25,"489998","",,""
"381537280489998","251630448489998",2015,39,25,5374,3,2015,5,1,0,1,0,0,"",2016-03-25,"489998","",,""
"381537281489998","251630448489998",2015,39,25,5374,4,2015,1,0,,,,,"",2016-03-25,"489998","",,""
"381532206489998","171867797020004",2015,39,31,1154,1,2015,5,10,0,1,1,0,"",2016-03-25,"489998","",,""
"381532207489998","171867797020004",2015,39,31,1154,2,2015,15,25,0,1,1,0,"",2016-03-25,"489998","",,""
"381532208489998","171867797020004",2015,39,31,1154,3,2015,5,10,0,1,1,0,"",2016-03-25,"489998","",,""
"381532209489998","171867797020004",2015,39,31,1154,4,2015,20,15,0,1,1,0,"",2016-03-25,"489998","",,""
"381531629489998","171867643020004",2015,39,57,2961,1,2015,40,25,1,1,0,0,"",2016-03-25,"489998","",,""
"381531630489998","171867643020004",2015,39,57,2961,2,2015,70,5,0,1,0,0,"",2016-03-25,"489998","",,""
"381531631489998","171867643020004",2015,39,57,2961,3,2015,65,25,1,1,0,0,"",2016-03-25,"489998","",,""
"381531632489998","171867643020004",2015,39,57,2961,4,2015,5,0,,,,,"",2016-03-25,"489998","",,""
"381537602489998","251630477489998",2015,39,61,2063,1,2015,5,0,,,,,"",2016-03-25,"489998","",,""
"381537603489998","251630477489998",2015,39,61,2063,2,2015,55,0,,,,,"",2016-03-25,"489998","",,""
"381537604489998","251630477489998",2015,39,61,2063,3,2015,50,1,0,1,0,0,"",2016-03-25,"489998","",,""
"381537605489998","251630477489998",2015,39,61,2063,4,2015,15,1,0,1,0,0,"",2016-03-25,"489998","",,""
"381531876489998","171867740020004",2015,39,71,5390,1,2015,1,0,,,,,"",2016-03-25,"489998","",,""
"381531877489998","171867740020004",2015,39,71,5390,2,2015,1,0,,,,,"",2016-03-25,"489998","",,""
"381531878489998","171867740020004",2015,39,71,5390,3,2015,1,0,,,,,"",2016-03-25,"489998","",,""
"381531879489998","171867740020004",2015,39,71,5390,4,2015,1,20,0,0,1,0,"",2016-03-25,"489998","",,""
"381540810489998","251630631489998",2015,39,73,5262,1,2015,1,0,,,,,"",2016-03-25,"489998","",,""
"381540811489998","251630631489998",2015,39,73,5262,2,2015,1,0,,,,,"",2016-03-25,"489998","",,""
"381540812489998","251630631489998",2015,39,73,5262,3,2015,10,10,1,1,0,0,"",2016-03-25,"489998","",,""
"381540813489998","251630631489998",2015,39,73,5262,4,2015,5,0,,,,,"",2016-03-25,"489998","",,""
"381536642489998","251630364489998",2015,39,103,4704,1,2015,5,0,,,,,"",2016-03-25,"489998","",,""
"381536643489998","251630364489998",2015,39,103,4704,2,2015,5,5,1,0,1,0,"",2016-03-25,"489998","",,""
"381536644489998","251630364489998",2015,39,103,4704,3,2015,5,10,1,1,0,0,"",2016-03-25,"489998","",,""
"381536645489998","251630364489998",2015,39,103,4704,4,2015,0,0,,,,,"",2016-03-25,"489998","",,""
"381533626489998","171867900020004",2015,39,119,1245,3,2015,0,0,,,,,"",2016-03-25,"489998","",,""
"381531495489998","171867616020004",2015,39,135,1422,1,2015,70,0,,,,,"",2016-03-25,"489998","",,""
"381531496489998","171867616020004",2015,39,135,1422,2,2015,15,0,,,,,"",2016-03-25,"489998","",,""
"381531497489998","171867616020004",2015,39,135,1422,3,2015,70,1,0,1,0,0,"",2016-03-25,"489998","",,""
"381531498489998","171867616020004",2015,39,135,1422,4,2015,65,1,0,1,0,0,"",2016-03-25,"489998","",,""
"381534374489998","171867977020004",2015,39,145,4951,1,2015,1,35,0,1,0,0,"",2016-03-25,"489998","",,""
"381534375489998","171867977020004",2015,39,145,4951,2,2015,1,0,,,,,"",2016-03-25,"489998","",,""
"381534376489998","171867977020004",2015,39,145,4951,3,2015,1,0,,,,,"",2016-03-25,"489998","",,""
"381534377489998","171867977020004",2015,39,145,4951,4,2015,1,0,,,,,"",2016-03-25,"489998","",,""
"381532088489998","171867791020004",2015,39,157,3047,1,2015,0,0,,,,,"",2016-03-25,"489998","",,""
"381532089489998","171867791020004",2015,39,157,3047,2,2015,10,0,,,,,"",2016-03-25,"489998","",,""
"381532090489998","171867791020004",2015,39,157,3047,4,2015,20,0,,,,,"",2016-03-25,"489998","",,""
"469327586489998","306266633489998",2016,39,13,4479,1,2016,1,0,,,,,"",2017-05-11,"489998","",,""
"469327587489998","306266633489998",2016,39,13,4479,2,2016,0,0,,,,,"",2017-05-11,"489998","",,""
"469327588489998","306266633489998",2016,39,13,4479,3,2016,0,0,,,,,"",2017-05-11,"489998","",,""
"469327589489998","306266633489998",2016,39,13,4479,4,2016,0,0,,,,,"",2017-05-11,"489998","",,""
"469318085489998","306266188489998",2016,39,27,3456,1,2016,35,0,,,,,"",2017-05-11,"489998","",,""
"469318086489998","306266188489998",2016,39,27,3456,2,2016,10,10,1,0,0,0,"",2017-05-11,"489998","",,""
"469318087489998","306266188489998",2016,39,27,3456,3,2016,5,1,1,0,0,0,"",2017-05-11,"489998","",,""
"469318088489998","306266188489998",2016,39,27,3456,4,2016,20,10,1,0,0,0,"",2017-05-11,"489998","",,""
"469328162489998","306266649489998",2016,39,41,3878,1,2016,0,0,,,,,"",2017-05-11,"489998","",,""
"469328163489998","306266649489998",2016,39,41,3878,3,2016,0,0,,,,,"",2017-05-11,"489998","",,""
"469326109489998","306266580489998",2016,39,53,3579,1,2016,0,0,,,,,"",2017-05-11,"489998","",,""
"469326110489998","306266580489998",2016,39,53,3579,2,2016,5,0,,,,,"",2017-05-11,"489998","",,""
"469326111489998","306266580489998",2016,39,53,3579,3,2016,0,0,,,,,"",2017-05-11,"489998","",,""
"469326112489998","306266580489998",2016,39,53,3579,4,2016,0,0,,,,,"",2017-05-11,"489998","",,""
"469322599489998","306266465489998",2016,39,59,2204,1,2016,0,0,,,,,"",2017-05-11,"489998","",,""
"469322600489998","306266465489998",2016,39,59,2204,2,2016,0,0,,,,,"",2017-05-11,"489998","",,""
"469322601489998","306266465489998",2016,39,59,2204,3,2016,0,0,,,,,"",2017-05-11,"489998","",,""
"469322602489998","306266465489998",2016,39,59,2204,4,2016,0,0,,,,,"",2017-05-11,"489998","",,""
"469322454489998","306266461489998",2016,39,59,2535,2,2016,0,0,,,,,"",2017-05-11,"489998","",,""
"469319969489998","306266365489998",2016,39,61,2287,1,2016,5,0,,,,,"",2017-05-11,"489998","",,""
"469319970489998","306266365489998",2016,39,61,2287,2,2016,5,0,,,,,"",2017-05-11,"489998","",,""
"469319971489998","306266365489998",2016,39,61,2287,3,2016,0,0,,,,,"",2017-05-11,"489998","",,""
"469319972489998","306266365489998",2016,39,61,2287,4,2016,5,0,,,,,"",2017-05-11,"489998","",,""
"469323050489998","306266486489998",2016,39,75,1717,1,2016,0,5,0,1,0,0,"",2017-05-11,"489998","",,""
"469323051489998","306266486489998",2016,39,75,1717,2,2016,0,5,0,1,0,0,"",2017-05-11,"489998","",,""
"469323052489998","306266486489998",2016,39,75,1717,3,2016,0,0,,,,,"",2017-05-11,"489998","",,""
"469323053489998","306266486489998",2016,39,75,1717,4,2016,0,5,0,1,0,0,"",2017-05-11,"489998","",,""
"469320610489998","306266387489998",2016,39,77,3789,2,2016,0,0,,,,,"",2017-05-11,"489998","",,""
"469322143489998","306266444489998",2016,39,89,1536,3,2016,0,0,,,,,"",2017-05-11,"489998","",,""
"469321084489998","306266415489998",2016,39,105,2390,1,2016,0,0,,,,,"",2017-05-11,"489998","",,""
"469321085489998","306266415489998",2016,39,105,2390,2,2016,15,20,1,1,0,0,"",2017-05-11,"489998","",,""
"469321086489998","306266415489998",2016,39,105,2390,3,2016,0,0,,,,,"",2017-05-11,"489998","",,""
"469321087489998","306266415489998",2016,39,105,2390,4,2016,0,0,,,,,"",2017-05-11,"489998","",,""
"469319153489998","306266282489998",2016,39,107,4902,2,2016,0,0,,,,,"",2017-05-11,"489998","",,""
"469317906489998","306266171489998",2016,39,113,1116,1,2016,1,25,0,1,1,0,"",2017-05-11,"489998","",,""
"469317907489998","306266171489998",2016,39,113,1116,2,2016,1,0,,,,,"",2017-05-11,"489998","",,""
"469317908489998","306266171489998",2016,39,113,1116,3,2016,70,0,,,,,"",2017-05-11,"489998","",,""
"469317909489998","306266171489998",2016,39,113,1116,4,2016,5,0,,,,,"",2017-05-11,"489998","",,""
"469316968489998","306266116489998",2016,39,141,4924,1,2016,25,25,0,1,0,0,"",2017-05-11,"489998","",,""
"469316969489998","306266116489998",2016,39,141,4924,2,2016,10,0,,,,,"",2017-05-11,"489998","",,""
"469316970489998","306266116489998",2016,39,141,4924,3,2016,5,5,1,1,0,0,"",2017-05-11,"489998","",,""
"469316971489998","306266116489998",2016,39,141,4924,4,2016,45,1,1,1,0,0,"",2017-05-11,"489998","",,""
"469318660489998","306266244489998",2016,39,147,4302,4,2016,0,0,,,,,"",2017-05-11,"489998","",,""
"469326541489998","306266590489998",2016,39,155,4794,1,2016,10,0,,,,,"",2017-05-11,"489998","",,""
"469326542489998","306266590489998",2016,39,155,4794,2,2016,1,0,,,,,"",2017-05-11,"489998","",,""
"469326543489998","306266590489998",2016,39,155,4794,3,2016,1,0,,,,,"",2017-05-11,"489998","",,""
"469326544489998","306266590489998",2016,39,155,4794,4,2016,1,0,,,,,"",2017-05-11,"489998","",,""
"469324420489998","306266530489998",2016,39,167,2121,1,2016,1,0,,,,,"",2017-05-11,"489998","",,""
"469324421489998","306266530489998",2016,39,167,2121,2,2016,5,0,,,,,"",2017-05-11,"489998","",,""
"469324422489998","306266530489998",2016,39,167,2121,3,2016,5,0,,,,,"",2017-05-11,"489998","",,""
"469324423489998","306266530489998",2016,39,167,2121,4,2016,0,0,,,,,"",2017-05-11,"489998","",,""
"469324516489998","306266531489998",2016,39,167,3682,2,2016,0,0,,,,,"",2017-05-11,"489998","",,""
"530825048126144","375550013489998",2017,39,15,4442,1,2017,0,0,,,,,"",2018-04-17,"126144","",,""
"530825049126144","375550013489998",2017,39,15,4442,4,2017,0,5,0,1,0,0,"",2018-04-17,"126144","",,""
"530818818126144","375549848489998",2017,39,19,1299,2,2017,5,0,,,,,"",2018-04-17,"126144","",,""
"530821448126144","375549475489998",2017,39,37,1088,3,2017,0,0,,,,,"",2018-04-17,"126144","",,""
"530827922126144","375549669489998",2017,39,43,1882,1,2017,50,0,,,,,"",2018-04-17,"126144","",,""
"530827923126144","375549669489998",2017,39,43,1882,2,2017,30,0,,,,,"",2018-04-17,"126144","",,""
"530827924126144","375549669489998",2017,39,43,1882,3,2017,15,0,,,,,"",2018-04-17,"126144","",,""
"530827925126144","375549669489998",2017,39,43,1882,4,2017,35,0,,,,,"",2018-04-17,"126144","",,""
"530824244126144","375549981489998",2017,39,59,5447,1,2017,1,0,,,,,"",2018-04-17,"126144","",,""
"530824245126144","375549981489998",2017,39,59,5447,2,2017,5,5,1,0,0,0,"",2018-04-17,"126144","",,""
"530824099126144","375549978489998",2017,39,67,1501,1,2017,0,0,,,,,"",2018-04-17,"126144","",,""
"530824100126144","375549978489998",2017,39,67,1501,3,2017,0,0,,,,,"",2018-04-17,"126144","",,""
"530824101126144","375549978489998",2017,39,67,1501,4,2017,0,0,,,,,"",2018-04-17,"126144","",,""
"530826730126144","375549579489998",2017,39,69,5636,1,2017,5,0,,,,,"",2018-04-17,"126144","",,""
"530826731126144","375549579489998",2017,39,69,5636,2,2017,20,0,,,,,"",2018-04-17,"126144","",,""
"530826732126144","375549579489998",2017,39,69,5636,3,2017,65,0,,,,,"",2018-04-17,"126144","",,""
"530824819126144","375550002489998",2017,39,73,1771,1,2017,0,5,0,1,0,0,"",2018-04-17,"126144","",,""
"530824820126144","375550002489998",2017,39,73,1771,3,2017,0,0,,,,,"",2018-04-17,"126144","",,""
"530824821126144","375550002489998",2017,39,73,1771,4,2017,0,0,,,,,"",2018-04-17,"126144","",,""
"530818601126144","375549844489998",2017,39,87,1355,2,2017,10,25,1,1,1,0,"",2018-04-17,"126144","",,""
"530818602126144","375549844489998",2017,39,87,1355,3,2017,20,25,0,1,1,0,"",2018-04-17,"126144","",,""
"530818603126144","375549844489998",2017,39,87,1355,4,2017,0,20,1,1,1,0,"",2018-04-17,"126144","",,""
"530823745126144","375549512489998",2017,39,113,3539,1,2017,0,0,,,,,"",2018-04-17,"126144","",,""
"530821953126144","375549936489998",2017,39,119,2977,3,2017,5,1,0,1,0,0,"",2018-04-17,"126144","",,""
"530823746126144","375549512489998",2017,39,113,3539,2,2017,0,0,,,,,"",2018-04-17,"126144","",,""
"530821951126144","375549936489998",2017,39,119,2977,1,2017,0,0,,,,,"",2018-04-17,"126144","",,""
"530821952126144","375549936489998",2017,39,119,2977,2,2017,0,0,,,,,"",2018-04-17,"126144","",,""
"530821954126144","375549936489998",2017,39,119,2977,4,2017,0,0,,,,,"",2018-04-17,"126144","",,""
"530828255126144","375549739489998",2017,39,129,4055,1,2017,0,1,0,1,0,0,"",2018-04-17,"126144","",,""
"530828256126144","375549739489998",2017,39,129,4055,4,2017,0,5,0,1,0,0,"",2018-04-17,"126144","",,""
"530816472126144","375549770489998",2017,39,145,2326,1,2017,0,15,0,1,0,0,"",2018-04-17,"126144","",,""
"530816473126144","375549770489998",2017,39,145,2326,2,2017,0,0,,,,,"",2018-04-17,"126144","",,""
"530816474126144","375549770489998",2017,39,145,2326,3,2017,5,0,,,,,"",2018-04-17,"126144","",,""
"530816475126144","375549770489998",2017,39,145,2326,4,2017,0,10,0,1,0,0,"",2018-04-17,"126144","",,""
"530823027126144","375549962489998",2017,39,163,2417,1,2017,0,5,0,1,0,0,"",2018-04-17,"126144","",,""
"530823028126144","375549962489998",2017,39,163,2417,2,2017,0,5,0,1,0,0,"",2018-04-17,"126144","",,""
"530823029126144","375549962489998",2017,39,163,2417,3,2017,5,0,,,,,"",2018-04-17,"126144","",,""
"530823030126144","375549962489998",2017,39,163,2417,4,2017,5,5,0,1,0,0,"",2018-04-17,"126144","",,""
"657547232126144","463048805489998",2018,39,1,599,1,2018,1,0,,,,,"",2019-04-26,"126144","",,""
"657547233126144","463048805489998",2018,39,1,599,2,2018,1,0,,,,,"",2019-04-26,"126144","",,""
"657547234126144","463048805489998",2018,39,1,599,3,2018,1,5,0,1,0,0,"",2019-04-26,"126144","",,""
"657547235126144","463048805489998",2018,39,1,599,4,2018,1,0,,,,,"",2019-04-26,"126144","",,""
"657540322126144","463048962489998",2018,39,11,41,1,2018,5,0,,,,,"",2019-04-26,"126144","",,""
"657540323126144","463048962489998",2018,39,11,41,2,2018,5,0,,,,,"",2019-04-26,"126144","",,""
"657540324126144","463048962489998",2018,39,11,41,3,2018,1,0,,,,,"",2019-04-26,"126144","",,""
"657540325126144","463048962489998",2018,39,11,41,4,2018,1,0,,,,,"",2019-04-26,"126144","",,""
"657544718126144","463049170489998",2018,39,19,378,3,2018,0,0,,,,,"",2019-04-26,"126144","",,""
"657544719126144","463049170489998",2018,39,19,378,4,2018,0,0,,,,,"",2019-04-26,"126144","",,""
"657544910126144","463049176489998",2018,39,29,209,4,2018,5,15,0,1,0,0,"",2019-04-26,"126144","",,""
"657540564126144","463048985489998",2018,39,67,651,1,2018,0,5,0,1,0,0,"",2019-04-26,"126144","",,""
"657540565126144","463048985489998",2018,39,67,651,2,2018,0,0,,,,,"",2019-04-26,"126144","",,""
"657540566126144","463048985489998",2018,39,67,651,3,2018,0,10,0,1,0,0,"",2019-04-26,"126144","",,""
"657540567126144","463048985489998",2018,39,67,651,4,2018,0,0,,,,,"",2019-04-26,"126144","",,""
"657544154126144","463049144489998",2018,39,105,556,1,2018,5,1,0,0,1,0,"",2019-04-26,"126144","",,""
"657544155126144","463049144489998",2018,39,105,556,2,2018,5,5,0,1,0,0,"",2019-04-26,"126144","",,""
"657544156126144","463049144489998",2018,39,105,556,3,2018,5,10,0,1,0,0,"",2019-04-26,"126144","",,""
"657544157126144","463049144489998",2018,39,105,556,4,2018,1,0,,,,,"",2019-04-26,"126144","",,""
"657549426126144","463048680489998",2018,39,121,4839,3,2018,60,0,,,,,"",2019-04-26,"126144","",,""
"657543635126144","463049114489998",2018,39,141,691,1,2018,1,1,0,1,0,0,"",2019-04-26,"126144","",,""
"657543636126144","463049114489998",2018,39,141,691,2,2018,1,0,,,,,"",2019-04-26,"126144","",,""
"657543637126144","463049114489998",2018,39,141,691,3,2018,1,0,,,,,"",2019-04-26,"126144","",,""
"657543638126144","463049114489998",2018,39,141,691,4,2018,1,0,,,,,"",2019-04-26,"126144","",,""
"657545037126144","463049180489998",2018,39,155,542,2,2018,10,1,0,1,0,0,"",2019-04-26,"126144","",,""
"657540905126144","463049012489998",2018,39,155,866,2,2018,5,0,,,,,"",2019-04-26,"126144","",,""
"657546433126144","463048616489998",2018,39,165,644,1,2018,20,10,0,1,0,0,"",2019-04-26,"126144","",,""
"657546434126144","463048616489998",2018,39,165,644,2,2018,15,5,0,1,0,0,"",2019-04-26,"126144","",,""
"657546435126144","463048616489998",2018,39,165,644,3,2018,10,10,0,1,0,0,"",2019-04-26,"126144","",,""
"657546436126144","463048616489998",2018,39,165,644,4,2018,5,5,0,1,0,0,"",2019-04-26,"126144","",,""
